Municipality,Bylaw Name Development Charges,Farm Exemption for Development Charges,Wording of exemption,Date Bylaw Enacted (Regional),Expiry Date,Link to DC Bylaw,Bylaw Name Stormwater,Farm Exemption for Stormwater Charges,How Stormwater Fees are Calculated,Date Bylaw Enacted2 (Regional),Expiry date2,Link to Storm Water bylaw,Bylaw Name Sute Alteration,Farm Exemption for SA,Exception Wording,Date Bylaw Enacted4 (Regional),Expiry date 4,Link to site alteration & fill bylaw,Bylaw Name LGD,Has Livestock Guardian dog Definition,LDG - Definition,Herding Dog Definition Exists,Herding Dog - Definition,LDG and HD exempt from license fees,LDG and HD Collar and tag requirements,Municipal barking restrictions,LDG and HD Exempt from barking restrictions,Dog Limit,Date Bylaw Enacted 5 (Regional),Expiry Date 5,Livestock Guardian Dog bylaw link,Bylaw Name Backyard Chicken,Can you Keep Backyard Chickens,Backyard Chicken Limit,Date Bylaw Enacted 7 (Regional),Expiry Date 7,Roosters Allowed,Licence Required,Welfare Requirements,Backyard Chicken Bylaw Link,Bylaw Name Forest Conservation,Farm Exemption - Tree Cutting Bylaw,Farming Exception Wording,Date Bylaw Enacted 6 (Regional),Expiry Date 6,Tree Cutting Bylaw Link,Municipality Has Fence Bylaw,Does the fence bylaw apply to all lands,Does the fence bylaw replace the Line Fence Act in its entirely,Farm Exemption for Security fencing prohibitions,Farm Exemption for Electrified fencing prohibitions,Equal apportionment of fencing costs between neighbours,Link to Fence Bylaw
"Augusta, Tp",,,,,,,,,,,,,,,,,,,BY-LAW NUMBER 3745-2024,Yes,“Farm Work Dog” shall mean a dog that is trained and engaged in herding or acting as guardians of livestock on a farm.,No,,No,Yes,Yes,Yes,none,2024-11-25,,https://augusta.ca/wp-content/uploads/3745-2024-Canine-Control-By-Law.pdf,BY-LAW NUMBER 3576-2022,Yes,Up to 0.5ac 5Over 0.5ac 10,2022-09-26,,No,No,NOT KNOWN,https://augusta.ca/wp-content/uploads/3576-2022_Backyard-Fowl-By-Law-2.pdf,BY-LAW NUMBER 2767-2009,No,,2009-05-25,,https://augusta.ca/bylaws/2767-2009-topsoil-removal-by-law/,YES,YES,NO,,,NO,https://augusta.ca/wp-content/uploads/3407-2019-Line-Fences-By-Law.pdf
"Aurora, Tp",By-law Number 6592-24,Yes,"Exemptions: (g) agricultural uses  where: ""agricultural use"" means land, buildings or structures, excluding any portion thereof used as a dwelling unit, used or designed or intended for use for the purpose of a bona fide farming operation, including, but not limited to animal husbandry, dairying, livestock, fallow, field crops, removal of sod, forestry, fruit farming, horticulture, market gardening, pasturage, poultry keeping, equestrian facilities and any other activities customarily carried on in the field of agriculture, except the commercial storage, milling or processing of grains, seeds, livestock and products of other farming operations for the purposes of wholesaling such goods",2024-03-26,2034-03-26,https://www.aurora.ca/en/business-and-development/resources/Development-charges/2024/6592-24-Development-Charges-By-law.pdf,Aurora Stormwater Rates,NOT KNOWN,"Residential: $14.93 per unit monthly or $44.79 per unit quarterly  Commercial, industrial, multi-residential properties: $189.75 per meter monthly or $379.50 per meter bi-monthly",,,https://www.aurora.ca/en/town-services/resources/Water-and-Sewer/2024/2024_WaterBilling_Insert_FINAL-002.pdf,By-law Number 6226-19,Yes,,2019-12-10,,https://records.aurora.ca/WebLink/edoc/17807/BYLAW%20-%20Site%20Alteration%20Bylaw%20-%2020191210%20-%20622619.pdf?dbid=0&amp;repo=Public,By-law Number 6197-19,No,,No,,No,Yes,Yes,No,NOT KNOWN,2019-07-23,,https://records.aurora.ca/WebLink/DocView.aspx?id=17725&amp;dbid=0&amp;repo=Public&amp;cr=1,,,,,,,,,,By-law Number 5850-16,No,,2016-05-24,,https://records.aurora.ca/WebLink/edoc/1667/BYLAW%20-%20Private%20Tree%20Protection%20By%20law%20-%2020160524%20-%20585016.pdf?dbid=0&amp;repo=Public,YES,YES,NO,NO,YES,NO,https://www.aurora.ca/media/lwwmqdr5/6429-22-fence-pool-enclosure-by-law-unsigned.pdf
"Addington Highlands, Tp",,,,,,,,,,,,,,,,,,,BY-LAW NO. 0143/2004,No,,No,,No,Yes,Yes,No,,2004-02-16,,https://addingtonhighlands.ca/residents/by-laws/dog-cat/,,,,,,,,,,By-law No. 0599/2019,No,,2019-12-19,,https://addingtonhighlands.civicweb.net/filepro/documents/search/?keywords=tree&amp;location=108&amp;preview=55619,YES,YES,YES,YES,YES,NO,https://addingtonhighlands.ca/residents/by-laws/fence/
"Adelaide-Metcalfe, Tp",By-Law 57-2022Development Charges,Yes,"SECTION 3.8 Other Exemptions: (a) Notwithstanding the provision of this by-law, development charges shall not be imposed with respect to : (ii) non-residential farm buildings; (iii) and a temporary building or structure.",2023-01-01,2028-01-01,https://www.adelaidemetcalfe.on.ca/sites/default/files/2022-11/2022-57%20Development%20Charges.pdf,,,,,,,BY-LAW NO 24-2016,No,,2016-12-14,,https://tarbutt.ca/wp-content/uploads/2023/11/24-2016-Topsoil-Removal.pdf,BY-LAW 2023-44Animal Control,Yes,,No,,No,Yes,No,Yes,6,2023-07-17,,https://www.adelaidemetcalfe.on.ca/sites/default/files/2023-09/2023-44%20Animal%20Control%20Bylaw.pdfhttps://www.adelaidemetcalfe.on.ca/sites/default/files/2023-09/2023-44 Animal Control Bylaw.pdf,By-Law No. 44 of 2023,Yes,,2023-07-17,,,,2;3;4,https://www.adelaidemetcalfe.on.ca/sites/default/files/2023-09/2023-44%20Animal%20Control%20Bylaw.pdf,,,,,,,NO,,,,,,
"Adjala-Tosorontio, Tp",By-Law Number 21-84,Yes,3.10 (b) The development of non-residential farm buildings constructed for bona-fide farm uses except for any building constructed to accommodate an On-Farm business which shall be considered an industrial building.,2021-10-12,2026-10-12,https://www.adjtos.ca/en/our-government/resources/Documents/By-laws/By-Law-21-84-Imposition-of-Development-Charges.pdf,,,,,,,,,,,,,By-law 11-25,Yes,"a dog that is specifically recognized and used to work and/or live with domestic farm animals, without causing them harm while aggressively repelling predators and is used exclusively for that purpose.",No,,Yes,Yes,Yes,Yes,NOT KNOWN,2019-07-10,,https://www.adjtos.ca/en/our-government/resources/Documents/By-laws/By-law-11-25---Canine-Control-By-law-Consolidated.pdf,,,,,,,,,,,,,,,,YES,YES,NO,NO,NO,,https://www.adjtos.ca/en/our-government/resources/Documents/By-laws/05-40.pdf
"Admaston/Bromley, Tp",,,,,,,,,,,,,,,,,,,By-Law No. 2014-32,No,,No,,No,Yes,No,,none,2014-09-04,,https://admastonbromley.com/wp-content/uploads/2023/02/2014-32-By-Law-Animal-Control.pdf,BY-LAW NO. 2023-61,Yes,under 0.6 acres: 40.6-1.2 acres: 61.2-2.4 acres: 82.4-4.9 acres: 10over 4.9: 12,2024-01-01,,No,Yes,2;3;4;5,https://admastonbromley.com/wp-content/uploads/2024/01/2023-61-Backyard-Chickens.pdf,BY-LAW NO. 2019-17,No,,2019-03-07,,https://admastonbromley.com/wp-content/uploads/2019/05/2019-17-Tree-Canopy-Policy.pdf,YES,YES,NO,YES,YES,,https://admastonbromley.com/wp-content/uploads/2024/07/By-Law-2006-31.pdf
"Ajax, Tp",BY-LAW NUMBER 13 – 2025,Yes,"This by-law shall not apply to land, or any part thereof, that is: used for the purposes of the development of a farm building used for bona fide agricultural operations",2025-02-01,,https://www.ajax.ca/en/inside-townhall/resources/Finance/By-law-13-2025-2024-Development-Charges-Background-Study-and-By-law.pdf,BY-LAW 16-2023,No,Non-Residential Annual Stormwater Fee per 192m2 impervious area: $49.60,2023-04-17,,https://imo.ajax.ca/36343/widgets/149950/documents/103531,38-2021,,"This By-law shall not apply to: (f) The removal of topsoil as an incidental part of normal agricultural practices, but not including the removal of topsoil for sale, exchange or other disposition.",2021-06-01,,"https://www.ajax.ca/Modules/bylaws/Bylaw/Download/f6898631-32b9-4ad8-803f-a43a1c61b734:~:text=BY,or%20dumping%20of%20fill%2C%20the",BY-LAW NUMBER 48-2017,No,,No,,No,Yes,Yes,No,NOT KNOWN,2017-06-26,,https://www.ajax.ca/Modules/Bylaws/Bylaw/Download/1d18be84-8f82-4259-91a1-f8ea30eb8751,BY-LAW NUMBER 56-2021,No,,2021-09-21,,,,,https://www.ajax.ca/Modules/Bylaws/Bylaw/Download/5418a33f-f0ed-484f-a6c4-2aed9f891604,BY-LAW NUMBER 137-2006,Yes,"5.1 In addition to the exemptions set out in Section 135(12) of the Act, this by-law shall not apply to; (d) The injury or destruction of up to 5 trees each calendar year by a farmer where the injury or destruction of a tree occurs as an integral component of an active farm operation;  7. ISSUANCE OF A PERMIT 7.1 The Director shall review all completed applications and may issue a Permit in the following circumstances: (e) Activities undertaken by a farmer where the destruction of a tree occurs as an integral component of an active farm operation; or,",2006-10-10,,https://www.ajax.ca/Modules/Bylaws/Bylaw/Download/7b15547e-5e9a-4953-af97-63e65b2b215d,YES,NO,YES,YES,YES,YES,"https://canadacommons.ca/artifacts/3504209/the-corporation-of-the-town-of-ajax/4304980/:~:text=By%2Dlaw%2037%2D2017%20of,work%20and%20the%20adjoining%20owner."
"Alberton, Tp",,,,,,,,,,,,,,,,,,,,,,,,,,,,,,,,,,,,,,,,,,,,,,,NO,,,,,,
"Alfred and Plantagenet, Tp",BY-LAW 2023-46,No,,2023-07-23,2033-07-23,https://www.alfred-plantagenet.com/en/township-hall/by-laws.aspxDevelopment-Charges,,,,,,,,,,,,,BY-LAW 2023-05,No,,No,,No,Yes,Yes,No,NOT KNOWN,2023-01-17,,https://www.alfred-plantagenet.com/en/township-hall/by-laws.aspxAnimal-Control-and-Dog-Licensing-Fees,By-law 2013-53,Yes,,,,No,Yes,2;3;4,https://www.alfred-plantagenet.com/en/township-hall/resources/Documents/Hen-Coop-Permit-App.pdf,,,,,,,NO,,,,,,
"Algonquin Highlands, Tp",,,,,,,,,,,,,,,,,,,By-Law 2024-18,No,,No,,No,Yes,No,,none,,,https://www.algonquinhighlands.ca/media/rwcbct1y/2024-18-dog-control-by-law-acc.pdf,,,,,,,,,,,,,,,,NO,,,,,,
"Alnwick/Haldimand, Tp",By-law No. 47-2023,No,"Notwithstanding clause 2 a) above, this by-law does not apply to the development of land that is owned by and used for the purpose of: vi) land, buildings, or structures for agricultural use which do not receive municipal sanitary sewer or water supply services",2023-05-02,,https://static1.squarespace.com/static/65aadb1c11c5f35982ba4f5f/t/66058eb3aeb52a27c23df771/1711640243630/BL+47-2023+-+Development+Charges.pdf,,,,,,,BY-LAW NO. 55-2011,No,,2011-04-20,,given by emailhttp://given by email,BY-LAW NO. 133-2019,No,,No,,No,Yes,No,,none (limit of 3 is exempt for Agricultural property),,,https://www.ahtwp.ca/en/township-government/resources/Documents/BL-133-2019-Animal-Control.pdf,,,,,,,,,,,,,,,,NO,,,,,,
"Amaranth, Tp",By-Law No. 40-2024,Yes,"3.7  a i) Non-residential farm buildings constructed for bona fide farm uses.  Definition of bona fide farm uses: ""means the proposed development that will qualify as a farm business operating with a valid Farm Business Registration Number issued by the Ontario Ministry of Agriculture, Food and Rural Affaird and be assed in the Farmland Reality Tax Class by the Ontario Property Assessment Corporation""",2019-08-31,2024-08-31,https://www.amaranth.ca/media/hp0drppq/by-law-40-2024-development-charges.pdf,,,,,,,BY-LAW NUMBER 65-2009,No,,2009-12-09,,https://www.amaranth.ca/en/municipal-government/resources/By-laws/Site-Alteration-Office-Consolidation---November-2017.pdf,BY-LAW 45-2005,No,,No,,No,Yes,No,,none,2005-08-17,,https://www.amaranth.ca/en/municipal-government/resources/By-laws/45-2005---License-and-Registering-Dogs.pdf,,,,,,,,,,,,,,,,NO,,,,,,
"Amherstburg, Tp",BY-LAW NO. 2024-085,Yes,"The development of non-residential farm buildings constructed for bonafide farm uses, excluding cannabis production facilities and commercial greenhouses",2025-01-01,2034-12-31,https://www.amherstburg.ca/en/town-hall/resources/Planning-Department/2019-083---Development-Charges-By-law.pdf,,,,,,,BY-LAW NO. 2025-033,Yes,"Site Alterations incidental to a Normal Farm Practice that is legally established under the Town’s Zoning By-law, including the application of Topsoil for spreading over Agricultural Property provided that the Existing Grade of the Property is not increased by more than 200 millimetres at any given point. This exception is only available to those Owners or Properties that have an active registration as a ""farming business"" as defined in the Farm Registration and Farms Organization Funding Act (""FRFOFA""), and are in good standing under the FRFOFA",2025-05-01,,"https://pub-amherstburg.escribemeetings.com/filestream.ashx?DocumentId=19968:~:text=THE%20CORPORATION%20OF%20THE%20TOWN,IN%20THE%20TOWN%20OF%20AMHERSTBURG",BY-LAW 2022-008,No,,No,,No,Yes,Yes,No,NOT KNOWN,2022-02-28,,https://www.amherstburg.ca/en/town-hall/resources/Bylaws/2022-008---Keeping-of-Animals.pdf,BY-LAW NO. 2022-008,No,,2022-02-28,,,,,https://www.amherstburg.ca/en/town-hall/resources/DOGS/2022-008---Keeping-of-Animals.pdf,BY-LAW NUMBER 2018-106,No,,2018-11-26,,https://www.amherstburg.ca/en/live-and-play/resources/Documents/2018-106-Public-Tree.pdf,YES,YES,NO,YES,YES,,https://www.amherstburg.ca/media/wopjv3rf/2022-027-fence-by-law-rm.pdf
"Armour, Tp",,,,,,,,,,,,,BY-LAW 41-2010,No,,2010-10-12,,https://irp-cdn.multiscreensite.com/20e551fd/files/uploaded/Bylaw-Site_Alteration.pdf,BY-LAW 18-2023,No,,No,,No,Yes,Yes,No,,2023-04-11,,https://irp.cdn-website.com/20e551fd/files/uploaded/Animal%20Control%20Bylaw.pdf,,,,,,,,,,BY-LAW 17-2019,No,,2019-02-26,,https://irp-cdn.multiscreensite.com/20e551fd/files/uploaded/Bylaw-Tree_Canopy_Policy.pdf,NO,,,,,,
"Armstrong, Tp",,,,,,,,,,,,,,,,,,,BY-LAW NO. 2022-47,Yes,"a dog that works and/or lives with domestic farm animals (e.g., cattle, sheep, poultry) to protect them while repelling predators and is used exclusively for that purpose.",Yes,a dog that has been trained and is actively being used in a bona fide farming operation for the purpose of controlling livestock on the farm.,No,Yes,Yes,Yes,4 (agricultural zones),2023-01-11,,https://www.armstrongtownship.com/uploads/documents/by-laws/By-Law%202022-47%20Animal%20Control%20-%20Second%20and%20Final%20Reading%20and%20repeal%202006-18.pdf,By-Law 2022-47Animal Control,No,,2023-01-11,,No,,,https://www.armstrongtownship.com/uploads/documents/by-laws/By-Law%202022-47%20Animal%20Control%20-%20Second%20and%20Final%20Reading%20and%20repeal%202006-18.pdf,tree canopy exists,,,,,,NO,,,,,,
"Arnprior, Tp",By-law No. 7369-23,No,,2023-03-13,2032-03-13,https://www.arnprior.ca/en/building-and-planning/resources/By-Law---7369-23---Adopt-Development-Charges-By-Law.pdf,,,,,,,,,,,,,"By-law Number 5991-11, as amended by Bylaw 6149-12",No,,No,,No,Yes,Yes,No,NOT KNOWN,2011-07-11,,https://www.arnprior.ca/en/town-hall/resources/Documents/By-Laws/Animal-control-By-law-(Accessible-ms).pdf,By-law Number 5991-11Animal Control,No,,2011-07-11,,,,,https://www.arnprior.ca/en/town-hall/resources/Documents/By-Laws/Animal-control-By-law-(Accessible-ms).pdf,,,,,,,NO,,,,,,
"Arran-Elderslie, M",,,,,,,,,,,,,,,,,,,BY-LAW NO. 40-2019,No,,No,,Yes,Yes,Yes,No,none. 3 if not a working dog.,,,https://www.arran-elderslie.ca/en/municipal-services/resources/Documents/40-19---Animal-Control-By-law.pdf,BY-LAW NO. 40-2019Animal Control,No,,,,,,,https://www.arran-elderslie.ca/en/resources/RFPTenders-/40-19---Animal-Control-By-law.pdf,,,,,,,NO,,,,,,
"Ashfield-Colborne-Wawanosh, Tp",BY-LAW NUMBER 68-2022Imposition of Development Charges,Yes,"Other ExceptionsThe development of non-residential farm buildings constructed for bona fidefarm uses, being that which operates with a valid Farm Business RegistrationNumber and is assessed in the Farmland Realty Tax Class.",2022-11-20,2027-11-20,https://acwtownship.ca/content/government/by-laws/building-and-property/68-2022-development-charges.pdf,,,,,,,BY-LAW NUMBER 28-2023,Yes,"2.2 This By-law does not apply to: (g) Agricultural Lands ""agricultural lands"" includes all lands designated as an agricultural zone under the provisions of the Town's zoning By-law;",2023-03-20,,https://acwtownship.ca/content/government/by-laws/building-and-property/28-2023-site-alteration-by-law.pdf,BY-LAW NUMBER 30-2022,Yes,"a Dog that works and/or lives with domestic farm animals (e.g. cattle, sheep, poultry) to protect them by repelling predators and is used exclusively for that purpose.",Yes,a Dog that has been trained and is actively being used in a bona fide farming operation for the purposes of controlling Livestock on the farm.,,Yes,Yes,No,"none4.6 In a rural area, a person may Harbour more than five (5) Dogs on a property without a Kennel License, provided, (a) the person is keeping Livestock upon the same property; (b) the property is zoned agricultural pursuant to the Municipality's Zoning Bylaw, By-law 32-2008, as amended; and, (c) the Dogs are Livestock Guardian Dogs and or Herding Dogs.",2022-04-05,,https://acwtownship.ca/content/government/by-laws/animal-control/30-2022-animal-control.pdf,By-law 30-2022Animal Control,Yes,,2022-04-05,,,,2;3;4;6,https://acwtownship.ca/content/government/by-laws/animal-control/30-2022-animal-control.pdf,BY-LAW NO. 38-2013,No,,2013-05-21,,https://www.huroncounty.ca/wp-content/uploads/2014/07/By-law38-2013.pdfhttps://www.huroncounty.ca/wp-content/uploads/2014/07/By-law38-2013.pdf,YES,NO,NO,YES,YES,,https://acwtownship.ca/content/government/by-laws/building-and-property/residential-fences-by-law-21-2006.pdf
"Asphodel-Norwood, Tp",BY-LAW NUMBER 2023-64,Yes,Other Exemptions (c) Non-residential farm buildings;,2024-01-01,,https://www.antownship.ca/en/township-services/resources/Documents/PDF-Docs/By-laws/2023-64-DC-Services-related-to-a-Highway.pdf,,,,,,,,,,,,,BY-LAW NUMBER 2022-48,Yes,"a dog that works and/or lives with domestic farm animals, in a bona fide farming operation, to protect them while repelling predators and is used exclusively for that purpose.",Yes,a dog that has been trained and is actively being used in a bona fide farming operation for the purposes of controlling livestock on the farm.,Yes,No,Yes,Yes,none,2022-11-08,,https://www.antownship.ca/Modules/Bylaws/Bylaw/Download/cc0b4142-01a1-4df4-ae77-6272f250880d,BY-LAW NUMBER 2017-46,No,,2017-07-25,,,,,https://www.antownship.ca/en/township-services/resources/Documents/By-laws/By-law2017-46DangerousAnimals.pdf,,,,,,,YES,YES,NO,YES,YES,,https://www.antownship.ca/Modules/Bylaws/Bylaw/Download/e6a30f4e-43bd-41e1-929d-97220a3acf11
"Assiginack, Tp",,,,,,,,,,,,,,,,,,,BY-LAW 21-15,No,,No,,No,Yes,Yes,No,,,,https://www.assiginack.ca/wp-content/uploads/2022/10/Animal-Control-By-law-21-15.pdf,By-law  2020-09,Yes,Other,2020-07-07,,No,No,2;3;4;5;11,https://www.assiginack.ca/wp-content/uploads/2023/05/backyard-chickens-by-law_-2020-09.pdf,,,,,,,NO,,,,,,
"Athens, Tp",,,,,,,,,,,,,,,,,,,BY-LAW  00-01-03,No,,No,,No,Yes,Yes,No,NOT KNOWN,2001-01-01,,https://www.athenstownship.ca/doocuments/by-laws/16-bylaw-dog/file,,,,,,,,,,,,,,,,NO,,,,,,
"Atikokan, Tp",,,,,,,,,,,,,,,,,,,BY-LAW NO. 11-05,No,,No,,No,Yes,Yes,No,none,2005-12-19,,https://atikokan.ca/wp-content/uploads/2022/07/by-law-no-11-05.pdf,,,,,,,,,,,,,,,,YES,YES,NO,NO,,NO,https://atikokan.ca/wp-content/uploads/2023/05/23-07-for-website.pdf
"Aylmer, Tp",BY-LAW NO. 29-17RESIDENTIAL DEVELOPMENTCHARGES BY-LAW,No,,2021-11-21,2026-12-31,"https://aylmer.ca/town-hall/planning-and-development/development-charges/:~:text=Town%20of%20Aylmer%20By,ending%20on%20December%2031%2C%202026",,,,,,,BY-LAW NUMBER 45-23,No,,2023-07-12,,https://aylmer.ca/wp-content/uploads/2023/07/Town-Of-Aylmer-Site-Alteration-By-Law.pdf,BY-LAW NO. 09-06,No,,No,,No,7,No,No,"No land, building or structure in the Town of Aylmer shall be used for the keeping of more than three dogs, three cats or three of any other permitted animal, except in an animal clinic or retail store selling cats or dogs, or a legally licensed and registered Kennel.",2006-02-27,,https://aylmer.ca/wp-content/uploads/2021/01/By-Law09-06-Animals.pdf,BY-LAW NO. 09-06Animals and Dogs,Yes,"Section GENERAL 10.No person shall keep or permit to be kept any domestic fowl or livestock within the Town of Aylmer except upon lands and premises where the keeping of same is a permitted use, in accordance with Section 34 of the Planning Act, c. P.12., as amended, or a predecessor thereof.",2006-02-21,,No,No,,https://aylmer.ca/wp-content/uploads/2021/12/Animals-Control-By-Law-Office-Consolidation.pdf,2013 Tree ManagementPolicy,No,,2013-05-01,,https://aylmer.ca/wp-content/uploads/2021/01/Town-of-Aylmer-Tree-Management-Policy.pdf,YES,YES,YES,YES,YES,YES,"https://aylmer.ca/wp-content/uploads/2021/01/Bylaw23-17.pdf:~:text=%5BPDF%5D%20BY,in%20any%20agricultural%20zone%20as"
"Baldwin, Tp",,,,,,,,,,,,,,,,,,,,,,,,,,,,,,,,,,,,,,,,,,,,,,,NO,,,,,,
"Bancroft, Tp",,,,,,,,,,,,,,,,,,,BY-LAW NO. 85-2022,Yes,"a dog that works and/or lives with domestic farm animals (e.g., cattle, sheep, poultry) to protect them while repelling predators and issued exclusively for that purpose.",Yes,a dog that has been trained and is actively being used in a bona fide farming operation for the purposes of controlling livestock on the farm.,Yes,No,Yes,Yes,none,2022-09-13,,https://bancroft.civicweb.net/filepro/documents/59492/?preview=108981,,,,,,,,,,BY-LAW NO. 07-2019,No,,2019-03-12,,https://bancroft.civicweb.net/filepro/documents/search/search?keywords=woodland&amp;page=1&amp;preview=54518,NO,,,,,,
"Barrie, C",By-law 2023-074,No,,2023-06-21,2033-06-21,https://www.barrie.ca/media/3950,,,,,,,By-law 2014-100,No,,2014-08-25,,https://www.barrie.ca/media/3973,By-law 2010-035,No,,No,,No,Yes,No,,NOT KNOWN,2010-02-22,,https://www.barrie.ca/media/3941,By-law 2010-035Exotic Animals,No,,2010-02-22,,,,,https://www.barrie.ca/media/3941,BY-LAW NUMBER 2014-115,No,,2014-09-15,,https://www.barrie.ca/media/3984,NO,,,,,,
"Bayham, M",By-law No. 2022-067,Yes,"""Notwithstanding any other provision of this by-law, development charges shall not be imposed with respect to:  (i) Non-residential uses""",2023-10-06,2027-10-07,https://laserfiche.bayham.on.ca/WebLink/DocView.aspx?id=429264&amp;dbid=0&amp;repo=BAYHAM,,,,,,,,,,,,,BY- LAW NO. 2023- 011,No,,No,,No,Yes,No,,"2.2 No person shall keep more than three (3) dogs in any one dwelling unit or on any premises in all other areas of the Municipality, unless otherwise designated as a kennel.",2023-03-16,,https://laserfiche.bayham.on.ca/WebLink/PDF10/2e50a717-64ec-48c8-9385-a67a29aaaf5b/444409,BY-LAW 2015-070,No,Chickens must be for livestock purposes. No direct number stated here.,2015-06-18,,,,2;3;4;8;9,https://laserfiche.bayham.on.ca/WebLink/PDF10/051e9963-9b56-43c4-980e-c44af8bbfedc/23551,By-Law No. 05-03,No,,,,https://www.elgincounty.ca/wp-content/uploads/2023/02/Woodlands-Conservation-Consolidated-By-Law-June-9-2021.pdfhttps://www.elgincounty.ca/wp-content/uploads/2023/02/Woodlands-Conservation-Consolidated-By-Law-June-9-2021.pdf,NO,,,,,,
"Beckwith, Tp",BY-LAW NUMBER 2024-31,Yes,"Notwithstanding the provision of this by-law, development charges shall not be imposed with respect to: a) Place of Worship; and b) Agricultural use for bona fide farming purposes.",2024-04-05,,https://beckwith.civicweb.net/filepro/documents/108/,,,,,,,,,,,,,BY-LAW 2021-63,No,,No,,No,Yes,Yes,Yes,NOT KNOWN,2021-12-07,,https://beckwith.civicweb.net/filepro/documents/108/?preview=2197,BY-LAW 2021-63Licensing &amp; Regulating Dogs and Other Animals,Yes,6,2021-12-07,,No,No,2;3;4;5,https://beckwith.civicweb.net/filepro/document/2197/By-law%202021-63%20Licensing%20Regulating%20and%20Keeping%20of%20Dogs%20and%20other%20Animals.pdf,,,,,,,NO,,,,,,
"Belleville, C",By-Law Number 2021-201,Yes,4. (1) h) a non-residential farm building,2021-12-13,2026-12-13,https://www.belleville.ca/en/city-hall/resources/Documents/Finance-Documents/BL-2021-201.pdf,,,,,,,,,,,,,BY-LAW NUMBER 2005-206,No,,No,,No,Yes,Yes,No,NOT KNOWN,2005-12-12,,"ge 2“Dwelling Unit” shall mean a room or suite of two or more rooms designed or intendedfor use by an individual or family in which culinary and sanitary conveniences areprovided for the exclusive use of such individual or family and with a privateentrance from outside the building or from a common hallway or stairway inside,but does not include a hotel, motel, boarding, rooming ahttp://ge 2“Dwelling Unit” shall mean a room or suite of two or more rooms designed or intendedfor use by an individual or family in which culinary and sanitary conveniences areprovided for the exclusive use of such individual or family and with a privateentrance from outside the building or from a common hallway or stairway inside,but does not include a hotel, motel, boarding, rooming a",,,,,,,,,,,,,,,,NO,,,,,,
"Billings, Tp",,,,,,,,,,,,,,,,,,,BY-LAW 2020-24,No,,No,,,,Yes,No,NOT KNOWN,2020-09-20,,https://billingstwp.ca/wp-content/uploads/2020-24-Dog.pdf,By-Law No. 2022-29,Yes,6,2022-09-19,,No,Yes,2;3;4;5,https://billingstwp.ca/wp-content/uploads/2022-29-Backyard-Chicken-Bylaw-Office-Consolidation-2.pdf,Tree Canopy and Natural Vegetation Policy,No,,2019-02-08,,https://billingstwp.ca/wp-content/uploads/2019-08-Tree-Canopy-Policy_Feb-8-2019-Billings.pdf,NO,,,,,,
"Black River-Matheson, Tp",,,,,,,,,,,,,,,,,,,,,,,,,,,,,,,,,,,,,,,,,,,,,,,YES,YES,NO,YES,YES,NO,https://www.twpbrm.ca/media/qoeltywq/fences.pdf
"Blandford-Blenheim, Tp",By-law 2436-2024,Yes,See SECTION 3 - APPLICABLE LANDS (3) a)(3) This by-law shall not apply to: (a) Farm Buildings as defined herein; (b) Non-Residential Buildings as defined herein;,2025-06-05,,https://www.blandfordblenheim.ca/news/posts/notice-of-passing-of-municipal-wide-development-charges-by-law-amendment/,,,,,,,BY-LAW NUMBER 1915-2015,No,,2015-07-08,,https://www.blandfordblenheim.ca/en/township/resources/By-Laws/1915-2015RegulateFillCouncilJuly82015.pdf,BY-LAW NUMBER 2275-2021,Yes,a dog that works and/or lives with domestic farm animals to protect them while repelling predators and is used exclusively for that purpose;,Yes,a dog that has been trained and is actively being used in a bona fide farming operation for the purposes of controlling livestock on the farm;,No,No,Yes,No,"34.4.If more than three livestock guardian dogs or herding dogs are required, written permission must be obtained from the Township office.",2020-03-18,,https://www.blandfordblenheim.ca/en/township/resources/By-Laws/Consolidated-2275-2021-Animal-Care-and-Control.pdf,,,,,,,,,https://www.blandfordblenheim.ca/en/township/resources/By-Laws/Consolidated-2275-2021-Animal-Care-and-Control.pdf,,,,,,,YES,YES,NO,YES,YES,NO,https://www.blandfordblenheim.ca/media/2mdiepcx/2015-2019-fence.pdf
"Blind River, T",,,,,,,,,,,,,,,,,,,BY-LAW NO. 19-26,No,,No,,No,Yes,No,,"none for agricultural purposes, 4 otherwise",2019-04-15,,https://www.blindriver.ca/en/town-hall/resources/Documents/19-26-Regulate-Animals.pdf,,,,,,,,,,,,,,,,NO,,,,,,
"Bluewater, M",By-law 86-2022,Yes,"the development of non-residential farm buildings constructed for bona fide farm uses, being that which operates with a valid Farm Business Registration Number and is assessed in the Farmland Realty Tax Class.",2022-08-11,2027-08-19,https://www.municipalityofbluewater.ca/media/zuchw2wd/20220811-cs-bl-86-2022-development-charges-by-law.pdf,,,,,,,,,,,,,By-law 34-2015,Yes,"a dog that works and/or lives with domestic farm animals (e.g. cattle, sheep, poultry) to protect them by repelling predators and is used exclusively for that purpose.",Yes,a dog that has been trained and is actively being used in a bona fide farming operation for the purposes of controlling livestock on the farm.,No,Yes,Yes,No,none for agricultural,2015-03-16,,https://www.municipalityofbluewater.ca/municipal-office/by-laws/animal-control-by-law/,,,,,,,,,,,Other,,,,SEE HURON COUNTY BYLAWhttp://SEE HURON COUNTY BYLAW,NO,,,,,,
"Bonfield, Tp",,,,,,,,,,,,,,,,,,,BY-LAW 2024-29,Yes,“Farm Dog” or “Farm Cat” means a dog that is trained and kept for the purpose of controlling or protecting livestock and poultry or a cat that is kept for the purpose of rodent control within a privately owned barn or farm building,No,,No,No,Yes,No,2 (farm dogs exempt from this limit),2024-04-30,,https://bonfieldtownship.com/uploads/Animal%20Control/8.b%202024-29%20Animal%20Control%20By-law-5.pdf,,,,,,,,,,,,,,,,YES,YES,NO,NO,NO,NO,"https://bonfieldtownship.com/uploads/documents/By-Laws,%20Policies%20&amp;%20Plans/2004-29-Prescribing-Fence-Heights.pdf"
"Bonnechere Valley, Tp",,,,,,,,,,,,,,,,,,,BY-LAW NUMBER 2005-36,No,,No,,No,Yes,Yes,No,,2005-06-13,,https://www.bonnecherevalleytwp.com/download.php?dl=YToyOntzOjI6ImlkIjtzOjI6IjUzIjtzOjM6ImtleSI7aTo0O30=,BY-LAW NUMBER 2005-36 Pet By-law,No,,,,,,,https://www.bonnecherevalleytwp.com/download.php?dl=YToyOntzOjI6ImlkIjtzOjI6IjUzIjtzOjM6ImtleSI7aTo0O30=,,,,,,,NO,,,,,,
"Bracebridge, Tp",BY-LAW NO. 2024-034,Yes,9.3. Non-residential farm buildings constructed for bona fide farm uses.,2024-06-12,,https://bracebridge.civicweb.net/document/29189/,,,,,,,,,,,,,BY-LAW NO. 2013-078,No,,No,,No,Yes,No,,none,2014-01-22,,https://bracebridge.civicweb.net/document/13301/,BY-LAW NO. 2002-76Exotic and Wild Animal Control,No,,,,,,,https://bracebridge.civicweb.net/document/10855/,BY-LAW NO. 2008-130,Yes,"9. Other Exempt Activities 9.2. The injury or destruction of trees, subject to the Farming and Food Production Protection Act, 1998, to continue or enlarge an agricultural operation. For the purposes of this Section, agricultural operations include tree farms of any kind;",2008-12-22,,https://bracebridge.civicweb.net/document/2702/,YES,YES,NO,YES,YES,NO,https://www.bracebridge.ca/town-services/building-services/building-a-fence/
"Bradford West Gwillimbury, Tp",By-law 2025-87,Yes,"EXEMPTIONS FOR CERTAIN BUILDINGS18. 1) d) a non-residential farm building, save and except for the gross floor area within a greenhouse that is used for the purposes of carrying on retail sales",2025-09-03,,https://www.townofbwg.com/Website-Documents/4_Town-Hall/Budget-and-Finances/DC-Pamphlet-Sep-3-2025.pdf,,,,,,,By-Law 2017-33,No,,2017-04-04,2027-04-04,https://www.townofbwg.com/en/town-hall/fill-and-site-alteration-by-law-2017-33.aspx18-Force-and-Effect,By-Law Number 2019-109,No,,No,,No,Yes,Yes,No,NOT KNOWN,2019-12-17,,https://www.townofbwg.com/en/town-hall/animal-control-by-law.aspx,Animal Control By-law - Backyard Chickens,,,2019-12-17,,,,,https://www.townofbwg.com/en/town-hall/animal-control-by-law.aspxBackyard-Chickens,tree canopy avail,,,,,,YES,NO,YES,YES,YES,YES,https://www.townofbwg.com/en/town-hall/fences.aspx
"Brampton, C",BY-LAWNumber 133-2019,Yes,"21. Agricultural uses, as well as farm buildings and other ancillary development to an agricultural use, excluding any residential or commercial uses, shall be exempt from the provisions of this by-law.",2025-08-01,2024-06-19,https://www.brampton.ca/EN/Business/planning-development/Development-Charges/Documents/Development%20Charges/Current%20Development%20Charges.pdf,BY-LAW 82-2020,No,"SCHEDULE ""A""total stormwater billing unit x $89",2020-05-27,,https://www1.brampton.ca/EN/residents/Stormwater/documents/by-law-82-2020.pdf,By-law 143-95,No,,,,https://www1.brampton.ca/EN/City-Hall/Bylaws/All%20Bylaws/Fill%20By-law%20143-95.pdf,By-law 201-2023,Yes,"a Dog that works and/or lives with domestic farm Animals, including but not limited to sheep, cattle, and poultry, to protect them while repelling predators and is used exclusively for that purpose;",Yes,a Dog that has been trained and is actively being used in a bona fide farming operation for the purposes of controlling livestock on the farm;,No,No,No,,NOT KNOWN,2023-11-22,,https://www1.brampton.ca/EN/City-Hall/Bylaws/All%20Bylaws/Animal%20Services%20By-law%20201-2023.pdf,By-law 201-2023Animal Services,Yes,"2 with no license, 10 with license",2023-11-22,,No,Other,2;3;4;5,https://www1.brampton.ca/EN/City-Hall/Bylaws/All%20Bylaws/Animal%20Services%20By-law%20201-2023.pdf,By-law 317-2012,No,,2012-11-14,,https://www1.brampton.ca/EN/City-Hall/Bylaws/All%20Bylaws/Trees.pdf,YES,YES,YES,Other,Other,YES,(n/a – available via City Clerk)
"Brant, Co",BY-LAW NUMBER 109-24,Yes,This by-law shall not apply to land that is owned by and used for the purposes of: (c) a non-residential farm building;(d) a farm bunk house.,2024-06-05,,https://www.brant.ca/en/planning-and-Development/Bylaw-109-24-Development-Charges.pdf,,,,,,,BY-LAW NUMBER 87-24,Yes,"This By-law does not apply to:  k) the removal of Topsoil as an incidental part of a Normal Farm Practice as defined in the Farming and Food Production Protection Act, 1998, S.O. 1998, c.1., including such removal as an incidental part of sod-farming, greenhouse operations and nurseries for horticultural products but not including the removal of Topsoil for sale, exchange or other disposition; l) replacement of Topsoil for restoration of Agricultural Lands used for normal agricultural practices and which is an incidental part of sod farming, greenhouse operations, and nurseries for horticultural practices and which shall not exceed one thousand (1,000) cubic metres annually and which shall not result in a landform change of more than 0.2m, or at the discretion of the Director; m)the placement or Dumping of Fill as a nutrient management activity for agricultural practices in compliance with the Nutrient Management Act, 2002;",2024-09-24,,"https://www.brant.ca/en/bylaws-and-animal-services/resources/Documents/2024-09-24-Site-Alteration-Bylaw-Update.pdf:~:text=%5BPDF%5D%202024%2009%2024%20Site,2%29%20of%20the",BY-LAW NUMBER 174-10,No,,No,,No,Yes,No,,"6the person is keeping sheep upon the same premises, the premises is on land that is zoned agricultural, the person provides proof of registration issued in their name by the Ontario Sheep Marketing Agency, and the number of dogs being kept at the premises does not exceed six (6) dogs, unless it can be demonstrated by the person that a greater number than six (6) dogs is necessary to provide adequate protection for the sheep being kept at the premises.",2010-08-10,,https://www.brant.ca/en/bylaws-and-animal-services/resources/Documents/Animal-Bylaw---County-of-Brant.pdf,,,,,,,,,https://www.brant.ca/en/news/engage-with-us-we-re-developing-regulations-for-keeping-chickens-in-residential-areas.aspx,BY-LAW NUMBER 70-21,Yes,"Other Exemptions: iv. The injury or destruction of a tree where land has been previously cleared as part of an agricultural operation which has become overgrown with young early-successional tree species (e.g. sumac, hawthorn, apple, scots pine, poplar, white birch, ash) that are less than 10 years old and have a dbh of less than 10 cm, provided that the land is to be used as part of an agricultural operation",,,https://www.brant.ca/en/bylaws-and-animal-services/resources/Documents/Good-Forestry-Practices-By-Law.pdf,YES,YES,YES,YES,YES,NO,https://www.brant.ca/en/bylaws-and-animal-services/resources/Documents/Fence-By-Law.pdf
"Brantford, C",Bylaw No. 210-2021,Yes,261.5.3 Farm building This Chapter shall not apply to land that is owned by and used for the purposes of the development of a farm building as defined in this Chapter.,2021-10-26,2026-10-26,https://www.brantford.ca/Modules/Bylaws/Bylaw/Download/9b79a3bd-848b-4cb2-8952-8afa3c10adbb,,,,,,,BY-LAW NUMBER 29-2023,Yes,"SECTION 4 - EXEMPTIONS 4.1 The provisions of this by-law shall not apply to: 4.1.11 replacement of Topsoil for restoration of Agricultural Lands used for normal agricultural practices and which is an incidental part of sod farming , greenhouse operations, and nurseries for horticultural practices and which shall not exceed one thousand (1000) cubic metres annually and which shall not result in a landform change of more than 0.2m, or at the discretion of the Director;  where ""Agricultural Lands"" includes all lands that are used by a farming business registered under the Farm Registration and Farm Organizations Funding Act, 1993",2023-02-28,2033-02-28,https://www.brantford.ca/Modules/Bylaws/Bylaw/Download/9d402ae1-f189-4570-9da9-32d769ae7927,By-law 29-2018,No,,No,,No,Yes,No,,NOT KNOWN,2018-02-27,,https://www.brantford.ca/Modules/Bylaws/Bylaw/Download/03bf4867-02bb-4f61-8499-4be0634bacca,ANIMALS Chapter 206Article 10: CHICKENS - KEEPING,Yes,10 chickens; 1 rooster maximum,2005-05-24,,Yes,Yes,2;3;4;5,https://www.brantford.ca/Modules/Bylaws/Bylaw/Download/03bf4867-02bb-4f61-8499-4be0634bacca,By-law Number 171-2002 amended  119-2017,No,,2017-08-22,,https://www.brantford.ca/Modules/Bylaws/Bylaw/Download/a8d76abe-c0c4-433d-aeb3-0f020a7bf343,YES,YES,NO,YES,YES,NO,https://www.brantford.ca/Modules/Bylaws/Bylaw/Details/228d8ecb-3d0e-49c3-80aa-cdf47c6a9d76
"Brethour, Tp",,,,,,,,,,,,,,,,,,,,,,,,,,,,,,,,,,,,,,,,,,,,,,,NO,,,,,,
"Brighton, M",By-Law No. 015-2025,No,,2025-02-05,,https://www.brighton.ca/en/municipal-services/resources/By-Laws/DC-Bylaw-and-Report/015-2025-Development-Charges.pdf,,,,,,,By-Law 114-2016,No,,2016-11-07,,https://www.brighton.ca/en/municipal-services/resources/By-law-114-2016-Fill-By-law.pdf,By-Law No. 052-2020,No,,No,,No,Yes,Yes,No,NOT KNOWN,2020-06-01,,https://www.brighton.ca/en/municipal-services/resources/By-law-052-2020-Regulate-Dog-Control.pdf,By-Law No. 012-2021,Yes,6,2021-02-08,,No,NOT KNOWN,Yes,https://www.brighton.ca/en/municipal-services/resources/By-Laws/By-Law-012-2021-Regulate-the-Keeping-of-Backyard-Hens.pdf,BY-LAW NUMBER 369-2006,No,none,2006-03-20,,given by emailhttp://given by email,YES,YES,YES,YES,YES,YES,https://www.brighton.ca/en/municipal-services/resources/Documents/Planning-Documents/Notices-of-Complete-Applications/By-law-003-2021.pdf
"Brock, Tp",By-law Number 3274-2024,Yes,"22. Categories of Exemptions(g) development of Farm Buildings; where ""Farm Building"" means used as part of or in connection wit a bona fide farming operation, but excluding a Residential Use.",2024-06-10,2034-06-17,"https://www.townshipofbrock.ca/media/455bwlvp/3274-2024-development-charges-bylaw-accessible.pdf:~:text=and%20whereas%20by%20Council%20Resolution,development%20charges%20or%20other%20similar",,,,,,,BY-LAW NUMBER 2633-2015AMENDED BY:BY-LAW NUMBER 2703-2016-PP,Yes,"Section 3 - Exemptions 3.01 This By-law is not applicable to the following: (j) the removal of topsoil or fill from agricultural lands incidental to a normal agricultural practice including such removal as an incidental part of sod-farming, greenhouse operations and nurseries for horticultural products. This exception does not include the removal of topsoil for sale, exchange or other disposition;",2016-12-05,,https://www.townshipofbrock.ca/Modules/Bylaws/Bylaw/Download/f8ba8705-ce8f-4aae-a584-1cd419f2b300,BY-LAW NUMBER 2446-2012-PP,No,,No,,No,No,No,No,"53 normally, +2 employed for protection of livestock in Rural Zones provided lot is minimum of 4 hectares.",2013-11-04,,https://www.townshipofbrock.ca/Modules/Bylaws/Bylaw/Download/0edd252b-29d1-469b-b567-59e5e94df310,,No,,,,,,,,,,,,,,YES,YES,YES,YES,YES,YES,https://www.townshipofbrock.ca/Modules/Bylaws/Bylaw/Download/44c41c01-fd09-47f0-9262-a8d9cd02b0e0
"Brockton, M",By-Law 2024-096,Yes,"Other Exemptions 3.10 Notwithstanding the provisions of this by-law, development charges shall not be imposed with respect to: 3.10.2 The development of non-residential farm buildings constructed for bona fide farm uses.",2024-12-10,2034-01-14,,,,,,,,,,,,,,By-Law 2020-082,No,,No,,No,Yes,No,,5(f) an agricultural location with a valid farm registration number and registered with the Municipality may keep a maximum of five (5) working livestock guardian dogs.,2020-07-14,,https://www.brockton.ca/en/our-services/resources/By-laws/2020/By-Law-2020-082---Dog-Control-By-Law-Set-Fines-Included.pdf,,,,,,,,,,,,,,,,YES,YES,NO,,,NO,https://www.brockton.ca/media/rd1frjvq/by-law-2024-077-line-fences-act-fence-viewing-by-law.pdf
"Brockville, C",Bylaw Number: 083-2025,No,,2025-11-25,2045-11-25,https://brockville.com/wp-content/uploads/2023/03/2025-Development-Charges-Bylaw-083-2025.pdf,,,,,,,,,,,,,By-Law No. 7-82Consolidated 2017,No,,No,,No,Yes,Yes,No,NOT KNOWN,1982-01-26,,https://brockville.com/wp-content/uploads/2023/03/Animal_Control_bylaw_007-1982_-1.pdf,,,,,,,,,,,,,,,,NO,,,,,,
"Brooke-Alvinston, M",,,,,,,,,,,,,,,,,,,By-law Number 5 of 2017,No,,Yes,a dog that has been trained and is actively being used in a bon fide farming operation for the purposes of controlling livestock on the farm.,No,Yes,Yes,Yes,No,2017-01-26,,https://brookealvinston.com/wp-content/uploads/2019/09/Animal-Licencing-.pdf,,,,,,,,,,,,,,,,YES,YES,NO,NO,,NO,https://brookealvinston.com/wp-content/uploads/2019/09/Construction-of-fences.pdf
"Bruce Mines, T",,,,,,,,,,,,,,,,,,,BYLAW NO. 2004-23,No,,No,,No,Yes,Yes,No,NOT KNOWN,2004-06-07,,https://brucemines.ca/documents/assets/uploads/files/en/2004_-_dog_bylaw.pdf,,,,,,,,,,,,,,,,NO,,,,,,
"Bruce, Co",By-Law No. 2023-048,Yes,"3.8 Other Exemptions/Reductions3.8.4 Agricultural use, where ""agricultural use"" means use or intended use for bona fide farming purpose and has a farm business registration number, but excluding a residental use.",2023-11-16,,https://www.brucecounty.on.ca/sites/default/files/By-law%202023-048%20-%20Development%20Charges%20By-law.pdf,,,,,,,,,,,,,,,,,,,,,,,,,,,,,,,,,,,By-Law No. 4015,No,,2003-05-08,,https://acrobat.adobe.com/id/urn:aaid:sc:US:4cbd66c2-7d75-417c-ab00-a8b3cb3785ff,NO,,,,,,
"Brudenell, Lyndoch and Raglan, Tp",,,,,,,,,,,,,,,,,,,,,,,,,,,,,,,,,,,,,,,,,,,,,,,NO,,,,,,
"Burkâ€™s Falls, Tp",,,,,,,,,,,,,,,,,,,BY-LAW NO. 8-2017,No,,No,,No,Yes,Yes,No,NOT KNOWN,2017-05-23,,https://irp-cdn.multiscreensite.com/55929d1f/files/uploaded/2017-08.pdf,BY-LAW NO. 17–2017Care of Poultry Livestock and Exotic Animals,Yes,,2017-11-21,,No,Yes,2;3;4;5,https://irp-cdn.multiscreensite.com/55929d1f/files/uploaded/No.2017-17%2BCare%2Band%2BControl%2Bof%2BPoultry%2BLivestock%2Band%2BExotic%2BAnimals.pdf,,,,,,,NO,,,,,,
"Burlington, C",By-law 26-2022,Yes,1. e. (g) agricultural uses.,2022-03-22,,https://www.burlington.ca/en/by-laws-and-animal-services/resources/By-laws/By-law-Search/2022-By-laws/026-2022-By-law.pdf,,,,,,,By-law 93-2020,Yes,"see section 3.06 for full exemption details - <ahref=""https: acrobat.adobe.com="""" id="""" urn:aaid:sc:us:640d7de0-d4f5-45a9-9d08-63775dcd423d""="""">https://acrobat.adobe.com/id/urn:aaid:sc:US:640d7de0-d4f5-45a9-9d08-63775dcd423d</ahref=""https:>",2020-11-23,,https://www.burlington.ca/en/by-laws-and-animal-services/resources/By-laws/By-law-Search/2020-By-laws/093-2020-By-law.pdf,BY-LAW NUMBER 60-2005,No,,No,,No,Yes,No,,"noneotherwise 4 (cats and dogs inclusive), exempted where said animals are kept on land outside the Urban Planning Area, as defined in the city's Official Plan, and upon which agriculture is a permitted land use.",2005-06-13,,https://www.burlington.ca/en/by-laws-and-animal-services/resources/By-laws/By-law-Search/060-2005%20By-law.pdf,,No,,,,,,,,By-law 40-2022,No,,2022-04-19,,https://www.burlington.ca/en/by-laws-and-animal-services/resources/By-laws/By-law-Search/2022-By-laws/040-2022-By-law.pdf,YES,NO,YES,,,YES,https://www.burlington.ca/en/by-laws-and-animal-services/resources/By-laws/By-law-Search/024-2003-By-law.pdf
"Burpee and Mills, Tp",,,,,,,,,,,,,,,,,,,BY-LAW NO. 2013-05,No,,No,,No,Yes,No,,none,2013-07-03,,https://www.burpeemills.com/municipality/by-laws/,,,,,,,,,,,,,,,,NO,,,,,,
"Caledon, Tp",BY-LAW NO. 2019-31,Yes,"11. Exemptions(g) a non-residential agricultural building or structure,where ""agricultural building or structure"" means a building or structure that is used for the purposes of any use that is customarily associated with a farming operation of a bona fide farmer.",2019-05-29,2024-05-29,https://www.caledon.ca/uploads/14/Doc_637202992128221378.pdf?ts=638403932577045437,,,,,,,BY-LAW NUMBER 2007-59,No,,2007-05-15,,https://www.caledon.ca/uploads/14/Doc_637203057426383973.pdf?ts=638410145122754621,BY-LAW NO. 2019-43,No,,No,,No,Yes,No,,NOT KNOWN,2019-06-25,,https://www.caledon.ca/uploads/14/Doc_637203090570046185.pdf?ts=638422935375591806,By-law 2019-43Animal Care and Control,No,,2019-09-01,,,,,https://www.caledon.ca/uploads/14/Doc_637203090570046185.pdf?ts=638464398502354356,BY-LAW NO. 2000-100,Yes,"7.1 ISSUANCE OF PERMIT (iii) the destruction of the trees would permit the expansion of effective an existing agricultural operation and can be reasonably i. demonstrated to the director that: (a) the destruction of trees will provide for the reclaiming of and increase in productive farm land; (b) the woodland is on land that is contiguous with the agricultural operation; (c) the owner of the land is actively engaged in a viable agricultural operation and owns, actively works and resides on an agricultural operation; and (d) the destruction of trees does not occur within an Environmental Policy Area.",2000-07-31,,https://www.caledon.ca/uploads/14/Doc_635016160599217804.pdf?ts=638435155847269004,YES,YES,YES,YES,YES,YES,https://www.caledon.ca/uploads/14/Doc_637203042786136281.pdf
"Callander, M",By-law 2020-1641,Yes,8.1 Non-residential buildings used accessory to an agricultural operation shall be exempt from the Development Charge.,2020-02-25,2025-02-25,https://callander.civicweb.net/filepro/documents/50673/?preview=109712,,,,,,,,,,,,,BY-LAW NO. 2022-1734,No,,No,,No,Yes,Yes,No,,2022-02-22,,https://callander.civicweb.net/filepro/document/121661/Animal%20Control%20Bylaw%20-%20By-law%202022-1734.pdf,,,,,,,,,,not a by-law,No,,2019-02-26,,https://callander.civicweb.net/filepro/documents/search/search?keywords=cutting&amp;page=1&amp;preview=125444,YES,YES,NO,NO,,NO,https://callander.civicweb.net/document/89190
"Calvin, M",,,,,,,,,,,,,,,,,,,,,,,,,,,,,,,,,,,,,,,,,,,,,,,NO,,,,,,
"Cambridge, C",By-law Number 19-094,Yes,"3.12 Municipal Exemption - Farm BuildingsThis by-law shall not apply to land upon which there is to be constructed or erected, buildings used for the purposes of farming.",2019-06-18,2024-06-18,https://www.cambridge.ca/Modules/Bylaws/Bylaw/Download/61587aa6-9cdd-4453-aba4-d94b4c7def49,Stormwater Billing,No,Agricultural fees are charged $2.94 per acre  ates by Category2025 Annual Rate Residential &lt;=0.2 acres (flat rate) $45.23 Residential &gt;0.2 &amp; &lt;1 acre (flat rate) $135.70  Residential &gt;=1 acre (flat rate) $452.32 Non-Residential &lt;1 acre (flat rate) $226.10 Non-Residential &gt;=1 acre (rate per acre) $697.40 Agricultural (per acre) $2.94,,,https://www.cambridge.ca/en/your-city/Billing.aspx,BY-LAW NO. 160-09,No,,,,https://www.cambridge.ca/Modules/Bylaws/Bylaw/Download/41a998d5-cae9-483a-8687-8be756dd22f8,BY-LAW NO. 172-13,No,,No,,No,Yes,Yes,No,NOT KNOWN,2014-01-01,,https://www.cambridge.ca/Modules/Bylaws/Bylaw/Download/0ac52657-74d5-4c8f-96d5-4f24592028df,,No,,,,,,,,BY-LAW 23-105,Yes,"Exemption (11) performed in accordance with a normal farm practice carried on as part of an agricultural operation, as so determined by the Normal Farm Practices Protection Board , pursuant to the Farming and Food Production Protection Act, 1998, S.O. 1998, c. 1, as amended or replaced from time to time;",2024-01-01,,https://www.cambridge.ca/Modules/Bylaws/Bylaw/Download/be06846b-268d-4141-9d25-2c323a7e0b2d,YES,NO,YES,,,YES,https://www.cambridge.ca/Modules/Bylaws/Bylaw/Download/3987d9ff-d2bb-4abc-82f3-2d1614649a5a
"Carleton Place, Tp",By-Law No. 41-2021,No,,2021-03-09,,given by emailhttp://given by email,,,,,,,,,,,,,BY-LAW NO. 122-2018,No,,No,,No,Yes,Yes,No,NOT KNOWN,2018-12-18,,https://carletonplace.ca/photos/custom/Certified-Consolidated-Copy-Animal-Control-By-Law.pdf,BY-LAW 44-2021Backyard Hens By-law,Yes,6,2021-03-23,,No,Yes,3;5,https://carletonplace.ca/photos/custom/By-law-44-2021-Backyard_Hens.pdf,BY-LAW NO. 133-2021,No,,2021-11-23,,https://carletonplace.ca/photos/custom/By-law%20133-2021%20-%20Tree%20Clearing.pdf,YES,NO,YES,YES,YES,YES,https://carletonplace.ca/town/municipal-services-info/by-laws-and-significant-town-policies
"Carling, Tp",,,,,,,,,,,,,,,,,,,BY-LAW NO. 2004-4amended by BY-LAW 2018-01,No,,No,,No,Yes,Yes,No,NOT KNOWN,2004-02-02,,https://carling.ca/wp-content/uploads/04-2004-Licencing-and-Control-of-Dogs-Consolidated.pdf,,,,,,,,,,,,,,,,NO,,,,,,
"Carlow/Mayo, Tp",,,,,,,,,,,,,,,,,,,BY-LAW 22-2021,No,,No,,,,Yes,No,,2021-07-13,,https://carlowmayo.ca/wp-content/uploads/2023/01/Regulating-the-Keeping-of-Dogs-22-2021.pdf,,,,,,,,,,,,,,,,NO,,,,,,
"Casey, Tp",,,,,,,,,,,,,,,,,,,,,,,,,,,,,,,,,,,,,,,,,,,,,,,NO,,,,,,
"Casselman, M",By-law No. 2023-032,Yes,3. Applicable Lands(g) Other Exemptions;i. The development of a non-residential farm building used for Bona Fide Farm Uses,2023-06-27,2028-06-27,https://cdnsm5-hosted.civiclive.com/UserFiles/Servers/Server_4754354/File/Newwebsite/2023/2023-032%20-%20To%20Establish%20Development%20Charges%20for%20the%20Municipality%20of%20CAsselman%20for%20Water%20SErvices.pdf,,,,,,,,,,,,,BY-LAW NUMBER 2015-027,No,,No,,Yes,Yes,Yes,No,NOT KNOWN,2015-04-14,,https://cdnsm5-hosted.civiclive.com/UserFiles/Servers/Server_4754354/File/2015%20027%20to%20regulate%20the%20control%20of%20dogs.pdf,,,,,,,,,,,,,,,,YES,YES,YES,NO,NO,NO,"https://www.casselman.ca/en/my-municipality/administration/policies-by-law:~:text=,068"
"Cavan Monaghan, Tp",By-law Number 2022-43,Yes,3.10 Other Exemptionsc) the development of non-residential farm buildings constructed for bona fide farm uses.,2022-08-02,2027-08-02,https://www.cavanmonaghan.net/en/shared-content/resources/By-law-No.-2022-43-Development-Charges.pdf,,,,,,,By-law No. 2020-19,Yes,"Part 3 Exemptions 3.01 This By-law is not applicable to the following: (I) The removal of topsoil from agricultural lands incidental to a normal agricultural practice including such removal as an incidental part of sod-farming, greenhouse operations and nurseries for horticultural products. This exception does not include the removal of topsoil for sale, exchange or other disposition;  where “Agricultural Lands” includes all lands that are used by a farming business registered under the Farm Registration and Farm Organizations Act, 1993, S.O. 1993, c.21, as amended, for growing of crops, including nursery and horticultural crops; raising livestock; raising of other animals for food, fur, fibre, including poultry and fish; aquaculture; apiaries; agro-forestry; maple syrup production;",2020-04-06,,https://www.cavanmonaghan.net/en/local-government/resources/By-law-No.-2020-19-being-a-by-law-to-control-the-dumping-of-fill-a.pdf,By-law No. 2023-85,No,,No,,No,Yes,No,,NOT KNOWN,2023-12-18,,https://www.cavanmonaghan.net/en/local-government/resources/By-law-No.-2023-85.pdf,,,,,,,,,,,,,,,,NO,,,,,,
"Leamington, M",By-Law 49-22,Yes,"3.8 Other Exemptions/ReductionsNotwithstanding the provisions of this by-law, development charges shall not be imposed with respect to:Agricultural buildings excluding bunk houses and greenhouse uses,where ""Agricultural Use"" means use or intended use for bona fide farming purpose, excluding retail sales activities, services related to grooming, boarding, or breeding household pets, and marijuana processing or production facilities.",2022-07-26,2027-07-27,https://www.leamington.ca/en/resources/By-law-49-22.pdf,,,,,,,,,,,,,By-law 668-06,No,,No,,No,Yes,No,,No,2017-07-10,,https://www.leamington.ca/en/municipal-services/resources/Animal-Control-By-law-668-06-Consolidated-2023.pdf,,No,,,,,,,,,,,,,,NO,,,,,,
"Leeds and Grenville, Uco",,,,,,,,,,,,,,,,,,,,,,,,,,,,,,,,,,,,,,,,,,,,,,,NO,,,,,,
"Leeds and the Thousand Islands, Tp",,,,,,,,,,,,,,,,,,,BY-LAW NO. 22-048,No,,No,,No,Yes,No,,NOT KNOWN,2022-07-11,,https://leedsthousandislands.civicweb.net/filepro/documents/94495/?preview=94884,,,,,,,,,,,,,,,,NO,,,,,,
"North Glengarry, Tp",,,,,,,,,,,,,,,,,,,BY-LAW NO. 44-2008,No,,No,,No,Yes,Yes,No,,2008-10-27,,https://www.northglengarry.ca/en/town-hall/resources/By-Laws/2021_Combined-Animal-Control-By-law.pdf,,,,,,,,,,By Law 43-2021,No,,2021-10-12,,https://www.northglengarry.ca/media/fked0zot/by-law-no-43-2021-clear-cutting-by-law.pdf,NO,,,,,,
"North Grenville, M",BY-LAW NO. 104-19,NOT KNOWN,"3. Applicable Lands(6) All agricultural buildings or structures, except dwellings located on a farm, shall be subject only to the fire service portion of the development charge identified in Schedule ""c"". where agricultural/farm definitions are not explicitly stated.",2019-11-19,2024-11-19,https://www.northgrenville.ca/council-government/resources/document-library/development-charges-104-19/viewdocument/3,,,,,,,,,,,,,BY-LAW NO. 61-14,No,,No,,No,Yes,Yes,No,"none44. Sections 41 to 43 inclusive shall not apply to the owner of a dog where the owner resides on lands zoned agricultural, or rural in the applicable Municipal Zoning By-Law,",2014-08-11,,https://www.northgrenville.ca/component/edocman/animals-care-control-61-14/viewdocument/6?Itemid=0,Animal - Care &amp; Control By-law,No,,,,,,,https://www.northgrenville.ca/component/edocman/animals-care-control-61-14/viewdocument/6?Itemid=0,,,,,,,YES,YES,NO,NO,NO,NO,https://www.northgrenville.ca/bylaw-services/fences
"North Huron, Tp",By-law No. 74-2021,Yes,4. No development charge under section 5 is payable where the development;(11) Is a bona fide non-residential farm building;,2021-06-20,,https://www.northhuron.ca/en/municipal-government/resources/By-laws/Development%20Charges%20By-law%20-%20By-law%20No.%2074-2021.pdf,,,,,,,,,,,,,BY-LAW NO. 88-2019,No,,No,,No,Yes,Yes,No,,2019-09-16,,https://nhuron-pub.escribemeetings.com/filestream.ashx?DocumentId=21823,,,,,,,,,,,Other,,,,SEE HURON COUNTY BYLAWhttp://SEE HURON COUNTY BYLAW,NO,,,,,,
"Center Wellington, Tp",By-law 2021-1Development Charges By-law,Yes,"b) Non-residential farm buildings constructed for bona fide farm uses; d) Silos for used for industrial, commercial and/or institutional uses; and",2021-03-29,2026-03-30,https://www.centrewellington.ca/en/township-services/resources/Documents/LegislativeServices/21-11-.pdf,,,,,,,By-law 2019-25Site Alteration By-Law,Yes,"See Section 2.2 c), e), &amp; f):2.2 This By-law does not apply to: (c) the removal of topsoil from agricultural lands incidental to a normal agricultural practice including such removal as an incidental part of sod-farming, greenhouse operations and nurseries for horticultural products but does not include the removal of topsoil for sale, exchange or other disposition; (e) construction of a building or structure pursuant to a valid building permit issued under the Building Code Act, 1992, S.O. 1992, c. 23, as amended and the site plan accompanying the building permit application provides sufficient information to determine that the placing or dumping of fill conforms with the provisions of this By-",2019-05-27,,https://www.centrewellington.ca/en/township-services/resources/Documents/LegislativeServices/19-25-.pdf,By-law 2019-70Centre Wellington Animal By-law,No,,No,,No,Yes,Yes,No,"SEE SECTION 2.32.3 No person shall keep or harbour or permit to be kept or harboured at any one time, more than three (3) dogs on a property or per dwelling unit SEE NOTES - FARM EXEMPTION",2019-12-16,,https://www.centrewellington.ca/en/township-services/resources/Documents/LegislativeServices/19-70.pdf,By-law 2019-70Animal By-law,Yes,10,2019-12-16,,No,Yes,2;3;5,https://www.centrewellington.ca/media/32rgywui/19-70.pdf,By-law 2022-57,No,,2022-07-18,,https://www.centrewellington.ca/media/hhcbukdv/2d60d94223506d248e992340a0ce8786_cw_public-tree-bylaw-2022-57.pdf,YES,YES,NO,YES,YES,NO,"https://www.centrewellington.ca/media/zxykshms/18-34.pdf:~:text=The%20Corporation%20of%20the%20Township,2001%2C%20c"
"Central Elgin, M",BY-LAW 2556Development Charges By-law,Yes,Section 3 Subsection (2) d)(2) This by-law shall not apply to land that is owned by and used for the purposes of : c) non-residential farm buildings constructed for bona fide farm uses,2021-01-25,,https://www.centralelgin.org/By-laws/By-law-2556-Development-Charges-By-law.pdf,,,,2021-01-25,,,,,,,,,BY- LAW 1139Municipality of Central Elgin Dog Control By -Law,No,,No,,No,7,Yes,NOT KNOWN,"Section 9.1 - MSCELLANEOUS MATTERSSubject to the provisions of this By -Law, no owner or occupier of a premises as defined in the Occupier' s Liability Act, 1990, R. S. O., c.O. 2 and within the Municipality, shall keep more than three (3) dogs on said premises; for the purpose of this paragraph, puppies that have not been weaned shall not be counted in determining the number of dogs on the premises.",2009-05-25,,https://www.centralelgin.org/By-laws/By-law-1139---Dog-Control.pdf,,No,,,,,,,,"By-Law 05-03, as amendedWoodlands Conservation By-Law",No,2. i) Good Forestry - See Section 2ii) Circumference Limit - See Schedule A for more detailsWood lands/wood lots can be cleared if granted a Council Exemption - See Section 4,2005-11-13,,https://www.elgincounty.ca/wp-content/uploads/2020/02/Consolidated-Version-of-Tree-By-Law.pdf,NO,,,,,,
"Central Frontenac, Tp",,,,,,,,,,,,,,,,,,,BY-LAW 1998-3,No,,No,,No,Yes,Yes,No,none,1998-02-02,,https://frontenac.civicweb.net/filepro/documents/search/?preview=147042,,,,,,,,,,,,,,,,NO,,,,,,
"Central Huron, M",,,,,,,,NOT KNOWN,,,,,,,,,,,BY-LAW 16-2012,No,,Yes,a dog that has been trained and is actively being used in a bona fide farming operation for the purposes of controlling livestock onthe farm,No,Yes,Yes,No,"In a rural area, a person may harbour more than three (3) dogs at a premise without a kennel license, provided all the following conditions are met. 4.4.1. The person is keeping livestock upon the same premises, 4.4.2. The premises are on land that is zoned agricultural, 4.4.3. The dogs are licensed annually in accordance with this by-law, 4.4.4. The dogs are livestock guardian dogs and/or herding dogs",2012-01-09,,https://www.centralhuron.ca/en/your-municipal-government/resources/By-Law-28-2017.pdf,,,,,,,,,,By-law Number 25-2006,Other,,2006-06-19,,SEE HURON COUNTY BYLAWhttp://SEE HURON COUNTY BYLAW,NO,,,,,,
"Central Manitoulin, M",,,,,,,,,,,,,,,,,,,BY-LAW 2022-12,Yes,"a dog that (a) is identifiably of a breed t is is generally recognized as suitable for the purposes of protection of livestock from predation, and (b) lives with a flock or herd of livestock;",No,,No,Yes,Yes,No,2 if a lot area of less than 0.4 ha (1 acre) 3 if a lot area of equal to or more than 0.4 ha (1 acre),2022-12-15,,https://www.centralmanitoulin.ca/media/mdmhhtmu/2022-12_animal_control_by-law.pdf,BY-LAW 2023-18Backyard Chickens Draft,Yes,4 chickens,,,Other,No,2;3;4;5;9;11,https://www.centralmanitoulin.ca/media/r52n3q0a/2023-18_draft_by-law_to_regulate_backyard_chickens.pdf,,,,,,,NO,,,,,,
"Centre Hastings, M",By-law Number 2020-67,Yes,3. Applicable Lands(2) (d) an agricultural use which does not receive municipal sanitary sewer or water supply services.,2020-12-16,2025-12-16,https://www.centrehastings.com/media/10roewbj/bylaw-2020-67-development-charges.pdf,,,,,,,,,,,,,By-Law 2017-039,Yes,"a dog that works and/or lives with domestic farm animals (i.e., cattle, sheep, goats) to protect them while aggressively repelling predators and is used exclusively for that purpose.",No,,Yes,No,No,,"noneagricultural exemption, otherwise would be 3",,,https://www.centrehastings.com/media/3pae3znu/enf-001-animal-control-policy-1.pdf,,,,,,,,,,,,,,,,YES,YES,NO,YES,,NO,https://centrehastings.civicweb.net/filepro/documents/42077/?preview=42078
"Chamberlain, Tp",,,,,,,,,,,,,,,,,,,,,,,,,,,,,,,,,,,,,,,,,,,,,,,NO,,,,,,
"Champlain, Tp",,,,,,,,,,,,,,,,,,,,,,,,,,,,,,,,Backyard Hens Licence,Yes,,,,No,Yes,2;3;4;5,https://www.champlain.ca/en/living-here/backyard-hens-licence.aspx,,,,,,,NO,,,,,,
"Chapleau, Tp",,,,,,,,,,,,,,,,,,,By-Law No. 2022-08,No,,No,,No,Yes,No,,No,2022-01-31,,https://chapleau.ca/documents/assets/uploads/files/en/by-law_2022-08_-_regulation_and_control_of_animals_signed.pdf,,No,,,,,,,,,,,,,,NO,,,,,,
"Chapple, Tp",,,,,,,,,,,,,,,,,,,,,,,,,,,,,,,,,,,,,,,,,,,,,,,NO,,,,,,
"Charlton and Dack, M",,,,,,,,,,,,,,,,,,,,,,,,,,,,,,,,,,,,,,,,,,,,,,,NO,,,,,,
"Chatham-Kent, M",By-Law Number 149-2022,Yes,"3.8 Other Exemptions:(a) (x) Farm buildings, excluding on-farm bunk houses and greenhouses,where “farm building” means that part of a bona fide farming operation encompassing barns, silos and other ancillary development to an agricultural use, but excluding a residential use.",2022-08-08,2027-08-09,https://www.chatham-kent.ca/localgovernment/Documents/149-2022.pdf,,,,,,,,,,,,,BY-LAW NUMBER 170-2021,No,,No,,No,Yes,No,,NOT KNOWN,2021-10-04,,https://www.chatham-kent.ca/localgovernment/bylaws/Documents/170-2021.pdf,BY-LAW NUMBER 170-2021Animal Ownership By-law,No,,2021-10-04,,,,,https://www.chatham-kent.ca/localgovernment/bylaws/Documents/170-2021.pdf,,,,,,,YES,YES,NO,YES,YES,NO,"https://www.chatham-kent.ca/localgovernment/Documents/184-2022.pdf:~:text=,clear%20at%20all%20times%2C%20and"
"Chatsworth, Tp",,,,,,,,,,,,,By-Law Number 2018-49,No,,2018-07-04,,https://chatsworth.ca/wp-content/uploads/2019/05/2018-49-Site-Alteration-By-law.pdf,By-law Number 2019-32,No,,No,,No,Yes,No,,NOT KNOWN,2019-05-01,,https://chatsworth.ca/wp-content/uploads/2023/03/2019-32-Animal-Control-By-law-Dogs-and-Kennels-amended-BL-2020-76.pdf,,,,,,,,,,,,,,,,NO,,,,,,
"Chisholm, Tp",,,,,,,,,,,,,,,,,,,BY-LAW 2010-06,Yes,"a dog that is specifically trained to work and/or live with domestic farm animals (i.e. cattle, sheep, etc.) without causing them harm while aggressively repelling predators and is used exclusively for that purpose.",No,,No,Yes,Yes,Yes,"noneSection 2 (d) for exemption must provide proof they have domestic farm animals (i.e. cattle, sheep, etc.) and a valid Farm Business Registration Number.",2010-01-26,,https://www.chisholm.ca/uploads/documents/canine%20bylaw%202010-06-22012015123633.pdf,,,,,,,,,,,,,,,,NO,,,,,,
"Clarence-Rockland, C",,,,,,,,,,,,,,,,,,,BY-LAW 2015-180,No,,No,,No,Yes,No,,NOT KNOWN,2015-12-21,,https://www.clarence-rockland.com/en/hotel-de-ville/by-laws-and-policies.aspxDogs-2015-180-,BY-LAW 2003-25Exotic Animals By-law,No,,,,,,,https://www.clarence-rockland.com/en/hotel-de-ville/by-laws-and-policies.aspxExotic-animals-2003-25-,By-law 2018-98,No,,2018-06-18,,https://www.clarence-rockland.com/en/hotel-de-ville/by-laws-and-policies.aspxTree-cutting-2018-98,YES,YES,NO,YES,YES,NO,https://www.clarence-rockland.com/en/hotel-de-ville/by-laws-and-policies.aspxFences-and-privacy-screens-2016-96
"Clarington, M",By-law 2021-010,Yes,"Part 3 - Exemptions 26. (2) Land, buildings or structures used, designed or intended for agricultural purposes or for agri-tourism are exempt from development charges,where ""agricultural"" means land, buildings or structures used, designed or intended to be used solely for an agricultural operation but does not include any facilities located within urban areas as defined in the Municipality’s Official Plan.",2021-01-18,2026-01-08,https://weblink.clarington.net/WebLink/ElectronicFile.aspx?docid=340511&amp;dbid=0,,,,,,,By-law 2024-017,Yes,"This By-law does not apply to the removal of Topsoil as an incidental part of a normal agricultural practice including such removal as an incidental part of sodfarming, greenhouse operations, and nurseries for horticultural products provided it does not include the removal of Topsoil for sale, exchange or other disposition.",2024-04-22,,https://weblink.clarington.net/WebLink/ElectronicFile.aspx?docid=427168&amp;dbid=0&amp;repo=Clarington,By-Law 2013-024,No,,No,,No,Yes,No,,none3.22 (d) farming dogs provided the farming dog owner provides proof acceptable to the Municipal Clerk that the dogs are required as part of animal husbandry;,2013-03-25,,https://weblink.clarington.net/WebLink/0/edoc/108125/2013-024%20-%20Consolidated.pdf,BY-LAW 2012-045Exotic Animals By-law,No,,,,,,,https://weblink.clarington.net/weblink/0/edoc/229476/2012-045%20Consolidated.pdf,By-law Number 30-2020,Yes,4. EXEMPTIONS(n) Any Normal Farm Practice as part of an Agricultural Operation.,2020-07-29,,https://www.durham.ca/en/doing-business/resources/Documents/PlanningandDevelopment/By-law-Number-30-2020.pdf,YES,YES,NO,YES,NO,NO,"https://weblink.clarington.net/weblink/0/edoc/90550/2000-105%20-%20Consolidated.pdf:~:text=THE%20CORPORATION%20OF%20THE%20MUNICIPALITY,210%2825%29%2C%20authorizes"
"Clearview, Tp",BY-LAW NUMBER 19-36,Yes,"3.10 Other Exemptions:e) land, buildings or structures for agricultural use which do not receive municipal water or wastewater servicesf) non-residential buildings used accessory to an agricultural operation shall be exempt from the development charge if no rezoning is required.",2019-06-24,2024-06-24,https://www.clearview.ca/media/47482,,,,,,,,,,,,,By-law Number 21-84Canine Control By-law,No,,No,,No,Yes,No,,No,2021-08-23,,https://www.clearview.ca/media/50342,BY-LAW NUMBER 16-39Backyard Chickens Bylaw,Yes,,2015-04-25,,No,Yes,2;3;4;5,https://www.clearview.ca/sites/default/files/docs/16-39_backyard_chickens_bylaw.pdf,,,,,,,YES,YES,NO,YES,YES,NO,https://www.clearview.ca/file/25-020-fence-pool-enclosure-lawpdf-0
"Cobalt, Tp",,No,,,,,,,,,,,,,,,,,BY-LAW NO. 2013-037,Yes,"a dog that works and/or lives with domestic farm animals (e.g. cattle, sheep, poultry) to protect them while repelling predators and is used exclusively for that purpose.",Yes,a dog that has been trained and is actively being used in a bona fide farming operation for the purposed of controlling livestock on the farm.,Yes,No,Yes,Yes,none4.2.3 not apply to owners of Livestock Guardian Dogs and Herding Dogs while such dogs are kept in an area which is zoned “agricultural’ pursuant to the Zoning By-Law and said dogs are kept for agricultural uses in accordance with their defined function.,2013-11-26,,https://cobalt.ca/wp-content/uploads/2019/09/2013-037-Bylaw-for-Animal-Control.pdf,BY-LAW NO. 2013-037Animal Control,Yes,NOT KNOWN,2013-11-26,,No,No,2;3;4;5;9,https://cobalt.ca/wp-content/uploads/2019/09/2013-037-Bylaw-for-Animal-Control.pdf,,,,,,,NO,,,,,,
"Cobourg, Tp",By-Law 2022 – 001,No,,2022-01-03,,https://www.cobourg.ca/en/our-government/resources/Legislative-Services/Bylaws-2022/DevelopmentChargesBylawBrochure.pdf,By-Law No. 048-2022,No,Runoff CoefficientsAgricultural/Vacant: 0.20,2022-06-27,,https://www.cobourg.ca/en/our-government/resources/Legislative-Services/Bylaws-2022/048-2022-Adopt-Stormwater-Services-Charge.pdf,BY.LAW NUMBER 035-2012,No,,2012-04-30,,https://www.cobourg.ca/en/our-government/resources/Frequently-requested-bylaws/035-2012-Control-Dumping-of-Fill-and-Removal-of-Fill-Bylaw.pdf,BY-LAW NUMBER 021-2014,No,,No,,No,Yes,No,,NOT KNOWN,2014-03-17,,,,,,,,,,,,BY-LAW NUMBER 020-2006amended 2017,No,,2017-07-17,,https://www.cobourg.ca/en/our-government/resources/Legislative-Services/Bylaws-2022/058-2017-Tree-Preservation.pdf,NO,,,,,,
"Cochrane, Tp",,,,,,,,,,,,,,,,,,,BYLAW 04/2016,No,,No,,No,Yes,Yes,No,none,2016-03-14,,https://www.cochrane.ca/media/356,BYLAW 04/2016,No,,,,,,,https://www.cochrane.ca/media/356,,,,,,,YES,NO,NO,YES,YES,NO,https://cochraneontario.com/documents/89/services/01I7KMSPSHJTAF4VVCURGLQUBIY4IUKL7Y/Fences.pdf
"Cockburn Island, Tp",,,,,,,,,,,,,,,,,,,,,,,,,,,,,,,,,,,,,,,,,,,,,,,NO,,,,,,
"Coleman, Tp",,,,,,,,,,,,,,,,,,,BY-LAW NO.11-18,No,,No,,No,Yes,Yes,No,NOT KNOWN,2011-06-20,,https://cdnsm5-hosted2.civiclive.com/UserFiles/Servers/Server_122825/File/Township%20Hall/By-Laws/By-Law%2011-18%20Animal.pdf,,,,,,,,,,,,,,,,NO,,,,,,
"Collingwood, Tp",BY-LAW No. 2019-054,Yes,4. Applicable Lands(2) (e) a non-residential farm building.,2019-08-26,,https://collingwood.civicweb.net/filepro/documents/28192/?preview=55684,,,,,,,,,,,,,BY-LAW No. 2012-016,No,,No,,No,Yes,Yes,No,NOT KNOWN,2012-01-30,,https://www.collingwood.ca/sites/default/files/docs/town-services/bylaws/2012-016_animal_control_0.pdf,,No,,,,,,,,BY-LAW No. 2012-084,Yes,"3. EXEMPTIONS3.1 (h) The injury or destruction is necessary to clear land in accordance with a NFP conducted by an agricultural operation for its own agricultural activity, provided that the trees are not located on lands designated Environmental Protection or Recreation on Schedule 'A' of the Town of Collingwood Official Plan.",2012-06-25,,https://www.collingwood.ca/sites/default/files/docs/town-services/bylaws/2012-084_destruction_trees.pdf,YES,YES,NO,YES,YES,NO,"https://www.collingwood.ca/media/file/2013-046-fence-law:~:text=No%20person%20shall%20have%2C%20erect,2.13%20metres%20(7%20feet)."
"Conmee, Tp",,,,,,,,,,,,,,,,,,,,,,,,,,,,,,,,,,,,,,,,,,,,,,,NO,,,,,,
"Cornwall, C",By-law  2018-038,Yes,3.10 Other Exemptions: (1) Bona fide farm uses,2018-04-09,2023-04-10,https://www.cornwall.ca/Modules/Bylaws/Bylaw/Download/fab151c8-7229-4498-a219-518e8c9b08fd,,,,,,,,,,,,,BY-LAW 112-1998amended 2015-055,No,,No,,No,Yes,Yes,No,none,2015-04-13,,https://www.cornwall.ca/en/shared-content/resources/Building-and-By-Law/Animal_Control_By-law.pdf,,,,,,,,,,By-law 2024-012,Yes,"the injury or destruction of trees is undertaken as part of any normal farm practice carried out in accordance with the Farming and Food Production and Protection Act, 1998, S.O. 1998, c.1;",2024-02-13,,https://pub-cornwall.escribemeetings.com/filestream.ashx?DocumentId=13199,YES,YES,NO,NO,NO,NO,https://www.cornwall.ca/en/do-business/resources/Zoning/FenceBylaw.pdf
"Cramahe, Tp",BY-LAW NO. BL-2024-09,No,,2024-01-30,,given by emailhttp://given by email,,,,,,,By-law 2017-18,No,,2017-05-16,,given by emailhttp://given by email,,,,,,,,,,,,,,BY-LAW NO. 2016-22Backyard Hens,Yes,6,2016-05-03,,No,Yes,2;3;4;5,https://www.cramahe.ca/en/resourcesGeneral/2019-By-laws/2017-By-Laws/2016-22-Backyard-Hen-By-Law-MAY-3-2016.pdf,,,,,,,YES,NO,NO,,,NO,https://www.cramahe.ca/Modules/Bylaws/Bylaw/Details/dbec4777-5255-4e7a-9ef1-1a14f0a168fe
"Dawn-Euphemia, Tp",,,,,,,,,,,,,,,,,,https://www.lambtonshores.ca/en/our-government/resources/Documents/sitealterationbylawwithfines.pdf,BY-LAW NUMBER 46 OF 2013,No,,No,,No,Yes,No,,NOT KNOWN,2013-12-02,,https://dawneuphemia.ca/wp-content/uploads/2020/09/By-Law-46-of-2013-animal-control-by-law.pdf,,,,,,,,,,,,,,,https://www.lambtononline.ca/en/business-and-development/resources/Documents/PlanningandDevelopment/WoodlandsConservation/County-of-Lambton-Woodlands-Conservation-By-Law-4-of-2012-as-amended---Sept-2014.pdf,NO,,,,,,
"Dawson, Tp",,,,,,,,,,,,,,,,,,,,,,,,,,,,,,,,,,,,,,,,,,,,,,,NO,,,,,,
"Deep River, Tp",BY-LAW NUMBER 40-2022,No,,2022-07-19,2027-07-19,https://acrobat.adobe.com/id/urn:aaid:sc:US:ccc38563-ebe2-4f3e-a9c5-5209f233c133,,,,,,,,,,,,,BY-LAW NO. 24-2013,No,,No,,No,Yes,Yes,No,No,2013-06-26,,https://deepriver.civicweb.net/filepro/documents/search/search?exact=animal%20control&amp;page=1&amp;preview=4143,BY-LAW NUMBER 10-2021,Yes,4 hens,2021-03-24,,No,Yes,3;5,https://www.deepriver.ca/download.php?dl=YToyOntzOjI6ImlkIjtzOjQ6IjExMDciO3M6Mzoia2V5IjtpOjI7fQ==,,,,,,,NO,,,,,,
"Deseronto, Tp",,,,,,,,,,,,,BY-LAW NO. 47-2023,Yes,,2023-10-11,,https://ofa4-my.sharepoint.com/:w:/g/personal/claire_shepherd_ofa_on_ca/ERsO3x5qYS5Mlsqo0Ykc6-sBM_rZN0k1GjbgSYEVvbQLrw?e=JiujdB,,,,,,,,,,,,,,,,,,,,,,,,,,,,,NO,,,,,,
"Dorion, Tp",,,,,,,,,,,,,,,,,,,,,,,,,,,,,,,,,,,,,,,,,,,,,,,NO,,,,,,
"Douro-Dummer, Tp",By-Law Number 2024-44,No,,2019-08-06,,https://www.dourodummer.ca/media/q5dmcjgy/by-law-2024-44-development-charges.pdf,,,,,,,,,,,,,By-law 2021-11,No,,No,,No,Yes,No,,NOT KNOWN,2021-01-15,,https://www.dourodummer.ca/2021-11-Responsible-Dog-Ownership-By-law---Accessible-Edition.pdf,,,,,,,,,,,,,,,,NO,,,,,,
"Drummond/North Elmsley, Tp",BY-LAW NO. 2024-036,Yes,"Notwithstanding Section 13 above, a Development Charge By-law shall not impose a Development Charge with respect to:  (f) Bona Fide Farm Uses.",2024-10-24,2034-12-31,https://www.dnetownship.ca/component/edocman/?task=document.viewdocument&amp;id=10,,,,,,,BY-LAW 2012-056,No,,2012-10-23,,https://www.dnetownship.ca/component/edocman/top-soil-removal-by-law/viewdocument/285?Itemid=0,BY-LAW NO. 2019-024,No,,No,,,,Yes,No,Other,2019-04-23,,https://www.dnetownship.ca/component/edocman/?task=document.viewdocument&amp;id=8,,,,,,,,,,,,,,,,NO,,,,,,
"Dryden, C",,,,,,,,,,,,,,,,,,,BY-LAW NUMBER 2024-23,No,,No,,No,Yes,Yes,No,2unless j) on a rural lot that has a minimum lot size of one hectare or more.,2022-05-22,,https://www.dryden.ca/Modules/Bylaws/Bylaw/Download/5903b909-031e-4ec8-bb8e-27ab7756599e,BY-LAW NUMBER 2024-23,Yes,Other,,,,No,,https://www.dryden.ca/Modules/Bylaws/Bylaw/Download/5903b909-031e-4ec8-bb8e-27ab7756599e,,,,,,,YES,YES,NO,YES,YES,,https://dryden.ca/Modules/Bylaws/Bylaw/Download/0a3d5ad7-9b0f-47a4-85f6-bd2dab76abc2
"Dubreuilville, Tp",,,,,,,,,,,,,,,,,,,By-Law No. 2023-30,No,,No,,No,Yes,Yes,No,5 (animals in total),2023-05-10,,https://dubreuilville.ca/documents/assets/uploads/files/en/2023-30_regulating_-_animal_care_&amp;_control.pdf,By-law No. 2023-30Animal Control,Yes,10,2023-05-10,,No,Yes,2;3;4;5,https://dubreuilville.ca/documents/assets/uploads/files/en/2023-30_regulating_-_animal_care_&amp;_control.pdf,,,,,,,YES,YES,YES,YES,YES,YES,https://dubreuilville.ca/documents/dlview/?fileID=185&amp;catID=0
"Dufferin, Co",By-law Number 2022-28,Yes,"4. Applicable Lands(2) e) farm buildings as defined by, a building or structure used as part with a bona fide farming operation, but excluding a residential use.",2022-07-14,,https://www.dufferincounty.ca/sites/default/files/clerks/2022%20Bylaws/2022-28%20Development%20Charges.pdf,,,,,,,,,,,,,,,,,,,,,,,,,,,,,,,,,,,,,,,,,NO,,,,,,
"Durham, Regional M",By-law Number 42-2023,Yes,2.23 Exemptions(a) agricultural uses and farm buildings.,2023-06-14,,https://www.durham.ca/en/regional-government/resources/By-law-42-2023---Regional-Residential-and-Non-residential-Development-Charges.pdf,,,,,,,,,,,,,,,,,,,,,,,,,,,,,,,,,,,By-law Number 30-2020,Yes,4. EXEMPTIONS(n) Any Normal Farm Practice as part of an Agricultural Operation.,2020-07-29,,https://www.durham.ca/Modules/Bylaws/Bylaw/Download/b8798a81-a8ba-48e2-b9a6-31837e06344a,NO,,,,,,
"Dutton/Dunwich, M",NONE - NO DEV CHARGE BYLAW,,,,,,,,,,,,,,,,,,By-law No. 2020-40Animal Control Bylaw,Other,,No,,No,7,NOT KNOWN,NOT KNOWN,"Sec 3.1. Maximum - 3 Per Premises No person shall keep more than 3 dogs in any one dwelling unit or on any premises.Sec 3.3 | Guard Dogs - Industrial-Commercial Premises Notwithstanding section 3.1 of this by-law, more than three (3) guard dogs may be licensed for lawfully used industrial or commercial premises.",2020-05-10,,https://www.duttondunwich.on.ca/en/municipal-services/resources/Bylaws-and-Policies/2020-40-Animal-Control-By-law.pdf,,No,,,,,,,,"By-Law 05-03, as amendedWoodlands Conservation By-Law",No,2. i) Good Forestry - See Section 2ii) Circumference Limit - See Schedule A for more detailsWood lands/wood lots can be cleared if granted a Council Exemption - See Section 4,2005-11-13,,https://www.elgincounty.ca/wp-content/uploads/2023/02/Woodlands-Conservation-Consolidated-By-Law-June-9-2021.pdfhttps://www.elgincounty.ca/wp-content/uploads/2023/02/Woodlands-Conservation-Consolidated-By-Law-June-9-2021.pdf,YES,NO,NO,,,NO,https://www.duttondunwich.on.ca/en/municipal-services/resources/Bylaws-and-Policies/2021-19-Fence-By-law.pdf
"Dysart et al, M",,,,,,,,,,,,,By-Law No. 2023-101,No,,2023-11-28,,https://www.dysartetal.ca/en/build-and-invest/Building%20Department/By-Law%202023-101%20-%20Site%20Alteration%20By-Law.pdf,By-law No. 2020-45,No,,No,,,,Yes,No,NOT KNOWN,2020-06-23,,https://www.dysartetal.ca/en/municipal-government/By-Law%20Enforcement/By-Law%202020-45%20Canine%20Control.pdf,,,,,,,,,,,,,,,,NO,,,,,,
"Ear Falls, Tp",,,,,,,,,,,,,,,,,,,BY-LAW NO. 2337-21,No,,No,,No,Yes,Yes,No,NOT KNOWN,2021-02-16,,https://ear-falls.com/wp-content/uploads/2021/05/By-Law-to-Regulate-and-Control-Animals.pdf,BY-LAW NO. 2337-21Regulate Animals By-law,Yes,,2021-02-16,,No,No,3;5,https://ear-falls.com/wp-content/uploads/2021/05/By-Law-to-Regulate-and-Control-Animals.pdf,Tree Canopy and Natural Vegetation Policy,No,,2019-02-19,,https://ear-falls.com/wp-content/uploads/2019/02/Tree-Canopy-and-Natural-Vegetation-Policy.pdf,NO,,,,,,
"East Ferris, M",,,,,,,,,,,,,,,,,,,BY-LAW NO. 2014-19,No,,No,,No,Yes,Yes,No,Other,2014-04-22,,https://eastferris.ca/uploads/documents/By-law%20No.%202014-19%20Animal%20Control.pdf,BY-LAW NO. 2014-19Animal Control,Yes,10 fowl,2014-04-22,,No,No,2;3;4,https://eastferris.ca/uploads/documents/By-law%20No.%202014-19%20Animal%20Control.pdfhttps://eastferris.ca/uploads/documents/By-law No. 2014-19 Animal Control.pdf,,,,,,,YES,YES,NO,NO,NO,NO,https://eastferris.ca/uploads/documents/by-laws/Fence%20By-law%20%20PASSED.pdf
"East Garafraxa, Tp",BY.LAW NUMBER 39-2024,Yes,"3.9 Other Exemptions(a) Notwithstanding the provision of this by-law, development charges shall not be imposed with respect to:(i) Non-residential farm buildings constructed for bona fide farm uses",2024-07-23,2034-10-31,https://www.eastgarafraxa.ca/media/5x4endzf/39-2024-development-charges.pdf,,,,,,,BYLAW NUMBER 14-2015,No,,2015-04-14,,https://www.eastgarafraxa.ca/en/municipal-government/resources/By-Laws/egsitealt15.pdf,BY-LAW NUMBER 2-95amended 48-2022,No,,No,,No,Yes,No,,none,1995-01-03,,https://www.eastgarafraxa.ca/en/municipal-government/resources/By-Laws/02-1995---Regulating-Dogs.pdf,,,,,,,,,,,,,,,,NO,,,,,,
"East Gwillimbury, Tp",By-law 2024-053,Yes,"3. Applicable Lands(4) (e) farm buildings,where “farm building” means that part of a bona fide farming operationencompassing to an agricultural use, but excluding a residential use.",2025-06-25,,https://www.eastgwillimbury.ca/en/government/resources/Documents/DevelopmentCharges/2024-DC/2024-053-DC-Amendments-2024.pdf,,,,,,,BY-LAW  2013-066,No,,2018-10-02,,https://www.eastgwillimbury.ca/en/government/resources/Documents/Fill-By-law-2013-066---Updated.pdf,By-Law 2020-085,Yes,"means a Dog that is specifically trained to work and/or live with domestic farm Animals (ie. cattle, sheep, goats, etc.) without causing them harm while aggressively repelling predators;",No,,No,No,Yes,No,,,,https://www.eastgwillimbury.ca/en/By-law-and-Parking/Animal-Care-and-Control-By-law-2020-085.pdf,BY-LAW NUMBER 2020-085Animal Control and Care,Yes,6,2020-10-20,,No,Yes,2;3;4,https://www.eastgwillimbury.ca/en/By-law-and-Parking/Animal-Care-and-Control-By-law-2020-085.pdf,,,,,,https://acrobat.adobe.com/id/urn:aaid:sc:US:80b3c0e5-b5fb-4f16-acbf-e80107e3946d,YES,YES,YES,YES,YES,YES,https://www.eastgwillimbury.ca/en/government/resources/Documents/Fence-By-law-2019-130.pdf
"East Hawkesbury, Tp",,,,,,,,,,,,,,,,,,,BY-LAW NUMBER 2008-61,No,,No,,No,Yes,Yes,No,,2008-09-08,,https://www.easthawkesbury.ca/media/grhfa2ci/animal-control-by-law.pdf,,,,,,,,,,,,,,,,NO,,,,,,
"East Zorra-Tavistock, Tp",By-Law 2024 - 21,Yes,3. Applicable Lands(3) This by-law shall not apply to:(a) Farm Buildings as defined herein,2024-04-05,,https://www.ezt.ca/media/gqtlpfuj/2024-21_dev_charges_by-law.pdf,,,,,,,,,,,,,BY-LAW 2001 - 54,No,,No,,,,No,,NOT KNOWN,2001-10-17,,https://www.ezt.ca/en/township-office/resources/Policies-and-By-laws/2001-054_animal_control_by-law_2016_Consolidated.pdf,,,,,,,,,,,,,,,,NO,,,,,,
"Edwardsburgh/Cardinal, Tp",,,,,,,,,,,,,,,,,,,BY-LAW 2016-85,No,,No,,No,Yes,Yes,No,NOT KNOWN,2016-12-12,,https://www.twpec.ca/Modules/Bylaws/Bylaw/Download/1c04cec7-37c4-478e-857f-21b7eca4402e,BY-LAW NO. 2025-22,Yes,Other,2025-04-29,,,No,Yes,https://www.twpec.ca/media/gwifhzrj/by-law-2025-22-04292025_domestic-fowl.pdf,BY-LAW NO. 2023-48,Yes,"9. GENERAL 9.1 Where a property is used as an Agricultural Use, the property is exempt from this policy.  ""Agricultural Use"" - shall be as defined in the Township's Zoning Bylaw.",2023-09-25,,https://www.twpec.ca/Modules/Bylaws/Bylaw/Download/8ff455d0-cee4-484d-8a4c-e892a00e4437,YES,NO,NO,YES,YES,NO,https://www.twpec.ca/media/crrbac3j/2022-41-regulate-the-erection-height-and-maintenance-of-boundary-fences.pdf
"Elgin, Co",,,,,,,,,,,,,,,,,,,,,,,,,,,,,,,,see local municipalities,,,,,,,,,"By-Law 05-03, as amendedWoodlands Conservation By-Law",No,2. i) Good Forestry - See Section 2ii) Circumference Limit - See Schedule A for more detailsWood lands/wood lots can be cleared if granted a Council Exemption - See Section 4,2005-11-13,,https://www.elgincounty.ca/wp-content/uploads/2023/02/Woodlands-Conservation-Consolidated-By-Law-June-9-2021.pdf,NO,,,,,,
"Elizabethtown-Kitley, Tp",,,,,,,,,,,,,,,,,,,By-law Number 18-16,No,,No,,No,Yes,Yes,No,NOT KNOWN,2018-03-26,,https://elizabethtownkitley.civicweb.net/filepro/document/18291/18-16%20Kennel%20By-law.pdf,,,,,,,,,,,,,,,,NO,,,,,,
"Elliot Lake, C",,,,,,,,,,,,,,,,,,,BY-LAW NO. 22-100,No,,No,,No,Yes,,,NOT KNOWN,2022-10-11,,https://www.elliotlake.ca/Modules/Bylaws/Bylaw/Download/ece59e39-c1b0-4985-8b2a-aca6ee33627e,,,,,,,,,,BY-LAW NO. 19-09,No,,2019-03-25,,,NO,,,,,,
"Emo, Tp",,,,,,,,,,,,,,,,,,,,,,,,,,,,,,,,,,,,,,,,,,,,,,,YES,YES,NO,NO,,NO,https://emo.ca/wp-content/uploads/2015/02/FenceBy-law.pdf
"Englehart, Tp",,,,,,,,,,,,,,,,,,,BY-LAW  2022-03,No,,No,,No,Yes,Yes,No,4 (for agricultural zone),2022-01-26,,https://englehart.municipalwebsites.ca/ckfinder/connector?command=Proxy?=en&amp;type=Files&amp;currentFolder=%2F&amp;hash=c245c263ce0eced480effe66bbede6b4d46c15ae&amp;fileName=By-Law%202022-03%20-%20Animal%20Control(1).pdf,,,,,,,,,,By-Law 2019-06,No,,2019-02-27,,https://englehart.municipalwebsites.ca/ckfinder/connector?command=Proxy?=en&amp;type=Files&amp;currentFolder=%2F&amp;hash=c245c263ce0eced480effe66bbede6b4d46c15ae&amp;fileName=By-Law%202019-06%20-%20Tree%20Canopy%20Natural%20Vegetatio%20Policy.pdf,NO,,,,,,
"Enniskillen, Tp",,,,,,,,,,,,,,,,,,,BY-LAW 24 of 2011,No,,No,,No,Yes,Yes,No,none,,,https://www.enniskillen.ca/services/animals/,,,,,,,,,,,,,,,,NO,,,,,,
"Erin, Tp",By-Law  24 – 35,Yes,"SEE SECTION 3.10 c)c) the development of non-residential farm buildings constructed for bona fide farm uses, which qualify as a farm business, being that which operates with a valid Farm Business Registration Number and is assessed in the Farmland Realty Tax Class;",2024-06-27,,https://www.erin.ca/media/4805/24-35-development-charges-by-law-1.pdf,,,,,,,BY.LAW NUMBER 16-30Site Alteration By-Law,Yes,"The provisions of this by-law do not apply to; the removal of topsoil as an incidental part of a normal agricultural practice, including such removal as an incidental part of sod-farming, greenhouse operations and nurseries for horticultural products, provided however that this provision shall not exempt from the by-law the removal of topsoil for sale, exchange or other disposition.",2016-05-03,,https://www.erin.ca/media/1229/16-30-site-alteration.pdf,BY-LAW 15-57,No,,No,,No,Yes,Yes,No,none,2015-12-15,,https://www.erin.ca/media/1200/15-57-regulate-dogs.pdf,BY-LAW 16- 33Regulate Keeping of Animals,Yes,"5 Galliformes in a R1, R2, R3 and FD Zone in the Town of Erin Zoning Bylaw",2016-06-07,,No,No,,https://www.erin.ca/media/1234/16-33-regulate-keeping-of-animals.pdf,,,,,,,YES,YES,NO,YES,YES,YES,https://www.erin.ca/media/1013/10-52-town-of-erin-fences.pdf
"Espanola, Tp",,,,,,,,,,,,,,,,,,,BYLAW NO 2790/17,No,,No,,No,Yes,Yes,Yes,none,2017-05-24,,https://www.espanola.ca/ModuleFile/2790_Regulate_Dogs_Cats_and_other_animals-Espanola.pdf?id=152,,,,,,,,,,,,,,,,NO,,,,,,
"Essa, Tp",BY-LAW NO. 2023 - 32,Yes,5. EXEMPTIONS AND DISCOUNTS(1) This By-law shall not apply to land that is owned by and used for the purposes of: (c) a non-residential farm building;,2023-06-21,,https://www.essatownship.on.ca/media/q4wgvpjc/2023-32-development-charges.pdf,,,,,,,BY-LAW NO. 2019-84,Yes,"5. EXCEPTIONS5.2 A Bona Fide Farmer for a Bona Fide Farming Purpose carrying out an Agricultural Operation on Agricultural Lands Place or Dumping of Fill, Removing of Soil or Topsoil, Altering the Grade of Lands or storing Soil.",2019-12-18,,https://www.essatownship.on.ca/media/lqxoo15o/2019-84-fill-bylaw-r1.pdf,BY-LAW NO. 2006 - 18amended 2023-09,Yes,"a dog that is specifically trained to work or live with domestic animals (e.g. cattle, sheep, poultry) without causing harm while aggressively repelling predators and is used exclusively for that purpose.",Yes,a dog that has been trained to and actively assists its owner(s) with herding in a bona fide farming operation for the purposes of controlling livestock on the farm.,Yes,No,Yes,Yes,NOT KNOWN,2006-03-15,,https://www.essatownship.on.ca/media/mxajvcmw/06-18-consolidated-canine-control.pdf,,No,,,,,,,,,,,,,,YES,YES,YES,YES,YES,NO,https://www.essatownship.on.ca/media/lzbhw5ie/2017-40-fences.pdf
"Essex, Co",,,,,2024-08-28,,,,,,,,,,,,,,,,,,,,,,,,,,,see local municipalities,,,,,,,,,,,,,,,NO,,,,,,
"Essex, Tp",By-Law Number 2384,Yes,"the development of non-residential farm buildings constructed for bona fide farm uses, which qualify as a farm business, being that which operates with a valid Farm Business Registration Number and is assessed in the Farmland Realty Tax Class;",2024-10-26,2024-08-28,https://portal.laserfiche.ca/Portal/DocView.aspx?id=416840&amp;repo=r-0001d3ce20a9,,,,,,,By-Law Number 1799,No,,2019-08-06,,https://www.essex.ca/en/build/resources/By-Law-No.-1799-Fill-Permit.pdf,By-Law Number 1966,Yes,a Dog that works and/or lives with Livestock to protect them while repelling predators and is used exclusively for that purpose.,Yes,a Dog that has been trained and is actively being used in an agricultural operation for the purposes of controlling Livestock on the farm;,Yes,No,Yes,No,NOT KNOWN,2023-03-06,,https://www.essex.ca/en/town-hall/resources/By-Laws/By-Law-No.-1966---Animal-Care-and-Control-3rd-Reading.pdf,,,,,,,,,,,,,,,,YES,YES,NO,YES,,NO,https://www.essex.ca/en/town-hall/resources/Fence_By-law_384_acc.pdf
"Evanturel, Tp",,,,,,,,,,,,,,,,,,,,,,,,,,,,,,,,,,,,,,,,,,,,,,,NO,,,,,,
"Faraday, Tp",,,,,,,,,,,,,,,,,,,BY-LAW NO. 25-2016,No,,No,,No,Yes,Yes,No,NOT KNOWN,2016-06-01,,https://www.faraday.ca/wp-content/uploads/2019/11/Dog-By-Law-2016.pdf,BY-LAW NO. 18-2021Exotic Animal By-law,No,,,,,,,https://www.faraday.ca/wp-content/uploads/2021/05/Exotic-Animal-By-law.pdf,,,,,,,NO,,,,,,
"Fauquier-Strickland, Tp",,,,,,,,,,,,,,,,,,,,,,,,,,,,,,,,,,,,,,,,,,,,,,,NO,,,,,,
"Fort Erie, Tp",By-law 20-2024,Yes,"Discretionary Exemptions 3.10 Notwithstanding the provisions of this By-law, development charges shall not be imposed with respect to:  (c) agricultural uses;",2024-01-29,,https://www2.forterie.ca/bylaws/2024-020/$FILE/020-2024%20DC%20By-law%20General%20Services.pdf,,,,,,,BY-LAW NO. 201-96,Yes,"2. APPLICATION OF BY-LAW AND EXEMPTION 2.4 This by-law does not apply to or where: (g) properties are being actively farmed in their entirety and are in agricultural production, failing which a permit shall be obtained.",1996-10-28,,https://www.forterie.ca/F-S-Alteration-Bylaw-201-96.pdf,By-law No. 73-2021,No,,No,,No,Yes,Yes,Yes,NOT KNOWN,2021-05-31,,https://www2.forterie.ca/bylaws/2021-073/$FILE/73-2021%20Animal%20By-law.pdf,By-law No. 73-2021Animal Welfare By-law,No,,,,,,,https://www2.forterie.ca/bylaws/2021-073/$FILE/73-2021%20Animal%20By-law.pdf,By-law 33-2024,Yes,"r) The Harvesting, Injuring or Destruction of Trees by a Farmer that involves the clearing of Trees for Agricultural Use on land that is owned by the Farmer doing the clearing and is part of a farm operation or farm corporation that has existed for at least three (3) years prior to such clearing; The clearing shall be carried out in accordance with Normal Farm Practices as defined in the Farming and Food Production Protection Act, 1998, S.O. 1998, c. 1, as amended, provided that;the land that is cleared is put into Agricultural Use within three (3) years of the date on which such clearing commences; the land being cleared for Agricultural Use is outside the Urban Boundary, and is designated in the Official Plan and zoned for Agricultural Use in the Zoning By-law.",2024-03-18,,https://www.forterie.ca/en/build-and-invest/resources/documents/Planning/033-2024-Being-a-By-law-to-Regulate-the-Destruction-or-Injuring-of-Trees-within-Fort-Erie-(revised).pdf,YES,YES,NO,YES,YES,NO,https://www.forterie.ca/en/build-and-invest/resources/documents/By-law-No.-71-2016.pdf
"Fort Frances, Tp",,,,,,,,,,,,,,,,,,,BY-LAW No. 50-17,Yes,a dog that works and/or lives with domestic farm animals to protect them while repelling predators and is used exclusively for that purpose;,Yes,a dog that has been trained and is actively being used in a bona fide farming operation for the purposed controlling of livestock on the farm;,No,No,Yes,Yes,none,2017-10-23,,https://fortfrances.civicweb.net/filepro/documents/search/search?keywords=dog&amp;page=1&amp;location=131&amp;preview=78842,BY-LAW No. 50-17Animal Control,Yes,none,2017-10-23,,No,No,2;3;4;9,https://fortfrances.civicweb.net/filepro/document/78842/50~17%20Animal%20Control.pdf,,,,,,,YES,YES,YES,NO,NO,YES,
"French River, M",,,,,,,,,,,,,,,,,,,BY-LAW 2022-13,No,,No,,Yes,Yes,No,,NOT KNOWN,2022-04-06,,https://www.frenchriver.ca/Home/DownloadDocument?docId=6903aa4e-24c2-4121-9a33-b893605753c8,,,,,,,,,,BY-LAW 2005-37,No,,2005-07-20,,https://frenchriver.municipalwebsites.ca/ckfinder/connector?command=Proxy?=en&amp;type=Files&amp;currentFolder=%2FDocuments%2F&amp;hash=c245c263ce0eced480effe66bbede6b4d46c15ae&amp;fileName=TreeHarvestingBylaw.pdf,YES,YES,YES,YES,YES,NO,https://www.frenchriver.ca/Home/DownloadDocument?docId=8c0f9e8d-0651-4fcc-9aa4-e2340805bdfb
"Front of Yonge, Tp",,,,,,,,,,,,,,,,,,,BY-LAW  12-17,No,,No,,No,Yes,Yes,No,NOT KNOWN,2017-05-15,,https://mallorytown.ca/wp-content/uploads/2020/10/Dog-Control-By-law-2017.pdf,BY-LAW  05-21,Yes,6,2021-02-01,,No,Yes,NOT KNOWN,https://mallorytown.ca/wp-content/uploads/2021/02/Poultry-in-the-Village-of-Mallorytown-Adopted.pdf,,,,,,,YES,NO,NO,NO,NO,NO,https://mallorytown.ca/wp-content/uploads/2020/10/Fencing-By-law.pdf
"Frontenac Islands, Tp",By-Law Number 2021-20,Yes,4. Applicable Lands(2) f) a non-residential farm building;,2021-08-04,2026-08-04,https://www.frontenacislands.ca/en/municipal-government/resources/By-Laws/By-law-2021-20-Development-Charges.pdf,,,,,,,,,,,,,,,,,,,,,,,,,,,,,,,,,,,,,,,,,NO,,,,,,
"Frontenac, Co",,,,,,,,,,,,,,,,,,,By-law 68-22,No,,No,,No,Yes,Yes,No,none,2022-09-23,,https://frontenac.civicweb.net/filepro/documents/search/search?keywords=animal&amp;page=1&amp;preview=237316,,,,,,,,,,,,,,,,NO,,,,,,
"Gananoque, Tp",BY-LAW NO. 2021-070,No,,2021-06-01,,https://s3.ca-central-1.amazonaws.com/gananoque.ca/s3fs-public/2021-070-Establish%20a%20Development%20Charges%20By-law-01Jun2021.pdf,,,,,,,BY-LAW 2016-050Regulate Placing or Dumping of Fill or the Alteration of Grade of Land,No,"PROHIBITIONS 2. a) No person shall remove, place or dump fill on land, or cause fill to be removed, placed or dumped on land, or alter the grade of land in the Town without having first obtained a permit issued by the Director. c) The provisions of subsection (a) of this section do not apply in those areas of the Town where: viii) fill is dumped or placed on lands zoned ""Prime Agricultural or Rural"" where there is an alteration to the grade of land as an incidental part of a commonly accepted agricultural practice;",2016-06-07,,https://www.gananoque.ca/sites/gananoque.ca/files/by-laws/2016-050%20-%20Regulate%20Placing%20or%20Dumping%20of%20Fill%20or%20the%20Alteration%20of%20Grade%20of%20Land.pdf,BY-LAW NO. 2010-03,No,,No,,No,Yes,Yes,No,NOT KNOWN,2010-06-30,,https://www.gananoque.ca/sites/gananoque.ca/files/by-laws/By-law%20No.%202010-03-Animal%20Control-Consolidated-13Aug2013.pdf,By-law 2020-092Urban Hen By-law,Yes,6,2020-08-11,,No,Yes,NOT KNOWN,https://www.gananoque.ca/sites/gananoque.ca/files/by-laws/2020-092-Urban%20Hen%20By-law-11Aug2020.pdf,,,,,,,NO,,,,,,
"Gauthier, Tp",,,,,,,,,,,,,,,,,,,,,,,,,,,,,,,,,,,,,,,,,,,,,,,NO,,,,,,
"Georgian Bay, Tp",BY-LAW 2024-054,Yes,Exemptions a) a non-residential farm building or structure;,2024-12-31,,https://georgianbay.civicweb.net/document/226808/,,,,,,,BY-LAW NO. 2014-72,No,,2014-11-10,,https://georgianbay.civicweb.net/filepro/document/122141/2014-072%20To%20prohibit%20and%20regulate%20the%20placing%20or%20dumping%20or%20removal%20of%20fill%20in%20areas%20of%20the%20Township%20of%20Georgian%20Bay.pdf,BY-LAW 2017-26,No,,No,,No,Yes,Yes,No,NOT KNOWN,,,https://www.gbtownship.ca/en/township-hall/resources/Documents/2017-26-Animal-Control-By-law.pdf,,No,,,,,,,https://www.gbtownship.ca/en/township-hall/resources/2023-By-Law/Animal-Control-By-law-2023-013.pdf,BY-LAW NO. 2014-73,No,,2014-11-10,,https://www.gbtownship.ca/en/township-hall/resources/Documents/2014-073-Tree-Cutting.pdf,NO,,,,,,
"Georgian Bluffs, Tp",,,,,,,,,,,,,,,,,,,BY-LAW NO. 79-2013,No,,No,,No,Yes,No,,"none(b) No person shall keep more than 3 dogs per household except lor Guide Dogs, Service Dogs, Working Dogs or Hunting Dogs, unless licensed under a kennel or breeding and boarding establishment license.",2013-09-04,,https://www.georgianbluffs.ca/en/business-development/resources/79-2013-Animal-Control.pdf,By-law Number 2024-040,No,6,2024-06-12,,,No,NOT KNOWN,"https://www.georgianbluffs.ca/media/0tbcmmhx/backyard-poultry-by-law.pdf:~:text=By,residential%20areas%20of%20the%20Township",,,,,,,NO,,,,,,
"Georgina, Tp",BYLAW NUMBER 2025-0053,Yes,3. Applicable Lands(3) a) the development of a non-residential farm building used for bona fide agricultural purposes;,2025-09-01,,https://pub-georgina.escribemeetings.com/filestream.ashx?DocumentId=19330,Georgina Stormwater Rate,Yes,,,,https://www.georgina.ca/stormwater-rate,BY-LAW NUMBER 2022-0038,Yes,,2022-05-11,,https://www.georgina.ca/sites/default/files/2022-09/By-Law_2022-0038%20%28REG-1%29.pdf,"BY-LAW NUMBER 2004-0130 (tr,3)",No,,No,,No,Yes,Yes,No,NOT KNOWN,2004-12-13,,https://www.georgina.ca/sites/default/files/page_assets/clerks_20040130li-3.pdf,BY -LAW 2022-0020 (LI-3) Urban Hens By-law,Yes,4 per lot,2022-03-30,,No,Yes,2;3;4;5,https://www.georgina.ca/sites/default/files/page_assets/bylaw_2022-0020_license_and_regulate_urban_hens_march_30_2022.pdf,,,,,,,NO,,,,,,
"Gillies, Tp",,,,,,,,,,,,,,,,,,,,,,,,,,,,,,,,,,,,,,,,,,,,,,,NO,,,,,,
"Goderich, T",,No,,2021-10-18,2026-10-18,https://www.goderich.ca/en/doing-business/resources/Building-and-Planning/By-Law-123-2021-Development-Charges-accessible.pdf,,,,,,,,,,,,,BY-LAW NO. 63 OF 2017,No,,No,,No,Yes,Yes,No,,2017-06-19,,https://www.goderich.ca/en/town-hall-and-services/resources/Documents/By-Laws/63-2017-Animal-Control-By-Law-Accessible.pdf,,No,,,,,,,https://www.goderich.ca/en/town-hall-and-services/resources/By-Laws/63-2017-Animal-Control-By-Law-Accessible.pdf,BY-LAW NO. 82-1993,No,,1993-10-18,,,YES,YES,NO,,,NO,https://www.goderich.ca/en/town-hall-and-services/resources/By-Laws/120-2023---Amends-Fence-By-Law-36-1994.pdf
"Gordon/Barrie Island, M",,,,,,,,,,,,,,,,,,,BY-LAW 2020-05,No,,No,,No,Yes,Yes,No,NOT KNOWN,2020-04-07,,https://www.gordonbarrieisland.ca/app/download/18635185825/Animal+Control+By-Law+2020-05.pdf?t=1704212942,,,,,,,,,,,,,,,,NO,,,,,,
"Gore Bay, Tp",,,,,,,,,,,,,,,,,,,BY-LAW 2020-02,No,,No,,No,Yes,Yes,No,NOT KNOWN,2020-01-13,,https://www.gorebay.ca/uploads/file-uploads/by-laws/by-law-2020-02-licensing-and-control-of-dogs-final-copy.pdf,By-law No. 2021-16Exotic Pet By-law,No,,,,,,,https://www.gorebay.ca/uploads/file-uploads/by-laws/2021-16-exotic-pet.pdf,,,,,,,NO,,,,,,
"Grand Valley, Tp",BY-LAW NO. 2024-33,Yes,"Notwithstanding the provision of this by-law, development charges shall not be imposed with respect to: non-residential farm buildings",2024-06-11,2034-07-17,https://www.townofgrandvalley.ca/media/awbboa5n/2024-33.pdf,,,,,,,BY-LAW  2022-60,Yes,"This by-law is not applicable to the following uses:(m) the removal of topsoil incidental as part of a normal farm practice including such removal as an incendidatal aprt of sod farming, greenhouse operations and nurseries for horticultural products, but this by-law is applicable to the removal of topsoil and removal, placement or re-placement of sub-strata for sale, exchange or other disposition.",2022-09-27,,"https://www.townofgrandvalley.ca/media/matlmre1/2022-60.pdf:~:text=4,law",By-law 2022 - 10,Yes,"a Dog which is actively guarding farm animals, such as cattle or sheep, and such Dog is under the control of its Owner, who shall be a registered member of Ontario Federation of Agriculture or Christian Farmers Federation of Ontario;",No,,No,Yes,No,,none,2022-01-25,,https://www.townofgrandvalley.ca/en/town-hall/resources/Documents/By-Laws/2022-10.pdf,,No,,,,,,,,By-law 2019-10,No,,2019-02-12,,https://www.townofgrandvalley.ca/en/town-hall/resources/Documents/By-Laws/2019-10.pdf,YES,YES,YES,YES,YES,NO,https://www.townofgrandvalley.ca/media/ynkox1e1/2020-31-consolidated-july-2022.pdf
"Gravenhurst, Tp",BY-LAW NO. 2024-110,Yes,"Subject to Section 14 herein, the following types of development shall be exempt from payment of development charges:  the development of a farm building",2025-01-01,2035-01-01,https://gravenhurst.civicweb.net/document/116439/,,,,,,,BY-LAW 2014-27,No,,2014-03-25,,https://gravenhurst.civicweb.net/document/34350/,BY-LAW NO. 2018-26,Yes,"a dog that is specifically trained to work and live with domestic farm animals ( i. e. cattle, sheep) without causing them harm while aggressively repelling predators and is used exclusively for that purpose, and includes the following breeds; Akbash, Great Pyrenees, Komondor, and Maremma.",No,,Yes,No,Yes,No,"3.4 Council will consider written requests for exemptions to the maximum number of dogs in special circumstances, and when the number of dogs exceeds the maximum when Farm Working Dog( s), Livestock Guardian dog( s), Hunting dog( s) are included in the total number of dogs.",2018-03-20,,https://gravenhurst.civicweb.net/document/34965/,,,,,,,,,,BY-LAW 2014-26,Yes,"4. EXEMPTIONSc) the injury or destruction of trees, subject to the Farming and Food Production Protection Act, to continue or enlarge an agriculture operation. For the purposed of this section, agricultural operations include tree farms of any kind.",2014-03-25,,https://gravenhurst.civicweb.net/document/34349/,NO,,,,,,
"Greater Madawaska, Tp",BY-LAW 26-2022,No,,2022-04-19,2027-04-19,https://www.greatermadawaska.com/en/township-office/By-Laws/26-2022-Develompent-Charges-Option-2.pdf,,,,,,,,,,,,,BY-LAW NUMBER 9-2008 AMENDED BY 28-2018,No,,No,,No,Yes,Yes,No,NOT KNOWN,2008-04-17,,https://www.greatermadawaska.com/en/township-office/By-Laws/By-law-09-2008-Animal-Control.pdf,,No,,,,,,,https://www.greatermadawaska.com/en/township-office/By-Laws/By-law-09-2008-Animal-Control.pdf,,,,,,,NO,,,,,,
"Greater Napanee, Tp",By-law 2024-105,Yes,A non-residential farm building constructed for bona fide farm uses,2024-07-01,2034-06-01,https://www.greaternapanee.com/media/f0lnbgh1/2025-development-charges-summary-updated-jan-1-25.pdf,,,,,,,,,,,,,By-law No. 2024-0055,Yes,“Working Farm Dogs” include dogs that are used for herding or guarding livestock on a farm.,No,,Yes,No,Yes,Yes,3 (does not apply to farm dogs),2024-09-24,,"https://www.greaternapanee.com/media/g2lpd1p0/by-law-no-2024-0055-provide-for-the-licensing-registration-and-regulation-of-the-keeping-and-controlling-of-dogs.pdf:~:text=,be%20utilized%2C%20provided%20it",,,,,,,,,,,,,,,,NO,,,,,,
"Greater Sudbury, C",By-law 2024-105,No,"Notwithstanding the provision of this By-law, development charges shall not be imposed with respect to the development of non-residential farm buildings constructed for bona fide farming uses",2024-07-01,2024-06-30,https://www.greatersudbury.ca/live/building-and-renovating/development-charges/development-charges-pdfs/dc-bylaw-2024-105/,,,,,,,BY-LAW 2009-170amended by BY-LAW 2021-118,No,,2021-06-29,,https://www.greatersudbury.ca/sites/sudburyen/assets/content/div_clerks/documents/Regulate_Removal_of_Topsoil_Bylaw_2009-170.pdf,By-law 2017-22,No,,No,,No,Yes,Yes,No,No,2017-01-10,,https://www.greatersudbury.ca/live/animal-services-and-wildlife/pdfs/animal-control-bylaw/,,No,,,,,,,,,,,,,,NO,,,,,,
"Greenstone, M",,,,,,,,,,,,,,,,,,,BY-LAW N0. 05-66,No,,No,,No,Yes,Yes,No,NOT KNOWN,2005-12-12,,https://greenstone.civicweb.net/filepro/documents/23955/?preview=24305,,No,,,,,,,https://greenstone.civicweb.net/filepro/document/24305/By-Law%2005-66%20Animal%20Control%20By-law.pdf,,,,,,,YES,YES,NO,YES,YES,NO,"https://greenstone.civicweb.net/document/24332/:~:text=Page%201%20of%206%20THE,25%2C%20as%20amended"
"Grey Highlands, M",By-law No. 2023-019,Yes,"3. APPLICABLE LANDS (2) This by-law shall not apply to land that is owned by and used for the purposes of: (e) farm buildings,where ""Farm building"" means a building or structure actually used as part of or in connection with a bona fide farming operation and includes barns, silos, and other buildings or structures ancillary to a bona fide farming operation, but excluding a residential use.",2023-02-15,,https://greyhighlands.civicweb.net/document/307767/,,,,,,,By-law No. 2023-083,No,,2023-06-21,,https://greyhighlands.civicweb.net/document/319965/,By-law No. 2021-071,No,,No,,No,Yes,No,,53.4LIMIT OF DOGS (a)No person shall keep or harbour more than three (3) dogs at any one time in a dwelling unit or on any individually conveyable land located within the boundaries of the Municipality. (b)Section 3.4 (a) shall not apply to the keeping of 2 additional hunting/working dogs,2021-07-21,,https://greyhighlands.civicweb.net/document/292927/,By-law No. 2022-055Backyard Poultry By-law,Yes,4 (for residential zone),2022-06-01,,No,No,2;3;4,https://greyhighlands.civicweb.net/document/287934/,BY-LAW  4341-06,No,,2006-11-28,,https://countyofgrey.sharepoint.com/sites/Grey_County_Site/Corporate%20Communications/Forms/AllItems.aspx?id=%2Fsites%2FGrey%5FCounty%5FSite%2FCorporate%20Communications%2FWeb%20Content%2F2024%20Public%20PDFs%2F4341%2D06%20Consolidated%20Forest%20Management%20By%2DLaw%20as%20Amended%20by%20By%2DLaws%204443%2D07%2C%204515%2D08%2C%204652%2D10%20and%20%204734%2D11%2Epdf&amp;parent=%2Fsites%2FGrey%5FCounty%5FSite%2FCorporate%20Communications%2FWeb%20Content%2F2024%20Public%20PDFs&amp;p=true&amp;ga=1https://countyofgrey.sharepoint.com/sites/Grey_County_Site/Corporate Communications/Forms/AllItems.aspx?id=%2Fsites%2FGrey%5FCounty%5FSite%2FCorporate%20Communications%2FWeb%20Content%2F2024%20Public%20PDFs%2F4341%2D06%20Consolidated%20Forest%20Management%20By%2DLaw%20as%20Amended%20by%20By%2DLaws%204443%2D07%2C%204515%2D08%2C%204652%2D10%20and%20%204734%2D11%2Epdf&amp;parent=%2Fsites%2FGrey%5FCounty%5FSite%2FCorporate%20Communications%2FWeb%20Content%2F2024%20Public%20PDFs&amp;p=true&amp;ga=1,NO,,,,,,
"Grey, Co",By-Law 5128-22,Yes,(e),2022-01-01,2027-01-01,https://acrobat.adobe.com/id/urn:aaid:sc:US:8aa0b956-6bbc-4a74-a604-e96106cfb46e,,,,,,,,,,,,,,,,,,,,,,,,,,,,,,,,,,,BY-LAW  4341-06,No,,2006-11-28,,https://countyofgrey.sharepoint.com/sites/Grey_County_Site/Corporate%20Communications/Forms/AllItems.aspx?id=%2Fsites%2FGrey%5FCounty%5FSite%2FCorporate%20Communications%2FWeb%20Content%2F2024%20Public%20PDFs%2F4341%2D06%20Consolidated%20Forest%20Management%20By%2DLaw%20as%20Amended%20by%20By%2DLaws%204443%2D07%2C%204515%2D08%2C%204652%2D10%20and%20%204734%2D11%2Epdf&amp;parent=%2Fsites%2FGrey%5FCounty%5FSite%2FCorporate%20Communications%2FWeb%20Content%2F2024%20Public%20PDFs&amp;p=true&amp;ga=1,NO,,,,,,
"Grimsby, Tp",BY-LAW NO. 21-14,Yes,"3. 5 ExemptionsNotwithstanding the provisions of this by-law, development charges shall not be imposed with respect to: (b) Bona fide farm (non-residential) buildings including wholesale greenhouse facilities and structures,where “farm building” means that part of a bona fide farming operation encompassing barns, silos and other ancillary development to an agricultural use, but excluding a residential use and would include wholesale greenhouse facilities and structures;",2021-03-22,2026-03-22,https://www.grimsby.ca/en/doing-business/resources/Documents/Public-Works-documents/DC-Study-docs/Development-Charge-By-law-21-14-Unsigned.pdf,,,,,,,BY-LAW NO. 2020-44,Yes,"PART IV - EXEMPTIONS15. (m) (ii) carried on by Owners or properties that have an active registration as a ""farming business"" as defined in the Farm Registration and Farms Organization Funding Act and are in good standing udner that statute",2020-05-19,,https://www.grimsby.ca/en/town-hall/resources/Documents/2020-044-002-Fill.pdf,By-law No. 10-06,No,,No,,No,Yes,No,,NOT KNOWN,2012-06-04,,https://www.grimsby.ca/en/town-hall/resources/Documents/To-regulate-animal-care-and-control-in-the-Town-of-Grimsby-By-Law-No.-10-06-FINAL.pdf,,No,,,,,,,,,,,,,,NO,,,,,,
"Guelph, C","By-law Number (2024) – 20866, asamended by (2024) – 20997",No,NO MENTION OF AGRICULTURE (CITY),2024-03-02,2034-03-02,https://guelph.ca/wp-content/uploads/Development-Charges-Bylaw.pdf,By-law Number (2023) - 20839,No,Monthly charge: $8.80,2024-01-01,,https://guelph.ca/wp-content/uploads/Stormwater-Fees-Charges-Bylaw.pdf,By-Law Number (2016)- 20097,,,2016-09-26,,https://guelph.ca/wp-content/uploads/Site_Alteration_Bylaw.pdf,By-law Number (2016)-20122 Animal Control Bylaw,No,,No,,No,Yes,Yes,No,none,2016-12-19,,https://guelph.ca/wp-content/uploads/animalcontrolbylaw.pdf,By-law Number (2016)-20122 Animal Control Bylaw,Yes,"10 unless they are kept at all times in a pen that: a) Has a coop with a solid floor that is lined with an appropriate material to absorb fecal matter and facilitate cleaning, and is disinfected regularly; and b) Complies in all respects with the City’s Zoning By-law.",2016-12-19,,No,,NOT KNOWN,https://guelph.ca/wp-content/uploads/animalcontrolbylaw.pdf,By-law Number (2025) – 21059,No,,2025-04-25,,https://pub-guelph.escribemeetings.com/filestream.ashx?DocumentId=61385,YES,YES,YES,,,,https://guelph.ca/living/house-and-home/fences/
"Guelph/Eramosa, Tp",By-Law Number 28/2023,Yes,"Notwithstanding the provision of this By-law, development charges shall not be imposed with respect to: he development of non-residential farm buildings constructed for bona fide farming uses",2024-09-16,2035-09-15,https://www.get.on.ca/uploads/userfiles/files/28-2023%20-%20Water%20Services%20DC%20By-law(1).pdf,,,,,,,By-law Number 22/2021Site Alteration By-law Consolidated August 2021,No,,2021-05-03,,https://www.get.on.ca/uploads/userfiles/files/By-laws/Consolidations/22-2021%20-%20Site%20Alteration%20By-law%20Consolidated%20August%202021.pdf,By-law Number 80/2016Dog by-Law,No,,No,,No,Yes,Yes,No,NOT KNOWN,2016-12-05,,https://www.get.on.ca/uploads/userfiles/files/By-laws/Consolidations/080-2016%20Dog%20Control%20By-law%20(Consolidated%2008_09_2021).pdf,By-law Number 04/2025,Yes,10,,,,No,7,"https://www.get.on.ca/uploads/userfiles/files/By-laws/2025/Domestic%20Poultry%20By-law%2025-04.pdf:~:text=The%20Corporation%20of%20the%20Township,within%20the%20Township%20of%20Guelph%2FEramosa",BY-LAW NUMBER 5115-09Forest Conservation By-law,,,,,https://www.wellington.ca/en/government/resources/Bylaw5115-09.pdf,YES,NO,NO,YES,YES,NO,https://www.get.on.ca/uploads/userfiles/files/By-laws/2023/047-2023%20-%20Fencing%20by-law.pdf
"Haldimand, Co","By-law Number 2042/19,amended: By-law Number 2422/23",Yes,"Exemptions From Development Charges9. Notwithstanding any other provision of this by-law, the following types of development are exempted from any development charges under this by-law: c) farm building constructed for bona fide farm uses,where “farm building” means that part of a bona fide farm operation encompassing barns, silos, and other ancillary development to an agricultural use that will be assessed in the Farmland Realty Tax Class by the Municipal Property Assessment Corporation, excluding: a residential, commercial, or an industrial use, including (but not limited to) cannabis retail, processing, or production facilities, and retail-related greenhouses.",2023-05-08,,"https://www.haldimandcounty.ca/wp-content/uploads/2020/03/Development-Charges-By-law-2042-19.pdf,%0d%0ahttps:/www.haldimandcounty.ca/wp-content/uploads/2023/05/Development-Charges-Amendment-By-law-2422-23.pdf",,,,,,,By-law No. 1664/16,No,,2016-05-02,,https://www.haldimandcounty.ca/wp-content/uploads/2023/08/Site-Alteration-By-law-1664-16-Consolidated-January-2020.pdf,By-law No.1396/13,No,,No,,No,Yes,Yes,Yes,Other,2013-09-23,,https://www.haldimandcounty.ca/wp-content/uploads/2018/04/Animal-Control-By-law-1396-13.pdf,,No,,,,,,,https://www.haldimandcounty.ca/wp-content/uploads/2018/04/Animal-Control-By-law-1396-13.pdf,By-law Number 2204/20,No,"5. EXEMPTIONS5.14 the Injuring or Destruction of Trees regulated as noxious weeds by the Ontario Ministry of Agriculture, Food and Rural Affairs;",2020-10-13,,https://www.haldimandcounty.ca/wp-content/uploads/2020/10/Forest-Conservation-By-law-2204-20.pdf,YES,YES,YES,YES,YES,YES,https://www.haldimandcounty.ca/government-administration/by-laws-and-policies/by-law-directory/fence-by-law/
"Haliburton, Co",,,,,,,,,,,,,,,,,,,,,,,,,,,,,,,,,,,,,,,,,By-law No. 3505,No,,2012-08-29,,https://haliburton.civicweb.net/filepro/documents/search/?keywords=tree&amp;location=528&amp;preview=73673,NO,,,,,,
"Halton Hills, Tp",BY-LAW NO. 2022- 0042,Yes,"3. Applicable Lands(2) This By-law shall not apply to land that is owned by and used for the purposes of: (e) a Non-residential Building in connection with an Agricultural use including “farm help quarters” for farming operation workers and farm storage structures;,where “Agricultural,” is used to describe a use or Development means a use or Development that is a bona fide farming operation including, notwithstanding the generality of the foregoing, greenhouses which are not connected to Regional water and wastewater services, sod farms and breeding and boarding of horses including barns, silos and other ancillary Development to such Agricultural Development but excluding any residential, commercial, industrial, or retail Development and does not include cannabis production facilities;",2022-07-04,,https://haltonhills.ic12.esolg.ca/en/your-government/By-Laws/BY-LAW%20NO.%202022-0042.pdf,,,,,,,BY-LAW NO. 2025-0009,Yes,"This By-law does not apply to:  (d) the removal of topsoil as an incidental part of a normal farm practice taking place as part of an agricultural operation, provided that the removal is not for sale, exchange or disposal of the topsoil.  3. Permit Exemptions - Land Use – Rural – Agricultural Use Zoning 3.1. Notwithstanding Section 4.1 of this By-law, a site alteration permit is not required for a site alteration on a property zoned for an agriculture use within the Rural Area of the Town, that is undertaken in compliance with this By-law and provided the requirements below are met: (a) dumping, placing or removal of topsoil for an agricultural operation provided that the approved grade (or existing grade, where there is no approved grade) of the lands is not increased by more than 0.15m, there is no significant change in the direction or rate of drainage to or from adjacent lands; the site alteration does not take place within 0.6m of any property line, and the cumulative total of the topsoil to be placed or dumped pursuant to all applicable permit exemptions does not exceed in any consecutive six (6) month period 29m³; (b) the dredging of an existing pond on a property zoned for an agricultural use within the Rural Area, provided the surface area of the pond in not increased and the pond depth is not increased beyond its original depth and no piles or berms of dredged material is created adjacent to the pond. Where possible, the dredged material should be worked into adjacent fields without changing drainage patterns.",2025-04-01,,https://haltonhills.ic12.esolg.ca/en/your-government/By-Laws/BY-LAW%20NO.%202025-0009.pdf,BY-LAW NO. 94-077 – CONSOLIDATED,Yes,"an animal that works and/or lives with domestic farm animals (eg. Cattle, sheep, poultry) to protect them while repelling predators and is used exclusively for that purpose.",Yes,a dog that has been trained to and is actively being used in a bona fide farming operation for the purposes of controlling livestock on the farm.,No,Yes,No,,NOT KNOWN,1994-06-13,,https://haltonhills.ic12.esolg.ca/en/your-government/By-Laws/BY-LAW%20NO.%201994-077.pdf,BY-LAW NO. 94-077Responsible Pet Owners By-law,Yes,4 in urban areas,1994-06-13,,No,Yes,2;3;4;5;9,https://www.haltonhills.ca/en/residents/resources/Documents/Urban%20Hens/Responsible-Pet-Owners-By-law-94-077.pdf,,,,,,,YES,YES,NO,YES,YES,NO,https://haltonhills.ic12.esolg.ca/en/your-government/By-Laws/BY-LAW%20NO.%202002-0060.pdf
"Halton, Regional M",BY-LAW NO. 25-22,Yes,"28. Exemptions for Certain Buildings(1) THAT the following are exempt from the payment of development charges under this By-law: (viii) land and buildings that are used in connection with agricultural development, including up to 278.7 square metres (3,000 sq. ft.) for any industrial, retail or commercial component therein that is accessory to the bona fide farm operation provided that with regards to any industrial, retail or commercial component at least six months must have elapsed since the last building permit has been issued for a building containing an industrial, retail, or commercial use on the lot.",2022-05-25,,https://www.halton.ca/getmedia/dd3ab58d-e476-453d-acb6-721345b71ed3/FIN-by-law-25-22.aspx,,,,,,,,,,,,,,,,,,,,,,,,,,,,,,,,,,,BY-LAW NO. 121-05,No,4. EXEMPTIONSk) Normal Farm Practices carried on as part of an agricultural operation outside the Urban Area.,2005-10-05,,https://www.halton.ca/getmedia/c43258a3-5f6a-4a4a-84a3-ebc3ea974af8/CAO-by-law-121-05.aspx,NO,,,,,,
"Hamilton, C",BY-LAW NO. 24-072,Yes,"Notwithstanding any other provision of this By-law, no Development Charges are imposed under this By-law respecting; (b) an Agricultural Use",2024-06-01,2034-06-01,https://www.hamilton.ca/sites/default/files/2024-05/24-072.pdf,,,,,,,By-law No. 19-286,Yes,Rural Area Exceptions from Permit Requirement  Minor Agricultural Application Requirements,2019-11-28,,https://www.hamilton.ca/sites/default/files/2023-05/19-286-consolidation-may2023-1.pdf,,,,,,,,,,,,,,,No,,,,,,,https://www.hamilton.ca/sites/default/files/2022-07/12-031-officeconsolidation-jun16-22.pdf,BY-LAW NO. 14-212,No,"""farm"" is defined but not used.",2014-08-15,,https://www.hamilton.ca/sites/default/files/2022-06/14-212.pdf,YES,YES,YES,YES,YES,YES,https://www.hamilton.ca/sites/default/files/2022-03/10-142_consolidated.pdf
"Hamilton, Tp",By-Law Number 2022-04,No,,2022-01-18,,https://acrobat.adobe.com/link/review?uri=urn:aaid:scds:US:e12d2911-a659-3e1e-b4ce-1dc52e8be26d,,,,,,,BY-LAW 2012-10,No,,2012-01-24,,https://acrobat.adobe.com/id/urn:aaid:sc:US:e98eb9d4-4a5b-42ee-9b86-164a9df09adf,By-law 2014-23,,,,,,,,,,,,"https://www.hamiltontownship.ca/en/resident-services/resources/BY-LAW-2014-23-ANIMAL-CONTROL-REGULATE-.pdf:~:text=%5BPDF%5D%20BY,WITHIN%20THE%20TOWNSHIP%20OF",,,,,,,,,,,,,,,,NO,,,,,,
"Hanover, Tp",,,,,,,,,,,,,,,,,,,BY-LAW NO. 2819-13,No,,No,,No,Yes,No,,NOT KNOWN,2013-08-12,,https://www.hanover.ca/media/369,,No,,,,,,,,Tree Canopy and Natural Vegetation Policy,No,,2019-02-19,,https://www.hanover.ca/sites/default/files/2023-10/BP-001%20Tree%20Canopy%20and%20Natural%20Vegetation.pdf,YES,YES,YES,NO,YES,YES,https://www.hanover.ca/media/1007
"Harley, Tp",,,,,,,,,,,,,,,,,,,,,,,,,,,,,,,,,,,,,,,,,,,,,,,NO,,,,,,
"Harris, Tp",,,,,,,,,,,,,,,,,,,,,,,,,,,,,,,,,,,,,,,,,,,,,,,NO,,,,,,
"Hastings Highlands, M",,,,,,,,,,,,,,,,,,,BYLAW 2019-098,No,,No,,,,No,,none,2019-11-20,,https://www.hastingshighlands.ca/media/ugxdmjjo/2019-098-regulating-the-keeping-of-dogs.pdf,Exotic Animals,No,,,,,,,https://www.hastingshighlands.ca/media/jhmljlzu/2021-037-exotic-animal-bylaw-amended-sep-15-2021.pdf,BYLAW 2019-024,No,,2019-02-20,,https://www.hastingshighlands.ca/media/krnkwafk/2019-024-tree-canopy-policy.pdf,YES,YES,YES,,,YES,https://www.hastingshighlands.ca/media/t4mo01fc/2016-057-line-fences-bylaw.pdf
"Hastings, Co",,,,,,,,,,,,,,,,,,,,,,,,,,,,,,,,,,,,,,,,,,,,,,,NO,,,,,,
"Havelock-Belmont-Methuen, Tp",By-law Number 2025-043,Yes,"3.8 Other Exemptions Notwithstanding the provision of this By-law, development charges shall not be imposed with respect to:  a Farm Building.",2025-06-03,,https://www.hbmtwp.ca/media/tp2peva0/15a-by-law-2025-043-being-a-bylaw-to-establish-development-charges.pdf,,,,,,,,,,,,,By-law No. 2021 - 043,No,,No,,No,Yes,No,,NOT KNOWN,2021-07-06,,https://www.hbmtwp.ca/media/q14phzhm/2021-043-animal-control-by-law-signed.pdf,Animal Control By-law,No,,,,,,,https://www.hbmtwp.ca/media/q14phzhm/2021-043-animal-control-by-law-signed.pdf,,,,,,,NO,,,,,,
"Hawkesbury, Tp",By-law No. 16-2020,No,,2020-06-08,2025-09-01,https://www.hawkesbury.ca/images/2020/Re%CC%80glement_DC_By_law_no._16_2020-compressed.pdf,,,,,,,,,,,,,BY-LAW No 36-2020,No,,No,,No,Yes,Yes,No,,2020-06-29,,https://www.hawkesbury.ca/images/2020/36_2020_Animals.pdf,,No,,,,,,,,,,,,,,YES,YES,YES,NO,NO,NO,https://www.hawkesbury.ca/uploads/documents/Construction/By-law-N%C2%B0-35-2013-respecting-the-erection-and-maintenance-of-Fences-including-Swimming-Pool-Fences.pdf
"Head, Clara and Maria, Tp",,,,,,,,,,,,,,,,,,,,,,,,,,,,,,,,,,,,,,,,,BY-LAW NUMBER 2019-04,No,,2019-02-21,,https://townshipsofheadclaramaria.ca/download.php?dl=YToyOntzOjI6ImlkIjtzOjM6IjQyMiI7czozOiJrZXkiO2k6NDt9,NO,,NO,,,,
"Hearst, Tp",,,,,,,,,,,,,,,,,,,BY-LAW NO. 91-06,No,,No,,No,Yes,Yes,No,4 (domestic dogs and cats in total),2006-11-28,,http://www.hearst.ca/wp-content/uploads/2024/02/Animal-Control-91-06-EN.pdf,Animal Control By-law,No,,,,,,,https://www.hearst.ca/wp-content/uploads/2024/02/Animal-Control-91-06-EN.pdf,BY-LAW NO. 4744,No,,2002-06-06,,https://simcoe.civicweb.net/document/17301/https://simcoe.civicweb.net/document/17301/,NO,,NO,,,,
"Highlands East, M",,,,,,,,,,,,,,,,,,,BY-LAW NO. 2005-55,No,,No,,No,Yes,Yes,No,Other,2005-10-25,,https://www.highlandseast.ca/en/resourcesGeneral/Documents/by-law_dog.pdf,,,,,,,,,,,,,,,,NO,,NO,,,,
"Hilliard, Tp",,,,,,,,,,,,,,,,,,,,,,,,,,,,,,,,,,,,,,,,,,,,,,,NO,,NO,,,,
"Hilton Beach, Tp",,,,,,,,,,,,,,,,,,,BY-LAW 2020-08,No,,No,,No,Yes,Yes,No,NOT KNOWN,2020-05-13,,https://hiltonbeach.com/wp-content/uploads/2020/07/By-law-2020-08-Animal-Control.pdf,By-Law-2020-09Domestic Farm Animals &amp; Fowl By-law,No,,2020-05-13,,,,,https://hiltonbeach.com/wp-content/uploads/2020/05/By-Law-2020-09.pdf,,,,,,,NO,,NO,,,,
"Hilton, Tp",,,,,,,,,,,,,,,,,,,,,,,,,,,,,,,,,,,,,,,,,,,,,,,NO,,NO,,,,
"Hornepayne, Tp",,,,,,,,,,,,,,,,,,,By-Law No. 2001,No,,No,,No,Yes,No,,none,2023-05-17,,https://www.townshipofhornepayne.ca/media/yp4kvdln/2001-animal.pdf,Animal By-law,No,,,,,,,https://www.townshipofhornepayne.ca/media/yp4kvdln/2001-animal.pdf,,,,,,,NO,,NO,,,,
"Horton, Tp",,,,,,,,,,,,,,,,,,,BY-LAW NO. 2014-34,No,,No,,No,Yes,Yes,No,"none10.1 There shall be no more than two (2) dogs kept, possessed or harboured at any one household with exception to the Rural Zone.",2014-06-03,,https://www.hortontownship.ca/download.php?dl=YToyOntzOjI6ImlkIjtzOjM6IjI1NiI7czozOiJrZXkiO2k6Mzt9,,No,,,,,,,https://www.hortontownship.ca/download.php?dl=YToyOntzOjI6ImlkIjtzOjM6Ijk0NSI7czozOiJrZXkiO2k6ODt9,,,,,,,NO,,NO,,,,
"Howick, Tp",,,"ACCORDING TO CLERK, NO DEVELOPMENT CHARGES IN MUNICIPALITY",,,https://howick.ca/content/departments/planning-development/howick-consolidated-zbl.pdf%0a%0ahttps:/howick.ca/content/government/2023-planning-fees.pdf,,,,,,,,0,,,,,By-law No. 52-2022,Yes,"shall mean a dog that works and/or lives with domestic farm animals (e.g. cattle, sheep, poultry) to protect them while repelling predators and is used exclusivley for that purpose",Yes,A dog that has been trained and is activley being used in a bone fide fide farming operation for the purposees of controlling livestock on the farm,No,Yes,Yes,Yes,"Section 2.2 - no more than 3 dogs for property, UNLESS they are HD's or LDG's",,,https://howick.ca/content/government/52-2022-canine-control-signed-n-certified.pdf,,No,,,,,,,,,,,,,SEE HURON COUNTY BYLAWhttp://SEE HURON COUNTY BYLAW,NO,,,,,,
"Hudson, Tp",,,,,,,,,,,,,,,,,,,,,,,,,,,,,,,,,,,,,,,,,,,,,,,NO,,NO,,,,
"Huntsville, Tp",BY-LAW NUMBER 2024-130,No,,2024-12-09,,https://huntsvilleon.civicweb.net/filepro/documents/16329/?preview=90853,,,,,,,,,,,,,BY-LAW NUMBER 2021-7,No,,No,,No,Yes,No,,none,2021-01-25,,https://huntsvilleon.civicweb.net/filepro/documents/16329/?preview=16351,,,,,,,,,,,,,,,,NO,,NO,,,,
"Huron East, M",BY-LAW NUMBER 59-2021Development-Charges-By-law UPDATED 2023 RATES,Yes,"Other Exemptions/Discounts  - SEC 3.7 (iv)3.7 The following exemptions and/or discounts are applicable (iii) the erection of a temporary building without a foundation defined in the Building Code for a period not exceeding nine consecutive months; or, (iv) Bona Fide Farm Uses (v) Accessory Building",2021-11-02,2024-11-04,https://www.pertheast.ca/en/municipal-services/resources/Planning/with-updated-2023-rates-59-2021-Development-Charges-By-law---Unsigned.pdf,,No,,,,,,,,,,,By-law No. 077 of 2022,Yes,"Definition:2.17 ""Livestock Guardian Dog"" means a dog that works and/or lives with domestic farm animals(e.g. cattle, sheep, poultry) to protect them by repelling predators and is used exclusivelyfor that purpose.Limit of Animals:4.4 In a Rural area,",No,,No,Yes,Yes,No,"4.4 In a rural area, a person may harbour more than three (3) dogs at a premise without a kennel license, provided all the following conditions are met: 4.4.1. The person is keeping livestock upon the same premises, and; 4.4.2. The premises are on land that is zoned agricultural, and; 4.4.3. The dogs are licensed annually in accordance with this by-law, and; 4.4.4. The dogs are livestock guardian dogs and/or herding dogs",2022-10-18,,https://www.huroneast.com/en/my-huron-east/resources/Animal-Control/22-077---Animal-Control---Signed.pdf,,,,,,,,,,,Other,,,,SEE HURON COUNTY BYLAWhttp://SEE HURON COUNTY BYLAW,NO,,,,,,
"Huron Shores, M",,,,,,,,,,,,,,,,,,,BY-LAW 22-76,Yes,"a dog that works and/or lives with domestic farm animals (e.g. cattle, sheep, poultry) to protect them while repelling predators and is used exclusively for that purpose.",Yes,a dog that has been trained and is actively being used in a bona fide farming operation for the purposes of controlling livestock on the farm.,No,No,No,,none4.7.1 No Person shall keep or permit in or about any dwelling unit or premises more than four (4) Dogs over twelve (12) weeks of age except where: a) the Premises consists of lands zoned and used for agricultural purposes;,2022-09-28,,https://huronshores.ca/wp-content/uploads/2023/03/22-76-Animal-Control-By-law-legal-size-paper.pdf,,,,,,,,,,,,,,,,NO,,,,,,
"Huron, Co",,,,,,,,,,,,,,,,,,,,,,,,,,,,,,,,,,,,,,,,,BY-LAW NO. 38-2013,No,,2013-05-01,,https://www.huroncounty.ca/wp-content/uploads/2014/07/By-law38-2013.pdf,NO,,,,,,
"Huron-Kinloss, Tp",BY-LAW No. 2024 - 103,Yes,No development charge under section 3.2 is payable where the development; 2.3.9. is a bona fide non-residential farm building,2024-11-18,2034-11-18,https://www.huronkinloss.com/media/durdejsg/2024-103-development-charges-with-schedule.pdf,,,,,,,,,,,,,By-law 2017?116,No,,No,,No,Yes,Yes,Yes,"35.2 For the purposes of section 5.3, “premises” does not include rural or agricultural premises. 5.3 No person shall keep or permit to be kept on any one premises owned or occupied by them more than any combination of four animals.",2019-09-16,,https://www.huronkinloss.com/media/n3bnka0a/2017-116-animal-control-by-law.pdf,,,,,,,,,,BY-LAW 2011-85,No,,2011-08-15,,https://www.huronkinloss.com/media/5kkj3b53/tree_preservation.pdf,NO,NO,,,,,
"Ignace, Tp",,,,,,,,,,,,,,,,,,,By-law 38-2021,No,,No,,No,Yes,Yes,No,none8.1.5.2 A farm;,2021-06-21,,https://ignace.civicweb.net/filepro/documents/?preview=10138,,,,,,,,,,,,,,,,NO,,NO,,,,
"Ingersoll, Tp",By-Law 24-5323,Yes,"3.APPLICABLE LANDS(3) This by-law shall not apply to:(a) farm buildins as defined as,a Building or structure associated with and located on land devoted to the practice of farming and that is used essentially for the housing of farm equipment or livestock or the production, storage or processing of agricultural and horticultural produce or feeds and as part of or in connection with a bona fide farming operation and includes barns, silos and other buildings or structures ancillary to that farming operation, but excludes: (a) a Residential Use, with the exception of a bunk house for seasonal farm workers required for that farm operation; and (b) any Building or portion thereof used or intended to be used for any other Non-Residential Use",2024-06-10,,https://www.ingersoll.ca/media/hzdja0c0/24-5323-establish-town-wide-development-charges-for-the-town.pdf,,,,,,,,,,,,,BY-LAW NO. 01-3989,No,,No,,No,Yes,No,,No,2001-10-09,,https://www.ingersoll.ca/en/town-hall/resources/By-Laws/3989-01.pdf,BY-LAW 01-3990Regulating Animals By-law,No,,2002-01-01,,,,,https://www.ingersoll.ca/en/town-hall/resources/By-Laws/3990.01-Regulating-Animals.pdf,,,,,,,YES,YES,YES,YES,YES,YES,https://webresources.ingersoll.ca/documents/4720-13-Property-Boundary-Fence-By-law.pdf
"Innisfil, Tp",By-Law No. 096-23,Yes,AGRICULTURAL USES22. agricultural uses as well as farm buildings excluding any residential or non-residential uses shall be exempt,2023-11-08,,By-Law No. 096-23http://By-Law No. 096-23,,,,,,,BY-LAW 050-13 As Amended by By-law 045-14,No,,2014-05-21,,https://innisfil.ca/Modules/Bylaws/Bylaw/Download/72ff9de9-b84e-477e-8bf9-3314e2a5ea81,By-Law 069-22,Yes,"a dog that works and/or lives with domestic farm animals (e.g., cattle, sheep, poultry) to protect them while repelling predators and is used exclusively for that purpose.",Yes,a dog that has been trained and is actively being used in a bona fide farming operation for the purposes of controlling livestock on the farm.,No,Yes,Yes,Yes,61.12.4 A bona fide farmer to a maximum of six (6) Herding Dogs and Livestock Guardian Dogs on an operating farm property.,2022-06-22,,https://innisfil.ca/en/living-here/resources/Documents/2022.08.15-Animal-Control-By-Law-Consolidation.pdf,,No,,,,,,,,BY-LAW NO. 4744,No,,2002-06-06,,https://simcoe.civicweb.net/document/17301/https://simcoe.civicweb.net/document/17301/,YES,YES,NO,YES,YES,NO,Consolidated Fence By-law 075-22 (Town of Innisfil)
"Iroquois Falls, Tp",,,,,,,,,,,,,,,,,,,BY.LAW NO. 3464117,No,,No,,No,Yes,No,,NOT KNOWN,2017-10-30,,https://iroquoisfalls.civicweb.net/filepro/documents/search/?keywords=animals&amp;location=108&amp;preview=7430,BY.LAW NO. 3464117Keeping of Animals By-law,Yes,4 in residential zone,2017-10-30,,No,Yes,2;3;4;9;11,https://iroquoisfalls.civicweb.net/filepro/document/7430/BL%203464-17%20Keeping%20of%20Animals.pdf,BY-LAW NO. 3537/19,No,,2019-02-25,,https://iroquoisfalls.civicweb.net/filepro/documents/search/?keywords=tree&amp;location=108&amp;preview=7378,NO,,,,,,
"James, Tp",,,,,,,,,,,,,,,,,,,,,,,,,,,,,,,,,,,,,,,,,,,,,,,NO,,,,,,
"Jocelyn, Tp",,,TEST TEST TEST,,,,,,,,,,,,,,,,,,,,,,8,,,,,,,,,,,,,,,,,,,,,,NO,,,,,,
"Johnson, Tp",,,,,,,,,,,,,,,,,,,,,,,,,,,,,,,,,,,,,,,,,,,,,,,NO,,,,,,
"Joly, Tp",under Strong Tp,,,,,,,,,,,,,,,,,,,,,,,,,,,,,,,,,,,,,,,,BY-LAW  2019 - 008,No,,2019-03-12,,https://www.townshipofjoly.com/uploads/2019-008%20Tree%20Canopy%20and%20Natural%20Vegetation%20Policy.pdf,NO,,,,,,
"Kapuskasing, Tp",,,,,,,,,,,,,,,,,,,BY-LAW NO. 4510,No,,No,,No,Yes,Yes,No,,2022-11-14,,https://kapuskasing.civicweb.net/filepro/documents/6506/?preview=65060,Animal Control,No,,,,,,,https://kapuskasing.civicweb.net/filepro/document/65060/4510%20Animal%20Control%20By-law.pdf,,,,,,,YES,YES,,,,,"https://www.kapuskasing.ca/business-building-development/building-and-renovating/fences/:~:text=The%20installation%20of%20fences%20and,law"
"Kawartha Lakes, C",By-Law 2025-139,Yes,"SECTION 5 DEVELOPMENT CHARGES EXEMPTIONS, REFUNDS AND CREDITS5.02 Discretionary Exemptions(b) an agricultural building or structure;",2025-11-18,2025-04-01,https://www.kawarthalakes.ca/media/j1raj0fy/2025-139-bylaw-to-impose-development-charges-in-the-city-of-kawartha-lakes.pdf,,,,,,,By-Law Number 2019-105,Yes,"2.0 Building and Development ExemptionsA one-time Placing or Dumping of Fill within a 100 metre radius and associated with the construction of agricultural or farm buildings or structures shall be permitted, through the issuance of a Building Permit where applicable. 3.0 Agricultural Exemptions",2019-07-16,,https://www.kawarthalakes.ca/Modules/Bylaws/Bylaw/Details/db8f2545-58b3-4620-8e16-d941f7a21417,"By-law No, 2021-04",No,,No,,No,Yes,Yes,No,none,2021-01-29,,https://www.kawarthalakes.ca/Modules/Bylaws/Bylaw/Download/435db689-0d56-4f48-a4e7-044ca9bbe09b,By-law 2021-072Regulate Animals,Yes,4 including chickens and chicks in residential,2021-07-31,,No,Yes,2;3;4,https://www.kawarthalakes.ca/Modules/Bylaws/Bylaw/Download/435db689-0d56-4f48-a4e7-044ca9bbe09b,,,,,,,YES,YES,NO,YES,YES,YES,https://www.kawarthalakes.ca/en/living-here/fences.aspx
"Kearney, Tp",,,,,,,,,,,,,,,,,,,By-law No. 2021-04,No,,No,,No,No,Yes,No,no more than 4 dogs over the age of 6 months,2021-01-29,,https://www.townofkearney.ca/sites/6/files/2024-05/2021-04%20By-law%20to%20Regulate%20Dogs%20in%20Kearney.pdf?s=dog+bylaw,,,,,,,,,,,,,,,,NO,,,,,,–
"Kenora, C",,,,,,,,,,,,,,,,,,,By-Law Number 150-2010,No,,No,,No,Yes,Yes,No,43.1 Subject to Section 3.2 no dwelling or property within the Municipality shall house more than two (2) dogs with the exception of the rural areas in which case up to four (4) dogs shall be allowed. Persons not in the rural designated areas within the Municipality wishing to have more than 2 dogs may make application to the City for a variance.,2010-08-09,,https://listview.kenora.ca/Files/ByLaws/2000%20to%202015/2010/150-2010%20Keeping%20of%20Animals-Animal%20Control.pdfnavpanes=0&amp;view=FitH,Keeping of Animals By-law,No,,,,,,,https://listview.kenora.ca/Files/ByLaws/2000%20to%202015/2010/150-2010%20Keeping%20of%20Animals-Animal%20Control.pdfnavpanes=0&amp;view=FitH,,,,,,,YES,YES,YES,YES,YES,NO,By-law 163-2015 (City of Kenora)listview.kenora.ca
"Kerns, Tp",,,,,,,,,,,,,,,,,,,,,,,,,,,,,,,,,,,,,,,,,,,,,,,NO,,,,,,
"Killaloe Hagarty and Richards, Tp",,,,,,,,,,,,,,,,,,,BY-LAW NUMBER 07-2011,No,,No,,No,Yes,Yes,No,none,2011-09-06,,https://www.killaloe-hagarty-richards.ca/files4docs/by%20law%207%202011.pdf,,,,,,,,,,,,,,,,NO,,,,,,
"Killarney, M",,,,,,,,,,,,,,,,,,,BY LAW NO. 5-2023,No,,No,,No,Yes,No,,No,2023-08-16,,https://www.killarney.ca/Home/DownloadDocument?docId=4fb98864-0dd9-474e-bff1-4b78693f49e7,By-Law No. 5-2023,Yes,,2023-08-16,,,,10,https://www.killarney.ca/Home/DownloadDocument?docId=4fb98864-0dd9-474e-bff1-4b78693f49e7,,,,,,,NO,,,,,,
"Kincardine, M",By-Law No. 2021 - 114,Yes,"5. APPLICABLE LANDS(2) This by-law shall not apply to land that is owned by and used for the purposes of: (f) non-residential farm buildings; where Farm building” means a building or structure actually used as part of or in connection with a bona fide farming operation and includes barns, silos and other buildings or structures ancillary to a bona fide farming operation, but excluding a residential use;",2021-06-21,2026-06-21,https://www.kincardine.ca/en/build-invest-grow/resources/Documents/21-114-Development-Charges-2021-By-law.pdf,,,,,,,,,,,,,BY-LAW NO. 2024 – 159,Yes,“Livestock Guardian Dog” shall mean a Dog used for the purpose of protecting Livestock from predators.,No,,Yes,No,Yes,No,NOT KNOWN,2024-11-24,,"https://www.kincardine.ca/media/n1kjtiar/24-159-dog-control-by-law.pdf?id=238402&amp;dbid=0&amp;repo=KINCARDINE:~:text=Read%20a%20First%2C%20Second%20and,Mayor%20Clerk",,No,,,,,,,,BY-LAW NO. 2021 - 140,No,,2021-08-09,,https://www.kincardine.ca/en/living-here/resources/Documents/By-law-Enforcement/140---Municipality-of-Kincardine-Tree-By-law.pdf,NO,,,,,,
"King, Tp",By-Law Number 2021-002,Yes,"EXEMPTIONS3.7 Notwithstanding the provisions of this by-law, Development Charges shall not be imposed with respect to:c) the Development of Non-residential Agricultural Use Buildings constructed for bona fide farm uses.",2021-01-11,2026-01-13,https://www.king.ca/sites/default/files/images/development-growth/By-Law%202021-002%20signed%20new%20DC%20BYLAW.pdf,BY-LAW NUMBER 2023-056,Yes,,2023-06-05,,https://www.king.ca/sites/default/files/images/development-growth/2023-056%20-%20Establish%20Stormwater%20Management%20Rate.pdf,BY-LAW NUMBER 2021-039,Yes,"Exception A by-law respecting the removal of topsoil does not apply to the removal of topsoil as an incidental part of a normal agricultural practice including such removal as an incidental part of sod-farming, greenhouse operations and nurseries for horticultural products. Exclusion The exception in respecting the removal of topsoil as an incidental part of a normal agricultural practice does not include the removal of topsoil for sale, exchange or other disposition.",2021-04-26,,https://www.king.ca/sites/default/files/uploads/bylaws/2021-039%20%20-%20A%20By-law%20to%20Prohib....tion%20and%20Movement%20of%20Fill%20Consolidated%20CR%202023%2005%2031.pdf,BY-LAW NUMBER 2016-85,No,,No,,No,Yes,Yes,No,,2016-09-12,,https://king.civicweb.net/document/53164/,Animal Control By-law,No,,,,,,,https://king.civicweb.net/document/53164/,BY-LAW NUMBER 73-54,No,,1973-11-05,,https://www.king.ca/sites/default/files/uploads/bylaws/73-54%20-%20Municipal%20Tree%20By-law.pdf,YES,YES,YES,YES,YES,YES,"https://www.king.ca/sites/default/files/2021-05/2012-132%20-%20Fence%20By-law%20Office%20Consolidation_0.pdf:~:text=,041"
"Kingston, C",By-Law Number 2025-142,Yes,"Other Exemptions6.8) Development Charges shall not apply to lands, buildings or structures used or to be used for the purposes of: c) an agricultural use; where “Agricultural Use” means lands, buildings or structures located within an agriculture zone as determined under the Zoning By-law applicable to the property, excluding any portion thereof used as a dwelling unit, used or designed or intended for use as a bona fide farming operation for the production of crops or the breeding, raising or maintaining of livestock or both.",2025-05-20,,https://www.cityofkingston.ca/bylaws-and-animal-services/commonly-requested-bylaws/bylaw-library/development-charges-bylaw/,,,,,,,BY-LAW NO. 2008-128,No,,2008-06-17,,https://www.cityofkingston.ca/documents/10180/16904/Site+Alteration+Bylaw/5149d586-e1db-4da4-9a40-b35c0e72168d,By-Law Number 2021-166,No,,No,,No,Yes,Yes,No,none,2021-10-05,,https://www.cityofkingston.ca/documents/10180/16904/Animals%20Bylaw,By-Law Number 2021-166 Animal Control By-law,Yes,6 for residential,2022-01-01,,No,Yes,2;3;4,https://www.cityofkingston.ca/documents/10180/16904/Animals%20Bylaw,By-Law Number 2018-15,Yes,Exemptions - Urban Area and Rural Area (t) The Injury or Destruction of a Tree(s) necessary to clear land in accordance with Normal Farm Practice conducted by an Agricultural Operation for its own agricultural purposes.,2017-12-19,,https://www.cityofkingston.ca/documents/10180/16904/Tree%20Bylaw,YES,YES,NO,YES,YES,NO,"https://www.cityofkingston.ca/media/lrtf0iel/building_bylaws_fence-bylaw.pdf:~:text=Passed%3A%20November%204%2C%202003%20As,140%20September%209%2C%202014"
"Kingsville, Tp",BY-LAW 4-2023,Yes,"3. APPLICATION OF BY-LAW RULES3.12 Other Exemptions(b) Bona fide farm buildings,where “bona fide farm building” means that part of a bona fide farm operation encompassing barns, silos, and other ancillary development to an agricultural use, but excluding a residential use, greenhouses, and buildings ancillary to greenhouse operations.",2023-01-30,2033-01-25,https://www.kingsville.ca/en/town-hall/resources/Development-Charges/004-2023-Development-Charges.pdf,,,,,,,,,,,,,BY-LAW 103 - 2003,No,,No,,No,Yes,No,,NOT KNOWN,2015-06-08,,https://www.kingsville.ca/en/resourcesGeneral/Documents/103-2003-Dog-Licensing-Amended---accessible.pdf,Exotic Pets By-law,No,,,,,,,https://www.kingsville.ca/en/resourcesGeneral/Documents/023-2001-Keeping-of-Animal---Exotic-Pets---accessible.pdf,,,,,,,YES,YES,NO,YES,YES,NO,"https://www.kingsville.ca/en/town-hall/resources/127-2017-Fence-By-law.pdf:~:text=reconstructed%20any%20fence%20that%20is,playbills%2C%20posters%20or%20graffiti%20on"
"Kirkland Lake, Tp",,,,,,,,,,,,,,,,,,,BY-LAW NO. 06-053,No,,No,,No,Yes,No,,5 (including both dogs and cats),2006-10-03,,https://kirklandlake.civicweb.net/filepro/documents/13697/?preview=4202,Animal Control By-Law,No,,,,,,,https://kirklandlake.civicweb.net/filepro/document/4202/06-053%20Animal%20Control%20By-Law.pdf,,,,,,,YES,YES,NO,,,NO,"https://cdnsm5-hosted.civiclive.com/UserFiles/Servers/Server_15565915/File/Our%20Services/Building%20Services/documents/78-68%20Fence%20By-Law%20with%20amend%2080-72.pdf:~:text=%27DIE%20CORPORATION%20OF%20%27l%271IE%20TOWN,laws"
"Kitchener, C",BY-LAW NUMBER 2022-071,Yes,"SECTION 2 APPLICATION AND EXEMPTIONSImposition of Development Charges2.7 development chagres shall not apply to,(d) an agricultural use,where ""agricultural use"" means the use of land and buildings for apiaries, fish farming, animal husbandry or the cultivation of trees, shrubs, flowers, grains, sod, fruits, vegetables and other crops or ornamental plants (""agricultural products"") but shall not include any building or structure where agricultural products are displayed for sale in more than twenty-five per cent of the gross floor area of such building or structure.",2022-05-30,2027-05-30,https://www.kitchener.ca/en/resourcesGeneral/Documents/DSD_BUILD_DC_Bylaw.pdf,Kitchener Stormwater Charges,No,Monthly charges RESIDENTIAL: small detached homes with building footprint size of 105 m2 or less: $9.82; medium detached homes with building footprint between 106-236 m2: $16.39; large detached homes with building footprint size of 237 m2 or more: $21.54;,,,https://www.kitchener.ca/en/water-and-environment/stormwater-utility.aspx,By-law 2010-043,Yes,"633.3.7 Agricultural practices Article 2 does not apply to a by-law respecting the removal of soil as an incidental part of a normal agricultural practice including such removal as an incidental part of sod-farming, greenhouse operations and nurseries for horticultural products.",2010-03-08,,https://www.kitchener.ca/en/resourcesGeneral/Documents/DSD_ENG_Site_Alteration_bylaw.pdf,,,,,,,,,,,,,,Chapter 408 - Animals - Regulation,Yes,,2016-12-01,,No,Yes,2;3;4,https://lf.kitchener.ca/WebLinkExt/DocView.aspx?dbid=0&amp;id=1497603&amp;_ga=2.130462543.1910271040.1506429937-429985511.1422993744&amp;cr=1,By-law 2010-042,No,,2010-03-08,,https://www.kitchener.ca/en/resourcesGeneral/Documents/DSD_PLAN_Tree-Conservation-Bylaw.pdf,YES,YES,NO,YES,YES,NO,https://lf.kitchener.ca/WebLinkExt/DocView.aspx?dbid=0&amp;id=1789214&amp;page=1
"La Vallee, Tp",,,,,,,,,,,,,,,,,,,,,,,,,,,,,,,,,,,,,,,,,,,,,,,NO,,,,,,
"Laird, Tp",,,,,,,,,,,,,,,,,,,By law Number 924-12,No,,No,,No,Yes,Yes,No,none,2012-07-18,,https://www.lairdtownship.ca/documents/bylaws/2012/bylaw92412.html,,,,,,,,,,,,,,,,NO,,,,,,
"Lake of Bays, Tp",BY-LAW 2019-49,Yes,"Exemptions8. The following types of development shall be exempt from payment of development charges: (a) the development of a non-residential farm building or structure; where ""farm building"" means buildings or structures used to carry on a bona fide farming operation including barns, silos and other ancillary development to an agricultural use, but excluding cannabis production facilities and those buildings or structures used for residential purposes.",2019-12-16,2024-12-16,https://muskoka.civicweb.net/document/34887/,,,,,,,,,,,,,BY-LAW NUMBER 2014-134,No,,No,,No,Yes,Yes,No,none,2014-10-14,,https://www.lakeofbays.on.ca/en/municipal-services/resources/Documents/By-law-2014-134-Control-and-Licensing-of-Dogs.pdf,BY-LAW 2013-61Backyard Chickens,Yes,5 hens on lot equal and less than 0.4 hectares and 10 hens on lot greater than 0.4 hectares.,2013-12-17,,No,No,Yes,https://www.lakeofbays.on.ca/media/zh5l0orl/by-law-2013-161-backyard-hens.pdf,,,,,,,NO,,,,,,
"Lake of the Woods, Tp",,,,,,,,,,,,,,,,,,,,,,,,,,,,,,,,,,,,,,,,,,,,,,,NO,,,,,,(N/A)
"Lakeshore, M",BY-LAW NUMBER 89-2020,Yes,"3.10 Other Exemptions:Notwithstanding the provision of this by-law, development charges shall not be imposed with respect to:b) the development of non-residential farm buildings constructed for bona fide farm uses, which qualify as a farm business, being that which operates with a valid Farm Business Registration Number and is assessed in the Farmland Realty Tax Class,",2020-12-15,2025-01-01,https://portal.laserfiche.ca/Portal/DocView.aspx?id=357740&amp;repo=r-00012cf5805d&amp;searchid=35b9659d-cc00-4aef-acda-7b4d4f6a8c1a,,,,,,,By-Law 60-2020,Yes,"This by-law shall not apply to: the removal of Topsoil as an incidental part of a normal agricultural practice including such removal as an incidental part of sod-farming, greenhouse operations and nurseries for horticultural products",2020-08-11,,"https://pub-lakeshore.escribemeetings.com/filestream.ashx?DocumentId=2882:~:text=Section%202%20%E2%80%93%20Site%20Alteration%20Prohibitions,of%20Land%20without%20a%20Permit.",By-law 27-2022,No,,No,,No,Yes,No,,NOT KNOWN,2022-04-26,,https://www.lakeshore.ca/en/municipal-services/resources/Documents/Legislative-Service/By-law-27-2023-Being-a-By-law-Respecting-Animal-Care-and-Control-in-the-Municipality-of-Lakeshore.pdf,By-law 27-2022,No,,,,,,,https://www.lakeshore.ca/en/municipal-services/resources/Documents/Legislative-Service/By-law-27-2023-Being-a-By-law-Respecting-Animal-Care-and-Control-in-the-Municipality-of-Lakeshore.pdf,By-law 107-2021,No,,2021-11-30,,https://portal.laserfiche.ca/Portal/DocView.aspx?id=374805&amp;repo=r-00012cf5805d&amp;searchid=b055c9d6-bc3a-407a-b546-1c5dd2775d02,YES,YES,YES,YES,YES,NO,https://victoriarailing.ca/assets/doc/Town-of-Lakeshore-Fence-Bylaw-39.2018.pdf
"Lambton Shores, M",By-Law Number 4 of 2023,Yes,"3.10 Other Exemptions:Notwithstanding the provision of this by-law, development charges shall not be imposed with respect to:c) The development of non-residential farm buildings constructed for bona fide farm uses, which qualify as a farm business, being that operates with a valid Farm Business Registration Number and is assessed in the Farmland Realty Tax Class;",2023-01-10,2028-01-10,https://www.lambtonshores.ca/en/invest-and-build/resources/Documents/DCs/BY-LAW-04-2023---Development-Charges.pdf,,,,,,,BY-LAW 27 of 2004,No,,2004-05-17,,https://www.lambtonshores.ca/en/our-government/resources/Documents/sitealterationbylawwithfines.pdf,BY-LAW NUMBER 37-2009,No,,No,,,,No,,No,2013-12-19,,https://www.lambtonshores.ca/en/our-government/resources/Documents/By-law-37-2009-Control-of-Dogs.pdf,,,,,,,,,,BY-LAW NO. 04 OF 2012,No,,2014-09-03,,https://www.lambtononline.ca/en/business-and-development/resources/Documents/PlanningandDevelopment/WoodlandsConservation/County-of-Lambton-Woodlands-Conservation-By-Law-4-of-2012-as-amended---Sept-2014.pdf,YES,NO,NO,YES,YES,NO,https://www.lambtonshores.ca/en/our-government/resources/Documents/fencebylaw.pdf
"Lambton, Co",,,,,,,,,,,,,,,,,,,,,,,,,,,,,,,,,,,,,,,,,BY-LAW NO. 4 OF 2012,No,,2012-02-01,,https://www.lambtononline.ca/Modules/Bylaws/Bylaw/Download/28e3a1c7-a2e0-4cbf-8735-ec6dc58bd04b,NO,,,,,,
"Lanark Highlands, Tp",BY-LAW NUMBER 2021-42,Yes,"3. APPLICABLE LANDS(2) This by-law shall not apply to: (b) the development of a non-residential farm building used for bona fide agricultural use; where “agricultural use” means lands, buildings or structures, excluding any portion thereof used as a dwelling unit or for a commercial use, used or designed or intended for use for the purpose of a bona fide farming operation including, but not limited to, animal husbandry, dairying, livestock, fallow, field crops, removal of sod, forestry, fruit farming, greenhouses, horticulture, market gardening, pasturage, poultry keeping, and equestrian facilities;",2021-12-08,2026-12-08,https://www.lanarkhighlands.ca/images/By-Law_2021-42_Development_Charges_Effective_Jan_1_2022.pdf,,,,,,,,,,,,,https://www.lanarkhighlands.ca/PDF-Flip/index.html,No,,No,,No,Yes,Yes,No,,2004-06-22,,,,,,,,,,,,By-Law No. 2016-22,No,must apply yo council for exemption**,2016-09-07,,https://www.lanarkcounty.ca/en/doing-business/resources/documents/Forestry/2016-22-Forest-Conservation-By-Law.pdf,NO,,,,,,
"Lanark, Co",BY-LAW NUMBER 2021-42,Yes,"3. APPLICABLE LANDS(2) This by-law shall not apply to: (b) the development of a non-residential farm building used for bona fide agricultural use; where ""agricultural use"" means lands, buildings or structures, excluding any portion thereof used as a dwelling unit or for a commercial use, used or designed or intended for use for the purpose of a bona fide farming operation including, but not limited to, animal husbandry, dairying, livestock, fallow, field crops, removal of sod, forestry, fruit farming, greenhouses, horticulture, market gardening, pasturage, poultry keeping, and equestrian facilities;",2021-12-08,,https://www.lanarkcounty.ca/wp-content/uploads/2025/06/By-Law-2021-42.pdf,,,,,,,,,,,,,,,,,,,,,,,,,,,,,,,,,,,BY-LAW NO. 2016-22,No,,2017-09-07,,https://www.lanarkcounty.ca/en/doing-business/resources/documents/Forestry/2016-22-Forest-Conservation-By-Law.pdf,NO,,,,,,
"Larder Lake, Tp",,,,,,,,,,,,,,,,,,,BY-LAW NO. 1444-13,No,,No,,No,Yes,No,,4 (including cats and dogs),,,https://www.larderlake.ca/wp-content/uploads/2022/03/Signed-By-law-No-1444-13-Animal-Control-By-law.pdf,,,,,,,,,,,,,,,,NO,,,,,,
"LaSalle, Tp",By-law Number 8501,Yes,"8. Notwithstanding -the -provisions -of -this -by-law, -no -development -charge -shall -be - payable -where -the -development: (6) is a non-residental use. This exemption is limited to development applications executed prior to June 30, 2022. Subsequently, no exemption for this development type will be provided;where ""non-residential use"" means lands, buildings or structures or portions thereof used or designed or intended to be used for uses other than a residential use, and includes all commercial, industrial and institutional uses;",2020-12-08,2025-12-08,https://www.lasalle.ca/en/town-hall/resources/By-Laws/8501---Development-Charges-By-Law-accessible.pdf,,,,,,,By-Law No. 7080,Yes,"where the removal of topsoil is an incidental part of a normal agricultural practice, including such removal as in incidental part of sod-farming, greenhouse operations and nurseries for horticultural products, but this exception does not apply to the removal of topsoil for sale, exchange or other disposition",2009-09-08,,https://acrobat.adobe.com/id/urn:aaid:sc:US:a75db036-eb62-4b06-9109-4db76a5b8104,By-law Number 8705,No,,No,,No,Yes,Yes,No,NOT KNOWN,2022-05-24,,https://www.lasalle.ca/en/town-hall/resources/By-Laws/Bylaw-8705---Animal-Control-accessible.pdf,By-law Number 8705,No,,2022-05-24,,,,,"https://www.lasalle.ca/media/xtnfxaes/bylaw-8705-animal-control-accessible.pdf:~:text=Read%20a%20first%20second%20and,May%2024%2C%202022",,,,,,,YES,YES,NO,YES,YES,NO,https://www.lasalle.ca/media/yntpukfx/8946-repealing-8594-and-pools-on-private-property.pdf
"Latchford, Tp",,,,,,,,,,,,,,,,,,,BY-LAW NO. 2017-19,No,,No,,No,Yes,No,,"none, 4 (in areas zoned residential)",2021-10-28,,https://www.latchford.ca/wp-content/uploads/2022/11/Bylaw-Number-2017-019-Animal-Control-Bylaw..pdf,By-Law No. 2017-19,,,,,,,,https://www.latchford.ca/wp-content/uploads/2022/11/Bylaw-Number-2017-019-Animal-Control-Bylaw..pdf,,,,,,,NO,,,,,,
"Laurentian Hills, Tp",By-Law No. 11-12,No,,2012-07-18,,https://www.laurentianhills.ca/userfiles/file/BY%20LAW%2011-12%282%29.PDF,,,,,,,,,,,,,,,,,,,,,,,,,,,,,,,,,,,,,,,,,NO,,,,,,
"Laurentian Valley, Tp",BY-LAW NUMBER 2020-09-039,Yes,"4. (e) No development charge shall be imposed in respect of any action mentioned in Clauses 4.(a) (i) through (vii) if the only effect of the action is to permit the development of land for an agricultural use as defined in Clause 1. (b) of this By-law,where “Agricultural Use” means when referring to the use of a building or structure, a use for which a permit is issued under the Ontario Building Code in accordance the Canadian Farm Building Code for a bona fide farming operation, and includes greenhouses which are not connected to municipal sewer and/or water services, sod farms and farms for the breeding and boarding of horses, and includes barns, silos and other ancillary buildings to such agricultural use, excluding any residential or commercial component thereof.",2020-09-01,2025-09-01,https://www.lvtownship.ca/en/lv-government-services/resources/Documents/2020-09-039-Development-Charge-By-law-2020-with-Schedules.pdf,,,,,,,,,,,,,BY-LAW NUMBER 2017-09-036,No,,No,,No,Yes,Yes,No,none,2017-09-19,,https://www.lvtownship.ca/en/lv-government-services/resources/Documents/2017-09-036-Animal-Control-Bylaw-2006-01-271-UA-FINAL.pdf,,No,,,,,,,https://www.lvtownship.ca/en/lv-government-services/resources/Documents/2017-09-036-Animal-Control-Bylaw-2006-01-271-UA-FINAL.pdf,,,,,,,NO,,,,,,
"Lennox and Addington, Co",see local municipalities,,,,,,,,,,,,,,,,,,,,,,,,,,,,,,,,,,,,,,,,,,,,,,NO,,,,,,
"Limerick, Tp",,,,,,,,,,,,,,,,,,,,,,,,,,,,,,,,,No,,,,,,,https://limerick.ca/wp-content/uploads/2023/11/2021-0015-Exotic-Animal.pdf,,,,,,,NO,,,,,,
"Lincoln, Tp",BY-LAW NO. 2024-28,Yes,"Exemptions 3.5 Notwithstanding the provisions of this by-law, but subject to Subsection 3.5, development charges shall not be imposed with respect to: (b) the development of non-residential farm buildings for farming activities; (farm buildings not defined)",2024-04-15,2034-04-15,https://www.lincoln.ca/sites/default/files/2024-06/2024-28%20A%20By-law%20for%20the%20Imposition%20of%20Development%20Charges%20and%20to%20Repeal%20By-laws%202018-93%20and%202022-30%20-%20Fire%20Protection%20Services.pdf,,,,,,,BY-LAW NO. 2024-50,Yes,"In addition to the exemptions prescribed in Section 4.3, the following activities are exempt from the prohibitions of the Class 2 tree permits as set out in sections 5.5-5.12 of this By-law:  (g) Trees that are removed as part of normal farm practices.",2020-11-16,,https://hdp-ca-prod-app-linc-speakup-files.s3.ca-central-1.amazonaws.com/2417/3268/1910/7632e088eca63f61f47bb558db7936b1_2024-50_A_By-law_for_prohibiting_and_regulating_alteration_of_property_grades__placing_or_dumping_of_fill__removal_of_topsoil__injuring_or_rdestruction_of_trees.pdf,BY-LAW NO. 2019-18,No,,No,,No,Yes,No,,NOT KNOWN,2019-02-19,,https://www.lincoln.ca/media/337,BY-LAW NO. 2019-18,No,,,,,,,https://www.lincoln.ca/media/337,BY-LAW NO. 2020-64,Yes,4.4 EXEMPTIONSg) Trees that are removed as part of normal farm practices.,2020-11-16,,https://www.lincoln.ca/media/6495,NO,,,,,,
"London, C",By-law - C.P.-1551-227,Yes,"<fontsize=2> <fontsize=2 color=""252626"" style=""BACKGROUND-COLOR:FAFBFC"">“Agricultural use”<fontsize=2 color=""3D3E40"" style=""BACKGROUND-COLOR:FAFBFC""> means the growing of crops, including nursery, biomass, and horticultural crops; raising of livestock, raising of other animals for food, fur or fibre, including poultry and fish, aquaculture, apiaries, agro-forestry, maple syrup production, and associated on-farm buildings and structures, including, but not limited to livestock facilities, manure storages, value-retaining facilities, and accommodation for full-time farm labour when the size and nature of the operation requires additional employment, but excluding in all circumstances any residential or commercial component thereof;  </fontsize=2></fontsize=2></fontsize=2>",2020-10-27,,https://london.ca/by-laws/development-charges-law-cp-1551-227,BYLAW NUMBER WM-28,Yes,"5.3 No stormwater charge is imposed e) if zoned Agriculture, Open Space or Resource Extraction Fee based on Property Size.",2024-01-01,,https://london.ca/by-laws/wastewater-stormwater-law-wm-28,By-law C.P.-1363-381,Yes,"PART 2 EXEMPTIONSg) to the ploughing of land associated with planting, cultivation or harvesting of agricultural crops, and routine maintenance of existing drains;",2021-09-14,,https://london.ca/by-laws/site-alteration-law-cp-1363-381,By-law PH-4,No,,No,,No,Yes,No,,NOT KNOWN,2021-10-26,,https://london.ca/by-laws/dog-licensing-control-law-ph-4,,No,,,,,,,https://london.ca/by-laws/animal-control-law-ph-3,BY-LAW NUMBER 1555-252,Yes,"PART 5 EXEMPTIONS(r) Injury or Destruction that is a Normal Farm Practice as defined in the Farming and Food Production Protection Act, 1998, S.O. 1998, c.1.;",2021-12-21,,https://london.ca/by-laws/consolidated-tree-protection-law,YES,YES,YES,YES,YES,YES,https://london.ca/by-laws/fence-law-ps-6
"Loyalist, Tp",BY-LAW NUMBER 2021-066,Yes,"4. APPLICABLE LANDS(2) This by­law shall not apply to land that is owned by and used for the purposes of:(d) a non-­residential farm building; where “Farm building” means that part of a bona fide farm operation encompassing barns, silos, and other ancillary development to an agricultural use, but excluding a residential use.",2021-10-25,2026-10-25,https://loyalist.civicweb.net/filepro/documents/148504/?preview=160286,,,,,,,By-Law 2003-22,Yes,"The provisions of subsection (a) of this section do not apply in those areas of the Township where fill is dumped or placed on lands zoned ""Prime Agricultural or Rural"" where there is a alteration to the grade of land as an incidental part of a commonly accepted agricultural practice;",2003-03-10,,https://loyalist.civicweb.net/filepro/documents/44850/?preview=45382,BY-LAW 2011-069,No,,No,,No,Yes,Yes,No,NOT KNOWN,2011-08-29,,https://loyalist.civicweb.net/filepro/documents/29087/?preview=40167,By-law 2021-xxx,Yes,6,,,No,Yes,2;3;4;6;9,https://www.loyalist.ca/en/council-and-administration/resources/Documents/2021-xxx-Backyard-Hens-Licensing-By-law-002.pdf,BY-LAW 2010-130,Yes,"3. SPECIFIC EXEMPTIONS(n) The injuring or destruction is necessary to clear land in accordance with a Normal Farm Practice conducted by an Agricultural Operation for its own Agricultural purposes, provided that the trees are situated outside of areas designated as Environmental Protection Areas or Environmentally Sensitive in the Township's Official Plan, and outside of the area identified on Schedule 'D' of this By-Law.",2010-10-22,,https://loyalist.civicweb.net/filepro/documents/search/?keywords=tree&amp;location=115&amp;preview=27590,YES,YES,NO,YES,,NO,https://loyalist.civicweb.net/document/45287
"Lucan Biddulph, Tp",BY-LAW NO. 26-2023Development Charge By-law,Yes,SECTION 4 h.No development charge under section 5 is payable where the development;f. Is a bona fide non-residential farm building,2023-06-06,2033-06-06,https://www.lucanbiddulph.on.ca/sites/default/files/2023-06/26-2023%20FINAL%20Development%20Charges%20Bylaw.pdf,,,,,,,BY-LAW NO. 38-2022,No,,,,https://www.lucanbiddulph.on.ca/sites/default/files/2022-07/38-2022-%20Site%20Alteration%20By-law.pdf,BY-LAW NO. 41-2020Animal Control By-law,No,,No,,No,Yes,Yes,No,NOT KNOWN,2020-11-03,,https://www.lucanbiddulph.on.ca/sites/default/files/2021-09/bylaw_41-2020_animal_control.pdf,,No,,,,,,,https://www.lucanbiddulph.on.ca/sites/default/files/2023-05/79-2021%20Animal%20Control%202022.pdf,,Other,,,,SEE MIDDLESEX COUNTY BYLAWhttp://SEE MIDDLESEX COUNTY BYLAW,YES,NO,YES,YES,YES,YES,
"Macdonald Meredith and Aberdeen Addl, Tp",,,,,,,,,,,,,,,,,,,,,,,,,,,,,,,,,,,,,,,,,,,,,,,NO,,NO,,,NO,
"Machar, Tp",,,,,,,,,,,,,,,,,,,BY-LAW NO. 15-97,No,,No,,No,Yes,Yes,No,6,1997-06-23,,http://www.machartownship.net/Dog_License___Kennel_Regs_15-97.pdf,,,,,,,,,,,,,,,,NO,,NO,,,NO,
"Machin, M",,,,,,,,,,,,,,,,,,,,,,,,,,,,,,,https://www.visitmachin.com/Home/DownloadDocument?docId=2f312947-bb3a-4a48-9d2c-f2874c0ac485,BY-LAW 41-2018Regulate Keeping of Animals By-law,Yes,6,,,No,No,NOT KNOWN,https://www.visitmachin.com/Home/DownloadDocument?docId=2f312947-bb3a-4a48-9d2c-f2874c0ac485,,,,,,,NO,,NO,,,NO,
"Madawaska Valley, Tp",,,,,,,,,,,,,,,,,,,BY-LAW NUMBER 2010-86,No,,No,,No,Yes,Yes,No,none,2010-11-15,,https://madawaskavalley.civicweb.net/filepro/documents/138224/?preview=138267,,,,,,,,,,,,,,,,NO,,NO,,,NO,
"Madoc, Tp",,,,,,,,,,,,,,,,,,,,,,,,,,,,,,,,,No,,,,,,,https://www.cbc.ca/news/canada/ottawa/rural-backyard-chickens-1.6782852,,,,,,,YES,NO,NO,NO,NO,NO,
"Magnetawan, M",,,,,,,,,,,,,,,,,,,BY-LAW NO. 2023-45,No,,No,,No,Yes,Yes,No,,2023-09-13,,https://magnetawan.com/content/government/by-laws/frequently-requested-by-laws/2023-45-regulate-dogs.pdf,,,,,,,,,,,,,,,https://magnetawan.com/content/government/by-laws/nineteen/2019-05-zba-con-1-lot-10-chapman-minklers.pdf,NO,NO,NO,NO,NO,NO,
"Malahide, Tp",By-law Number 21-63The Corporation of the Township of Malahide,Yes,"See Section 3.83.8. Notwithstanding the provision of this by-law, development charges shall not be imposed with respect to: (c) Non-residential farm buildings constructed for bona fide farm uses;",2021-11-02,2026-11-02,https://www.malahide.ca/en/municipal-office/resources/Bylaws--Policies/2021-Malahide-DC-By-law---3-year-phase-in-no-water.pdf,,,,,,,,,,,,,BY-LAW No. 05-71,No,,No,,No,Yes,No,,NOT KNOWN,2005-12-15,,https://laserfiche.malahide.ca/WebLink/DocView.aspx?dbid=0&amp;repo=Malahide&amp;id=15496,,No,,,,,,,,,Other,,2019-02-21,,,NO,,NO,,,NO,
"Manitouwadge, Tp",,,,,,,,,,,,,,,,,,,BY-LAW NO. 2019-17,No,,No,,No,Yes,Yes,No,6,2019-08-14,,https://manitouwadge.civicweb.net/filepro/documents/search/?keywords=animal&amp;location=108&amp;preview=6976,BY-LAW NO. 2019-17,Yes,6,2014-08-14,,No,,2;3;4;5;6;9,https://manitouwadge.civicweb.net/filepro/document/6976/Animal-Control-Part-1-By-law-2019-17-2.pdf,,,,,,,NO,,NO,,,NO,
"Mapleton, Tp",BY-LAW NUMBER 2024-033,Yes,"3.10 Other Exemptions:Notwithstanding the provision of this By-law, development charges shall not be imposed with resepct to:(b) A bona fide farm use;where ""bona fide farm use"" means the proposed development that will qualify as a farm business operating with a valid Farm Business Registration Number issued by the Onatrio Ministry of Agriculture, Food and Rural Affairs and be assessed in the Farmland Realty Tax Class by the Ontario Property Assessment Corporation.",2024-06-11,,https://mapleton.ca/content/2024-033-development-charges.pdf,,,,,,,,,,,,,BY-LAW NUMBER 2019-034,No,,No,,No,No,Yes,No,NOT KNOWN,2019-04-09,,https://mapleton.ca/content/township-services/2019-034-dog-by-law-canine.pdf,,,,,,,,,,,,,,,,YES,YES,NO,,,NO,https://mapleton.ca/content/township-services/departments/by-laws/by-law-2024-021-regulate-fences-1.pdf
"Marathon, Tp",,,,,,,,,,,,,,,,,,,BY-LAW NO. 1788,No,,No,,No,Yes,Yes,No,NOT KNOWN,2013-04-08,,https://www.marathon.ca/en/town-hall/resources/Documents/1788-regulate-govern-animals-1.pdf,BY-LAW NO. 1788,No,,2013-04-08,,,,2;3;4;5;6;9,https://www.marathon.ca/en/town-hall/resources/Documents/1788-regulate-govern-animals-1.pdf,,,,,,,YES,YES,NO,YES,YES,NO,https://www.marathon.ca/media/adpnwzkn/1975fencing.pdf
"Markham, C",By-law 2022-49,Yes,"3. APPLICABLE LANDS(4) This by-law shall not apply to land or Buildings within the Municipality that are used for the purposes of:(d) Agricultural Uses;where ""Agricultural Uses"" means land or buildings, excluding any portion thereof used as a dwelling unit, used or designed or intended for use for the purpose of a bona fide farming operation.",2022-05-31,2027-05-31,https://www.markham.ca/wps/wcm/connect/markham/7ed08a23-ba5b-42a9-a66c-43d62fd6ce50/2022-49.pdf?MOD=AJPERES&amp;CONVERT_TO=url&amp;CACHEID=ROOTWORKSPACE.Z18_2QD4H901OGV160QC8BLCRJ1001-7ed08a23-ba5b-42a9-a66c-43d62fd6ce50-o6mTyzI,BY-LAW 2019-100,No,"Annual Non-residential property:$30 per $100,000 of Current Value Assessment (CVA). *Any property with a total CVA less than $100,000 is exempt and shall not have a Stormwater Fee*",2019-09-24,,https://pub-markham.escribemeetings.com/filestream.ashx?DocumentId=18432,BY-LAW 2011-232,No,,2021-02-09,,https://www.markham.ca/wps/wcm/connect/markham/2237fac4-5f60-4aeb-b556-ee4bc1f44e2e/2011-232-Consolidated.pdf?MOD=AJPERES&amp;CONVERT_TO=url&amp;CACHEID=ROOTWORKSPACE.Z18_2QD4H901OGV160QC8BLCRJ1001-2237fac4-5f60-4aeb-b556-ee4bc1f44e2e-nx0MLBj,By-law 2018-91,No,,No,,No,Yes,Yes,No,No,2018-06-26,,https://www.markham.ca/wps/wcm/connect/markham/a7e41491-5ecc-4e87-8306-cd8d2cad4259/2018-91+-+Consoildated.pdf?MOD=AJPERES&amp;CONVERT_TO=url&amp;CACHEID=ROOTWORKSPACE.Z18_2QD4H901OGV160QC8BLCRJ1001-a7e41491-5ecc-4e87-8306-cd8d2cad4259-o8RQpCb,BY-LAW 2018-91,No,No person shall keep livestock in any area of the City unless the area is zoned for that purpose,2018-06-26,,,,2;3;4;5;6,https://www.markham.ca/wps/wcm/connect/markham/a7e41491-5ecc-4e87-8306-cd8d2cad4259/Bylaw-2018-91.pdf?MOD=AJPERES&amp;CONVERT_TO=url&amp;CACHEID=ROOTWORKSPACE.Z18_2QD4H901OGV160QC8BLCRJ1001-a7e41491-5ecc-4e87-8306-cd8d2cad4259-mDAse.v,BY-LAW 2023-164,No,,2023-12-13,,https://www.markham.ca/wps/wcm/connect/markham/e44bce95-ebd6-400d-9d1e-930b17591c4d/By-law+2023-164+Tree+Preservation.pdf?MOD=AJPERES&amp;CONVERT_TO=url&amp;CACHEID=ROOTWORKSPACE.Z18_2QD4H901OGV160QC8BLCRJ1001-e44bce95-ebd6-400d-9d1e-930b17591c4d-oSeHRC8,YES,NO,NO,YES,YES,YES,https://www.markham.ca/sites/default/files/economic-development-business/zone-and-devlopment/Bylaw-277-97.pdf
"Markstay-Warren, M",,,,,,,,,,,,,,,,,,,,,,,,,,,,,,,,,,,,,,,,,,,,,,,NO,,NO,,,NO,
"Marmora and Lake, M",,,,,,,,,,,,,BY-LAW NUMBER 2003-22,Yes,,2004-01-06,,https://acrobat.adobe.com/id/urn:aaid:sc:US:2259cfed-21ca-487f-987d-20fa9554ce50,BY-LAW NUMBER 2023-30,No,,No,,Yes,No,No,,NOT KNOWN,2023-06-06,,https://drive.google.com/file/d/1R6qOFgacO39__1cB-ASBFAKXwxU9l8Tq/view,,No,,,,,,,https://www.change.org/p/municipality-of-marmora-and-lake-allow-rural-residential-home-owners-the-right-to-raise-backyard-chickens,,,,,,,YES,NO,NO,NO,NO,NO,
"Matachewan, Tp",,,,,,,,,,,,,,,,,,,BY-LAW 2013-15,No,,No,,No,Yes,Yes,No,,2013-06-17,,https://www.matachewan.com/wp-content/uploads/2023/11/By-law-No.-2013-15.pdf,,,,,,,,,,,,,,,,NO,,NO,,,NO,
"Mattawa, Tp",,,,,,,,,,,,,,,,,,,BY-LAW 08-21,No,,No,,No,Yes,Yes,No,none,2008-08-25,,https://mattawa.ca/uploads/docs/by-laws/Keeping%20of%20Dogs%20By-law%2008-21.pdf,Regulate Animals,Yes,Other,2017-05-23,,No,Yes,NOT KNOWN,https://mattawa.ca/wp-content/uploads/2017/05/By-Law-17-17-Regulate-Animals-1.pdf,,,,,,,YES,YES,NO,,,NO,https://www.mattawa.ca/uploads/documents/by-laws/BY-LAW-17-15%20Fence%20By-Law.pdf
"Mattawan, M",,,,,,https://www.ontario.ca/laws/statute/97d27,,,,,,,,,,,,,,,,,,,,,,,,,,,,,,,,,,,,,,,,,NO,,NO,,,NO,
"Mattice-Val CÃ´tÃ©, Tp",,,,,,,,,,,,,,,,,,,BY-LAW NO. 967,No,,No,,No,Yes,No,,none,2023-11-01,,https://www.matticevalcote.ca/_files/ugd/93a5a9_4b94cb3f1b094c9da306dd06ad6d4c4a.pdf,,,,,,,,,,,,,,,,NO,,NO,,,NO,
"McDougall, Tp",,,,,,,,,,,,,,,,,,,BY-LAW NO. 2013-33,No,,Yes,a dog used for herding of farm fowl or animals and is actively participating in herding.,No,Yes,Yes,No,NOT KNOWN,2013-05-15,,https://mcdougall2022.municipalwebsites.ca/Editor/images/By-laws/Dog%20Licensing%20By-law.pdf,By-law No. 2021-27,Yes,6 if lot is 0.18 hectares to 0.4 hectares10 if lot is greater than 0.4 hectares,2021-07-14,,No,Yes,2;3;4,https://mcdougall2022.municipalwebsites.ca/Editor/images/By-laws/2021-27%20regulate%20the%20keeping%20of%20hens%20in%20the%20RR%20Zone.pdf,,,,,,,YES,YES,NO,YES,YES,YES,https://mcdougall2022.municipalwebsites.ca/Editor/images/By-laws/Fence%20Control%20By-law.pdf
"McGarry, Tp",,,,,,,,,,,,,,,,,,,BY-LAW NO. 2021-13,No,,No,,No,Yes,Yes,No,NOT KNOWN,2021-01-12,,https://www.mcgarry.ca/Bylaws/By-Laws-2021/By-Law-2021-13.pdf,Animal Control By-law,No,,,,,,,https://www.mcgarry.ca/en/town-hall/animal-control-by-law-2021-13.aspx,,,,,,,YES,NO,NO,NO,NO,NO,https://www.mcgarry.ca/Bylaws/By-Law-1994/By-Law-1994-16.pdf
"McKellar, Tp",,,,,,,,,,,,,,,,,,,,,,,,,,,,,,,,,,,,,,,,,BY-LAW NO. 2019-12,No,,2019-02-04,,https://www.mckellar.ca/en/township-services/resources/By-law-2019-12-Tree-Canopy-Policy.pdf,NO,,NO,,,NO,
"McMurrich/Monteith, Tp",,,,,,,,,,,,,,,,,,,BY-LAW 07-2023,No,,No,,No,Yes,No,,6 (Rural Zones)3 otherwise,2023-03-07,,https://irp.cdn-website.com/af131183/files/uploaded/DOC033123-03312023132315.pdfhttps://irp.cdn-website.com/af131183/files/uploaded/DOC033123-03312023132315.pdf,,,,,,,,,,,,,,,,NO,,NO,,,NO,
"McNab-Braeside, Tp",BY-LAW NUMBER-2019-42,No,,2019-06-27,2024-06-27,https://www.mcnabbraeside.com/download.php?dl=YToyOntzOjI6ImlkIjtzOjI6IjQ4IjtzOjM6ImtleSI7aToyMzt9,,,,,,,,,,,,,BY-LAW NO. 2018-25,No,,No,,No,Yes,Yes,No,none,2018-06-05,,https://www.mcnabbraeside.com/download.php?dl=YToyOntzOjI6ImlkIjtzOjI6IjQ4IjtzOjM6ImtleSI7aToyO30=,BY-LAW NO. 2015-06,Yes,6 on residential,2015-12-01,,Yes,Yes,NOT KNOWN,https://www.mcnabbraeside.com/download.php?dl=YToyOntzOjI6ImlkIjtzOjI6IjQ4IjtzOjM6ImtleSI7aToxOTt9,,,,,,,NO,,NO,,,NO,
"Meaford, M",By-law Number 2024-48,Yes,"13.0 Categories of Exempt Uses13.1 The following categories of uses are hereby designated as being exempt from the payment of development charges.e) agricultural use, where “Agricultural Use” means lands, buildings, or structures, excluding any portion thereof used as a dwelling unit, used, designed or intended to be used for the purpose of a bona fide farming operation including, but not limited to, animal husbandry, bee keeping, dairying, fallow, field crops, fish farming, forestry, fruit farming, horticulture, livestock, market gardening, pasturage, poultry keeping, the growing, raising, packing, treating, storing, and sale of produce produced on the premises, temporary farm help accommodation and other activities customarily carried on in the field of agriculture.",2024-10-07,,https://www.meaford.ca/en/business-development/resources/Development-Charges/By-law-2024-48---to-Establish-Development-Charges-for-the-Municipality-of-Meaford.pdf,,,,,,,BY?LAW NUMBER 058 ? 2010,No,,2010-06-21,,https://www.meaford.ca/en/living-here/resources/Documents/Building---058-2010-Grading-By-law.pdf,BY-LAW NUMBER 078-2013,Other,"""Working Dog"" shall mean a dog trained, kept and utilized for work purposes including, but not limited to, livestock handling and/or guarding, pest and predator control, recreation dog sled use and police or rescue dogs;",No,,No,Yes,No,,NOT KNOWN,2013-10-28,,https://www.meaford.ca/en/our-government/resources/Documents/By-Laws/78-2013-Control-Dogs-and-Govern-the-Care-of-Animals.pdf,By-law 77-2014Backyard Poultry By-law,Yes,"NOT SPECIFIED, but many requirements per chicken (specified in BC By-law)",,,No,Yes,2;3;4;5;6;7;9;11,https://www.meaford.ca/en/living-here/backyard-chickens.aspx,BY-LAW NUMBER 100 – 2012,Yes,3. EXEMPTIONS (n) the destruction of trees occurring as an integral component of an active farm operation.,,,https://www.meaford.ca/en/our-government/resources/Documents/By-Laws/100-2012---Tree-Cutting.pdf,NO,,NO,,,NO,
"Melancthon, Tp",By-law Number 37-2019,Yes,"Other Exemptions:3.9.2 Notwithstanding the provisions of this By-law, development charges shall not be imposed on ""an agricultural use"", including barns, silos, or other storage facilities for produce, livestock, or machinery and equipment used in connection with an existing agricultural operation, and other ancillary development to an agricultural use, but excluding a ""residential dwelling"", an ""on-farm diversisied use"" or a ""cannabis production facility"".",2024-07-18,2034-07-18,https://melancthontownship.ca/wp-content/uploads/2024/07/Development-Charges-By-law-30-2024.pdf,,,,,,,BY-LAW NUMBER 29-2004,No,,2004-06-03,,https://melancthontownship.ca/wp-content/uploads/2017/03/site-alteration.pdf,BY-LAW NO. 17-2003,No,,No,,No,Yes,Yes,No,NOT KNOWN,2003-06-05,,https://melancthontownship.ca/wp-content/uploads/2017/03/canine.pdf,,,,,,,,,,,,,,,,YES,NO,NO,NO,NO,NO,
"Merrickville-Wolford, Tp",,,,,,,,,,,,,,,,,,,BY-LAW No. 22 - 00,No,,No,,No,Yes,Yes,No,"5.1 No person or persons may keep, board or breed more than:- a) in the Merrickville Ward 3 dogsb) in the Wolford Ward 4 dogs",2000-08-21,,https://www.merrickville-wolford.ca/media/k2/attachments/file_4eef84a424feb_www.merrickville-wolford.ca_0022DOG_3.pdf,,,,,,,,,,,,,,,,NO,,,,,,
"Middlesex Centre, M",BY-LAW 2024-064,No,,2024-07-10,,https://www.middlesexcentre.ca/sites/default/files/2024-07/2024-064%20Development%20Charges.pdf,BY-LAW NUMBER 2023-120,No,$16.55 per property + $46.91/ha,2024-01-01,,https://www.middlesexcentre.on.ca/sites/default/files/2023-12/2023-120%202024%20Stormwater%20Rates.pdf,BY-LAW NUMBER 2016-087,No,,2016-08-24,,https://www.middlesexcentre.on.ca/sites/default/files/2019-10/2016-087%20Site%20Alteration%20By-law.pdf,BY-LAW NUMBER 2012-030Animal Control By-Law (Ammended 2017),No,,No,,No,Yes,NOT KNOWN,NOT KNOWN,"See SECTION 13 - LIMITATIONSNo person or persons shall keep more than three (3) dogs in or about any dwelling unit in the municipality, except that any person who, on the first day of January 1998, was keeping more than three (3) dogs that had been previously licensed by The Corporation of the Township of Delaware, Township of Lobo, or Township of London, may keep those dogs until they have died or otherwise disposed of.",2012-03-21,,https://www.middlesexcentre.on.ca/sites/default/files/2019-12/2012-030%20Animal%20Control%20By-Law%20with%20amending%202017-014%202019-111.pdf,,No,,,,,,,https://www.middlesexcentre.ca/services/residents/animal-services,THE CORPORATION OF THE COUNTY OF MIDDLESEXWOODLANDS CONSERVATION BY-LAW  5738,Other,,,,https://www.middlesex.ca/sites/default/files/Woodlands_Bylaw.pdf,YES,NO,YES,YES,YES,YES,https://middlesexcentre.on.ca/sites/default/files/2019-10/2016-078%20Fencing.pdf
"Middlesex, Co",BY-LAW 7291,Yes,"Other Exemptions/Reductions Notwithstanding the provision of this By-law, development charges shall not be imposed with respect to:  non-residential agricultural use buildings shall be exempt from the development charge;",2025-01-01,,,,,,,,,,,,,,,,,,,,,,,,,,,,,,,,,,,,,BY-LAW 7314,No,,2025-01-14,,https://www.middlesex.ca/sites/default/files/documents/7314%20-%20Woodland%20Conservation%20By-Law%20-%20Website.pdf,NO,,,,,,
"Midland, Tp",BY-LAW 2025-21,No,,2025-03-19,,https://www.midland.ca/en/business-development/resources/Development-Charges/By-law-2025-21-2025-Development-Charges-Midland.pdf,,,,,,,,,,,,,BY-LAW NO. 2009-18,No,,No,,No,Yes,Yes,No,No,2009-03-23,,https://www.midland.ca/en/living-in-midland/By-laws-Resource-Folder/By-law-PDFs/By-law-2009-18-Animal-Control-Dogs.pdf,,No,,,,,,,https://www.midland.ca/en/living-in-midland/By-laws-Resource-Folder/By-law-PDFs/By-law-2013-79-Animal-Control.pdf,,,,,,,NO,,,,,,
"Milton, Tp",BY-LAW NO. 044-2021,Yes,"OTHER EXEMPTIONS/REDUCTIONS:21. Notwithstanding the provision of this By-law, development charges shall not be imposed with respect to: f) agricultural development, including a one-time exemption of up to 50 square metres (538.2 square feet) on any commercial or retail component therein; where ""agricultural development"" means a bona fide farming operation, including greenhouses used in connection with a bona fide farming operation which are not connected to Regional water services or wastewater services, sod farms and farms for the breeding and boarding of horses, and includes, but is not limited to, barns, silos and other ancillary buildings to such agricultural development, but excluding in all circumstances any residential or commercial or retail component thereof and excludes Cannabis Production Facilities;",2021-06-26,2026-06-26,https://www.milton.ca/en/business-and-development/resources/development-documents/Development-Charge-Documents/DevelopmentChargeByLaw_Parking-Only.pdf,,,,,,,BY-LAW NO. 094-2022,Yes,3. Exemptions3.5. A permit is not required on any lot zoned for agricultural use within the Rural Area of the Town,2022-09-12,,https://www.milton.ca/en/business-and-development/resources/094-2022-Prohibit-and-Regulate-Fill-or-Altering-of-Grades-or-Drainage-on-any-Lands.pdf,BY-LAW 90-2004,Other,"“domestic farm animal” shall mean an animal kept by a person for animal husbandry, or for its pelt, wool or fur or for food or research purposes, and includes, but is not limited to, domesticated ungulates of the families Artiodactylus, and Perissodactylus, Anseriformes, Galliformes, Gallus Gallus, and Ratite Birds as outlined in Schedule “B” to this By-law.",No,,No,Yes,No,,8any combination of eight (8) dogs or cats in a Rural Area,2004-10-25,,https://www.milton.ca/en/town-hall/resources/Accessible_Bylaws/090-2004-Animal-Control--Consolidated.pdf,,No,,,,,,,https://www.milton.ca/en/town-hall/resources/Accessible_Bylaws/090-2004-Animal-Control--Consolidated.pdf,,,,,,,YES,NO,NO,YES,YES,YES,https://www.milton.ca/en/town-hall/resources/By-laws/97-2005.pdf
"Minden Hills, Tp",,,,,,,,,,,,,,,,,,,,No,,No,,No,,Yes,No,,,,,,,,,,,,,,,,,,,,NO,,,,,,
"Minto, Tp",By-law 2021-26,No,,2021-04-07,2025-03-01,https://minto.nyc3.cdn.digitaloceanspaces.com/Minto-DC-Brochure-2024.pdf,,,,,,,By-law No. 2020-16,No,,2020-03-03,,https://minto.nyc3.cdn.digitaloceanspaces.com/By-Laws/Site-Alteration-By-Law.pdf,By-Law 2019-39,No,,No,,No,Yes,Yes,No,NOT KNOWN,2019-04-16,,https://minto.nyc3.cdn.digitaloceanspaces.com/By-Laws/Animal-By-Laws/Dog-Licensing-By-Law-2019-39.pdf,By-Law 2020-73Exotic Animal,No,,,,,,,https://minto.nyc3.cdn.digitaloceanspaces.com/By-Laws/Animal-By-Laws/Exotic-Animal-By-Law-2020-73.pdf,,,,,,,YES,YES,NO,YES,,NO,
"Mississauga, C",By-law 0133-2022,No,,2022-06-22,2027-06-22,https://www.mississauga.ca/wp-content/uploads/2020/07/27173434/Development-Charges-By-law-0133-2022.pdf,BY-LAW 0251-2020,Yes,"SUBSIDIES13. (3) Working Farm; “Working Farm” means the portion of a property that is subject to the Farm Property Class Tax Rate, as assessed by the Municipal Property Assessment Corporation (MPAC).",2024-04-01,2025-03-31,https://www.mississauga.ca/wp-content/uploads/2023/12/Schedule-B-4-Stormwater-Fees-and-Charges-Effective-April-1-2024-to-March-31-2025.pdf,By-law 0512-1991Erosion and Sediment Control,No,,1991-10-21,,https://www.mississauga.ca/wp-content/uploads/2020/07/10122128/Erosion-and-Sediment-Control-By-law-0512-1991.pdf,BY-LAW 0098-2004,No,,No,,No,Yes,No,,"none4 otherwise, e) the keeping of animals on lands zoned and used for agricultural purposes;",2004-03-10,,https://www.mississauga.ca/wp-content/uploads/2023/11/Animal-Care-and-Control-By-law-0098-2004.pdf,BY-LAW 0098-2004,Other,,2004-03-10,,,,2;3;4;7;9,https://www.mississauga.ca/wp-content/uploads/2023/11/Animal-Care-and-Control-By-law-0098-2004.pdf,By-law 0021-2022,No,,2022-02-02,,https://www.mississauga.ca/wp-content/uploads/2018/09/30121717/Private-Tree-Protection-By-law-0021-2022.pdf,YES,YES,YES,NO,YES,YES,https://www.mississauga.ca/wp-content/uploads/2022/04/FENCE-BY-LAW-0397-1978-consolidation.pdf
"Mississippi Mills, M",BY-LAW NO. 23-081,Yes,"Other Exemptions3.13 Notwithstanding the provision of this by-law, development charges shall not be imposed with respect to: (c) Non-residential farm building used for a bona fide agricultural use,where “Farm building” means that part of a farming operation encompassing barns, silos, and other accessory use to a bona fide agricultural use or “value add” buildings of a commercial or retail nature for the farming operation or farm help quarters for the farming operation workers but excluding a Residential use;",2023-12-05,2033-12-05,https://www.mississippimills.ca/en/build-and-invest/resources/Documents/Building/2023-Development-Charges-By-laws-23-081-to-23-088.pdf,,,,,,,,,,,,,BY-LAW NO. 14-21,Yes,"A dog that is specifically trained to work and/or live with domestic farm animals (i.e. cattle, sheep, goats etc) without causing them harm while aggressively repelling predators and is used exclusively for that purpose. In order to qualify the dog owner must hold a valid farm registration number registered with the Municipality.",No,,No,Yes,Yes,No,"(a) No person or household within the Ward of Almonte and the Hamlets of Blakeney, Appleton, Clayton, and Pakenham and registered plans of subdivision shall keep more than three (3) dogs. (b) No person or household located outside of the Ward of Almonte and the Hamlets of Blakeney, Appleton, Clayton and Pakenham and registered plans of subdivision shall keep more than six (6) dogs",2014-05-06,,https://www.mississippimills.ca/en/municipal-hall/resources/Documents/By-laws/Bylaw-14-21-Animal-Control-consolidated.pdf,BY-LAW NO. 14-21Animal Control By-law,No,,,,,,,https://www.mississippimills.ca/en/municipal-hall/resources/Documents/By-laws/Bylaw-14-21-Animal-Control-consolidated.pdf,,,,,,,NO,,,,,,
"Mono, Tp",BY.LAW NUMBER 2024.28,Yes,"3.9 Other Exemptions:1) Notwithstanding the provision of this by-law, development charges shall not be imposed with respect to:(i) Non-residential farm buildings constructed for bona fide farm uses,where “farm building” means a building or structure associated with and located on land devoted to the practice of farming and that is used essentially for the housing of farm equipment or livestock or the production, storage or processing of agricultural and horticultural produce or feeds and as part of or in connection with a bona fide farming operation and includes barns, silos and other buildings or structures ancillary to that farming operation, including greenhouses, but excludes:(a) a residential use, with the exception of a bunk house for seasonal farm workers required for that farm operation; and(b) any building or portion thereof used or intended to be used for any other Non-Residential Use, including, but not limited to: retail sales; commercial services; restaurants; banquet facilities; hospitality and accommodation facilities; gift shops; contractors’ shops; services related to grooming, boarding, or breeding of household pets; and alcohol and marijuana production facilities.",2024-07-16,2034-07-16,https://mono.civicweb.net/document/202199/,,,,,,,BYLAW NUMBER 2014 - 31,No,"6. Requests for Variance or Exception 6.6 Upon reviewing a request under Section 6.2, Council shall consider whether the requested Variance or Exception: a) will result in maintaining or improving the overall agricultural capability of the Site;",2014-08-27,,https://mono.civicweb.net/document/26719/,BY-LAW NUMBER NO. 2002-62amended up to 2019,No,,No,,No,Yes,Yes,No,NOT KNOWN,2019-05-14,,https://mono.civicweb.net/document/34102/,BYLAW NUMBER 82-26Prohibit &amp; Regulate Animals By-law,No,,,,,,,https://mono.civicweb.net/document/69873/,BY-LAW NUMBER 2014-47,No,3. EXEMPTIONS (k) Normal Farm Practices carried on as part of an agricultural operation outside the Settlement Area.,2014-11-25,,https://mono.civicweb.net/document/27386/,YES,YES,NO,NO,YES,YES,https://mono.civicweb.net/document/8933
"Montague, Tp",BY-LAW NO. 3893-2022,No,,2022-03-15,2027-03-15,https://acrobat.adobe.com/id/urn:aaid:sc:US:d3c3fb30-5f23-4f3f-bbc0-b5ae2a5f20e2,,,,,,,,,,,,,BY-LAW NUMBER 4004-2023,No,,No,,No,Yes,Yes,Yes,NOT KNOWN,2023-08-01,,https://www.montaguetownship.ca/images/4004-2023_-_Animal_Control_By-Law.pdf,Animal Control By-law,No,,,,,,,https://www.montaguetownship.ca/images/4004-2023_-_Animal_Control_By-Law.pdf,,,,,,,YES,YES,NO,YES,NO,NO,https://www.montaguetownship.ca/en/resources/Fence-By-law-1197-80.pdf
"Moonbeam, Tp",,,,,,,,,,,,,,,,,,,BY-LAW NO. 16-18,No,,No,,No,Yes,Yes,No,,2018-07-10,,https://moonbeam.civicweb.net/filepro/documents/search/search?keywords=dog&amp;page=1&amp;location=3572&amp;preview=10330,Animal Control By-law,No,,,,,,,https://moonbeam.civicweb.net/filepro/document/10330/by-law%2016-18%20Animal%20Control%20By-law.pdf,,,,,,,NO,,,,,,
"Moosonee, Tp",,,,,,,,,,,,,,,,,,,BY-LAW No. 05-16,No,,No,,No,Yes,Yes,No,NOT KNOWN,2016-01-26,,https://www.moosonee.ca/wp-content/uploads/2018/11/05-16-Animal-Control.pdf,,,,,,,,,,,,,,,,NO,,,,,,
"Morley, Tp",,,,,,,,,,,,,,,,,,,,,,,,,,,,,,,,,,,,,,,,,,,,,,,NO,,,,,,
"Morris-Turnberry, M",,No,No explicit exemption mentioned,2021-11-16,2026-01-01,https://morristurnberry.ca/content/government/bylaws/59-2021-fees-and-charges.pdf,,,,,,,,,,,,,BY-LAW NO. 109-2019,Yes,"a dog that works and/or lives with domestic farm animals or livestock (e.g. cattle, sheep, poultry) to protect them while repelling predators and is used exclusivley for that purpose.",Yes,a dog that has been trained and is actively being used in a bona fide farming operation for the purposes of controlling livestock on the farm.,No,Yes,Yes,No,none4.3.5. the dogs are LGDs and or herding dogs.,2019-12-17,,https://morristurnberry.ca/content/government/bylaws/animal-control-by-law-8.pdf,,,,,,,,,,,,,,,,NO,,,,,,
"Mulmur, Tp",By-law No. 22 - 2024,Yes,"8. EXEMPT BUILDINGS 8.1 Non-residential buildings used accessory to an agricultural operation shall be exempt from the development charge,",2024-07-03,2034-07-03,https://mulmur.ca/content/town-hall/bylaws/development-charges-by-law-no.-22-2024.pdf,,,,,,,BY-LAW NO. 4–15,No,,2015-02-04,,https://mulmur.ca/content/town-hall/bylaws/fill-by-law-4-2015-consolidated-1.pdf,BY-LAW NO. 53.19,No,,No,,No,Yes,Yes,No,NOT KNOWN,2019-11-06,,https://mulmur.ca/content/town-hall/bylaws/animal-care-and-control-by-law-53-2019.pdf,BY-LAW NO. 19 – 18Backyard Chicken By-law,Yes,,2018-06-06,,No,No,2;3;4;5,https://mulmur.ca/content/town-hall/bylaws/backyard-chickens-by-law-19-2018.pdf,BY-LAW NO. 47-2019,Yes,"3. EXCEPTIONSsiii. Normal Farm Practices in accordance with the Farm Practices Protection Act, R.S.O. 1990, c. F.6, as amended, carried on as part of an agricultural operation, including minor squaring-up of fields to a maximum of 2ha of treed area;",2019-10-02,,https://mulmur.ca/content/town-hall/bylaws/tree-by-law-47-2019.pdf,YES,YES,NO,YES,YES,NO,https://mulmur.ca/wp-content/uploads/2021/05/By-law-46-2019-Fence.pdf
"Muskoka Lakes, Tp",BY-LAW NUMBER 2024-055,No,"10. In the case of the demolition of all or part of a residential building, a non— residential building or a farm building or structure: 10.1. no development charge shall be imposed if a building that has been destroyed or legally demolished is rebuilt within three years of the destructionor demolition. If a different type of building is constructed, a credit equal to the development charge that would have been imposed on the original building if it were constructed elsewhere in the neighbourhood, will apply. 10.2. A credit can, in no case, exceed the amount of the development charge that would othenrvise be payable, and no credit is available if the existing land use is exempt under this by-law.",2024-07-01,,https://muskokalakes.civicweb.net/filepro/documents/78263/,,,,,,,BY- LAW NUMBER 2022- 108,No,,2022-09-14,,https://muskokalakes.civicweb.net/filepro/documents/78263/?preview=172774,BY-LAW 2021-090,Yes,"a dog that is specifically trained to work and live with domestic farm animals (i.e. cattle, sheep) without causing them harm while aggressively repelling predators and is used exclusively for that purpose, and includes breeds such as the following; Akbash, Great Pyrenees, Komondor, Maremma, and similar.",Other,"“Farm Working Dog” means a dog that is specifically trained to and actively assists its owner(s) with the herding of livestock and where the owner(s) can demonstrate that they are an active livestock farmer registered with one of the following associations; Ontario Federation of Agriculture (OFA), Christian Farmers Federation of Ontario (CFFO), the National Farmers Union (NUF) or the National Farmers Union of Ontario (NUF-O).",Yes,Yes,Yes,No,"3.3 The Appeal Committee will consider written requests for exemptions to the maximum number of dogs in special circumstances, such as the number of dogs exceeding the maximum when Farm Working Dog(s), Livestock Guardian dog(s), Hunting dog(s) are included in the total number of dogs.",,,https://muskokalakes.civicweb.net/filepro/documents/78263/?preview=78271,,,,,,,,,,BY- LAW NUMBER 2022- 107,No,,2022-09-14,,https://muskokalakes.civicweb.net/filepro/documents/78263/?preview=172775,NO,,,,,,
"Muskoka, District M",BY-LAW 2024-34,Yes,"8. ExemptionsSubject to section 9 herein, the following types of development shall be exempt from payment of development charges: (a) the development of a non-residential farm building or structure; where ""farm building"" means buildings or structures used to carry on a bona fide farming operation including barns, silos and other ancillary development to an agricultural use, but excluding cannabis production facilities and those buildings or structures used for residential purposes;",2028-08-08,,https://muskoka.civicweb.net/document/42312/,,,,,,,,,,,,,,,,,,,,,,,,,,,,,,,,,,,,,,,,,NO,,,,,,
"Nairn and Hyman, Tp",,,,,,,,,,,,,,,,,,,BY-LAW NUMBER 2022-25,No,,No,,No,Yes,Yes,No,none,2022-09-12,,https://nairncentre.ca/wp-content/uploads/2022/11/2022-25.By-law-Registering-of-dogs-controlling-impoundment.pdf,,,,,,,,,,,,,,,,NO,,,,,,
"Neebing, M",,,,,,,,,,,,,,,,,,,BY-LAW NUMBER 2014-028,No,,No,,No,Yes,Yes,No,,2019-12-18,,https://www.neebing.org/en/your-local-government/resources/By-Laws-and-Policies/2014-028-Dog-Control-By-law-consolidated.pdf,,,,,,,,,,,,,,,,NO,,,,,,
"New Tecumseth, Tp",By-law Number 2021- 166,Yes,"4. Applicable Lands(3) This by-law shall not apply to land that is owned by and used for the purposes of: (e) agricultural uses,where "" agricultural use"" means lands, buildings or structures, excluding any portion thereof used as a dwelling unit, used or designed or intended for use for the purpose of a bona fide farming operation including, but not limited to, animal husbandry, dairying, livestock, fallow, field crops, removal of sod, forestry, fruit farming, horticulture, market gardening, pasturage, poultry keeping, equestrian facilities and any other activities customarily carried on in the field of agriculture.",2021-12-13,2027-01-01,https://www.newtecumseth.ca/en/resources/2021-166---Development-Charges.pdf,,,,,,,By-law Number 2020 - 007,Yes,"Except as provided in Section 5.2, this By- law shall not apply to the following: a) any work constituting the tillage of land pursuant to normal agricultural practices by a bona fide farmer b) the removal of topsoil as an incidental part of a normal agricultural practice including such removal as an incidental part of sod -farming, greenhouse operations and nurseries for horticultural products Municipal Act, 2001, Section 142 (6)) provided: i) the exception in 5. 1( b) respecting the removal of topsoil as an incidental part of a normal agricultural practice does not include the removal of topsoil for sale, exchange or other disposition; Municipal Act, 2001, Section142 (7)); ii) the importation of replacement topsoil will be subject to the permit requirements set out in section 11.",2020-01-27,,https://www.newtecumseth.ca/en/town-hall/resources/Documents/Site-Alteration-Fill-By-Law.pdf,By-law 2017-077,Yes,"a dog that is specifically trained to work and/or live with domestic farm animals (i.e. cattle, sheep) without causing harm while aggressively repelling predators and is used exclusively for that purpose;",No,,Yes,Yes,No,,"2.2 No person shall keep or Harbour more than five (5) Dogs at any one time in a Dwelling Unit, building or property in any Rural area of the Town 2.3 Any person wishing more than five (5) Dogs in a Rural Area shall: 2.2.1 Apply in writing to the Town Clerk…",2017-05-29,,https://www.newtecumseth.ca/en/town-hall/resources/Documents/bylaws/Canine-Control-By-law-No.-2017-077-Consolidation-Accessible.doc.pdf,,No,,,,,,,,By-law Number 2022- 063,No,,2022-06-13,,https://www.newtecumseth.ca/en/resources/Public-Works/2022-063---Tree-By-law---Signed.pdf,YES,YES,YES,YES,YES,YES,https://newtecumseth.ca/Bylaws/2007-100-Fence.pdf
"Newbury, Tp",NONE,,,,,,,,,,,,"BY-LAW NO. 692, BEING THE RESTRICTED AREA (LAND USE) BY-LAW, AS AMENDED(January 1, 2017 consolidated version)",Other,"Agricultural (A1) Zone This zone permits the full range of agricultural activities. See SEC 5.1 PERMITTED USESNo land, building, or structure shall be used or erected in the Agricultural (A) Zone except for the following purposes: agricultural use, agricultural home occupation, commercial greenhouse, ect.",1978-11-06,,https://newbury.ca/Zoning_BL-Consolidated_Version.pdf,By-law Number 131-15Animal Control By Law,No,,No,,No,Yes,Yes,No,"2No Guardian shall keep in or upon any lands or premises within the Village of Newbury, irrespective of the number of owners, more than two (2) dogs, provided that any young born on the premises may be kept there for a period not exceeding twelve (12) weeks after birth.",2015-12-15,,https://newbury.ca/animal_control_by-law.pdf,,,,,,,,,,BY-LAW NUMBER 5115-09,Yes,"land previously cleared and used for agricultural purposes, which has become overgrown with young (less than 10 years old) earlysuccessional tree species (e.g. Sumac, Hawthorne, Apple, Scots Pine, Poplar, White Birch, Ash) and the land is intended to be used again as part of an agricultural operation (defined as land eligible for a Farm Business Registration Number);",2009-09-24,,https://www.wellington.ca/media/file/conservation-and-sustainable-use-woodlands-law-5115-09,NO,,,,,,
"Newmarket, Tp",By-law 2019-46,Yes,"Exemptions3.5 Notwithstanding the provisions of this by-law, development charges shall not be imposed or may be deferred, on terms and conditions, satisfactory to the Town, with respect to: g) agricultural uses;where “agricultural use” means lands, buildings or structures, excluding any portion thereof used as a dwelling unit, used or designed or intended for use for the purpose of a bona fide farming operation including, but not limited to, animal husbandry, dairying, livestock, fallow, field crops, removal of sod, forestry, fruit farming, horticulture, market gardening, pasturage, poultry keeping, equestrian facilities and any other activities customarily carried on in the field of agriculture;",2019-07-18,2024-07-21,https://www.newmarket.ca/TownGovernment/Documents/2019-46.pdf,Newmarket Stormwater Charges,No,,,,https://www.newmarket.ca/LivingHere/Pages/Stormwater-Charge.aspx,BY-LAW NUMBER 2016-58,Yes,,2016-11-14,,https://www.newmarket.ca/LivingHere/Documents/2016-58%20Site%20Alteration%20By-law.pdf,By-law 2020-30,No,,No,,No,Yes,Yes,No,NOT KNOWN,2020-06-29,,https://www.newmarket.ca/LivingHere/Documents/Bylaw%20Consolidations/2020-30%20-%20Animal%20Control%20By-law%20-%20Consolidation.pdf,By-law 2020-30Animal Control By-law,Yes,NOT KNOWN,2016-03-01,,No,No,2;3;4;9,https://www.newmarket.ca/LivingHere/Documents/2020-30%20Animal%20Control%20By-law.pdf,By-law 2022-10,No,,2022-02-07,,https://www.newmarket.ca/LivingHere/Documents/Bylaw%20Consolidations/2022-10%20-%20Private%20Tree%20Protection%20By-law%20-%20Consolidation.pdf,YES,YES,YES,NO,NO,YES,https://www.newmarket.ca/Bylaws/Documents/By-Law-2019-20-Fence-By-Law.pdf
"Niagara Falls, C",By-law 2019 - 69,Yes,"8. Exemptions8.2 Notwithstanding any other provision of this by-law, no Development Charge is imposed under this by-law respecting: (c) land and buildings used for agricultural use;  where “agricultural use” means use or intended use for bona fide farming purposes, including, but not limited to: (a) cultivation of crops, whether on open land or in greenhouses, including, but not limited to, fruit, vegetables, herbs, grains, field crops, sod, trees, shrubs, flowers, and ornamental plants; (b) raising of animals including, but not limited to, cattle, horses, pigs, poultry, livestock, fish; and (c) Agricultural animal husbandry, dairying, equestrian activities, horticulture, fallowing, pasturing, and market gardening;but excluding: (d) retail sales activities including, but not limited to, restaurants, banquet facilities, hospitality facilities and gift shops; (e) services related to grooming, boarding or breeding of household pets; and (f) a residential or commercial use or a Marihuana Operation;",2024-05-28,2024-07-08,https://niagarafalls.civicweb.net/document/74854/,,,,,,,By- law No. 2015 - 08,No,,2015-01-27,,pdf recevied by emailhttp://pdf recevied by email,By-Law No. 2019 - 35,No,,No,,No,Yes,Yes,No,NOT KNOWN,2019-03-19,,https://niagarafalls.ca/pdf/by-laws/Animal_control.pdf,By-Law No. 2019 - 35Animal Control By-law,Yes,10,2019-03-19,,No,No,2;3;4,https://niagarafalls.ca/pdf/by-laws/Animal_control.pdf,By-law No. 2004-173,No,,2004-09-20,,https://niagarafalls.ca/pdf/by-laws/tree-by-law.pdf,YES,YES,NO,YES,YES,NO,https://www.niagarafalls.ca/pdf/bylaws/2005-88-fence.pdf
"Niagara, Regional M",BY-LAW NO. 2022-71,Yes,"DISCRETIONARY EXEMPTIONS19. Notwithstanding any other provision of this By-law, no development charge is imposed under this By-law respecting: (a) non-residential lands and buildings used for agricultural use;(b) on-farm site farm accommodations used for agricultural use;  where “agricultural use” means use or intended use for bona fide farming purposes(a) including (but not limited to): (i) cultivation of crops, whether on open land or in greenhouses, including (but not limited to) fruit, vegetables, herbs, grains, field crops, marijuana, sod, trees, shrubs, flowers, and ornamental plants; (ii) raising of animals, including (but not limited to) cattle, horses, pigs, poultry, livestock, fish; and (iii) agricultural animal husbandry, dairying, equestrian activities, horticulture, fallowing, pasturing, and market gardening;(b) but excluding: (i) retail sales activities; including but not limited to restaurants, banquet facilities, hospitality facilities and gift shops; (ii) services related to grooming, boarding, or breeding of household pets; and (iii) marijuana processing or production facilities",2022-08-25,2027-08-31,https://www.niagararegion.ca/government/bylaws/pdf/by-law-2022-71.pdf,,,,,,,,,,,,,,,,,,,,,,,,,,see local municipalities,,,,,,,,,BY-LAW NO. 2020-79,Yes,"4.15 The Harvesting, Injuring or Destruction of Trees by a Farmer that involves theclearing of all or part of a Woodland for Agricultural Use on land that is owned bythe Farmer doing the clearing and is part of a farm operation or farm corporationthat has existed for at least three (3) years prior to such clearing.",2021-01-31,,https://www.niagararegion.ca/government/bylaws/pdf/by-law-2020-79.pdf,NO,,,,,,
"Niagara-on-the-Lake, Tp",BY-LAWNO. 5072-18,Yes,"Applicable Lands(2) This by-law shall not apply to land that is owned by and used for the purposes of (c) the development of a non-residential farm building used for bona fide agricultural purposes; where “farm building"" means that part of a bona fide farming operation encompassing barns, silos and other ancillary development to an agricultural use, but excluding a residential use;",2018-07-16,,https://www.notl.com/media/890,,,,,,,BY-LAW 3941-05,Yes,"This By-law is not applicable to the following activities: The removal of topsoil as an incidental part of normal agricultural practice does not include the removal of topsoil for sale, exchange or other disposition; Any work pursuant to normal agricultural practices with a setback of 7.62 m (25ft) or greater from all property lines that does not change the direction, rate or quality of runoff that results in a detrimental effect on neighbouring properties:",2005-06-13,,https://www.notl.com/media/2206,BY-LAW NO. 5543-23,No,,No,,No,Yes,Yes,No,NOT KNOWN,2023-11-23,,"https://www.notl.com/sites/default/files/2024-04/5543-23%20-%20Animal%20Control%20By-law%201.pdf:~:text=95.%20By,law%20shall",Animal Care &amp; Control By-law,No,,,,,,,https://www.notl.com/media/883,BY-LAW NO. 4571-12,No,,2012-07-30,,https://www.notl.com/media/2305,YES,YES,NO,NO,NO,NO,https://www.notl.com/sites/default/files/2021-12/Fence%20By-law%204778-14.pdf
"Nipigon, Tp",,,,,,,,,,,,,,,,,,,By-Law No. 1581,No,,No,,No,Yes,No,,NOT KNOWN,2004-12-07,,https://www.nipigon.net/documents/by-law-no-1581-cat-and-dog-licensing/viewdocument/113,,,,,,,,,,,,,,,,NO,,,,,,
"Nipissing, Tp",,,,,,,,,,,,,,,,,,,BY-LAW NO. 2022-42,No,,No,,No,Yes,Yes,No,6,2022-09-20,,https://nipissingtownship.com/wp-content/uploads/2022/10/2022-42-Dog-ByLaw.pdf,,,,,,,,,,,,,,,,NO,,,,,,
Norfolk,By-Law 2019-100,Yes,5. Exemptions from Development Charges(5.2) iv) Farm help house development;v) Farming business development,2019-10-15,,https://www.norfolkcounty.ca/download/Bylaw-2019-100.pdf,,,,,,,,,,,,,By-Law No. 2014-46,No,,No,,No,Yes,Yes,No,none (agricultural purposes exempt),2014-04-08,,https://docs.norfolkcounty.ca/FH/WebClientPortal/DownloadForm.aspx?filename=2014-46%20.pdf&amp;token=2eb600b4-5928-4b59-874b-fe62ed7bd36d&amp;filesize=1648631&amp;contenttype=True,Animal Control By-law,No,,,,,,,https://docs.norfolkcounty.ca/FH/WebClientPortal/DownloadForm.aspx?filename=2014-46%20.pdf&amp;token=1a1dd533-c524-4ffe-9c9c-cc98d224308b&amp;filesize=1648631&amp;contenttype=True,By-law number: 2022-98,Yes,3.1 This By-law does not apply to:n) The Injury or Destruction of Trees that is part of a Normal Farm Practice and carried out as part of an Agricultural Operation.,,,"https://www.norfolkcounty.ca/council-administration-and-government/by-laws-and-policies/by-law-directory/forestry-by-law/:~:text=Enacted%20and%20passed%20this%201st,day%20of%20November%2C%202022",YES,YES,NO,YES,YES,NO,https://www.norfolkcounty.ca/wp-content/uploads/2015/11/By-law-2015-131-Fence.pdf
"North Algona Wilberforce, Tp",,,,,,,,,,,,,,,,,,,,,,,,,,,,,,,,,,,,,,,,,,,,,,,NO,,,,,,
"North Bay, C",By-Law No. 2019-72,NOT KNOWN,"Applicable Lands3. (2) This By-law shall not apply to land that is owned by and used for the purposes of: (g) Industrial Uses,where “Industrial Use” means a use considered a permitted use under Industrial Class 1, Industrial Class 2, Industrial Class 3, Wholesale or Transportation Terminal through the City’s Zoning By-law, By-law No. 2015-30, as amended;",2019-10-08,,https://northbay.ca/media/jq3deyyp/by-law-no-2019-72-development-charges-1.pdf,,,,,,,,,,,,,BY-LAW NO. 151-93,No,,No,,No,Yes,No,,none,1994-01-31,,https://northbay.ca/media/dx2mhnmi/1993_151.pdf,,No,,,,,,,,,,,,,,YES,YES,YES,NO,NO,YES,https://www.northbay.ca/media/f1tl0104/bylaw2002-105-fences.pdf
"North Dumfries, Tp",By-law Number 3122-19,Yes,3 (6) This by-law does not apply to:(f) (iii) a farm building,2019-12-09,2025-01-01,https://www.northdumfries.ca/en/doing-business/resources/Documents/By-law-No.-3122-19-Impose-Certain-Development-Charges.pdf,,,,,,,BY-LAW 2612-14,Yes,"3. PERMIT3.1(c) above, a person shall be exempt from providing a lot- grading plan in the following circumstance: (a) if the purpose of the Alteration is to improve the agricultural land use of the land and the quantity of the Fill being added is less than 1,000 cubic metres.",2014-02-03,,https://www.northdumfries.ca/en/township-services/resources/Documents/By-laws/Consolidated-Fill-By-Law-2612-14-as-amended-9-consolidated-on-Oct-15-2021.pdf,BY-LAW NUMBER 3160-20,No,,No,,No,Yes,No,,none,2020-06-22,,https://www.northdumfries.ca/en/township-services/resources/Documents/By-law-No.-3160-20-Regulate-Dogs-and-Licence-Dog-Kennels-REPEAL-BY-LAWS-1268-90-1294-91-2255-07.pdf,Exotic Animals By-law,No,,,,,,,https://www.northdumfries.ca/en/township-services/resources/Documents/By-laws/By-law-No.-3281-21-Regulate-Exotic-Animals.pdf,BY-LAW NUMBER 08-026,No,,2008-06-18,,https://www.regionofwaterloo.ca/en/resources/Bylaws/By-law-08-026.PDFhttps://www.regionofwaterloo.ca/en/resources/Bylaws/By-law-08-026.PDF,YES,YES,NO,YES,YES,NO,https://www.northdumfries.ca/en/township-services/resources/By-laws/Fence-By-law-3522-24.pdf
"North Dundas, Tp",BYLAW NUMBER 2022-35,Yes,"4.0 Applicable Lands(4.2) (e) a non-residential farm building used for bona fide agricultural purposes;  where ""Farm Building"" means a building or part thereof which does not contain a residential occupancy and which is associated with and located on land devoted to the practice of farming and used essentially for the housing of equipment or livestock, or the production, storage or processing of agricultural and horticultural produce or feeds and shall not include manure storage facilities, but excludes a building or extension to a building having a gross floor area of less than 46.45 square metres (500 square feet).",2022-05-03,2027-05-04,https://www.northdundas.com/sites/1/files/2023-01/Bylaw%20No.%202022-35%20Development%20Charges.pdf,,,,,,,,,,,,,BYLAW No. 2023-100,No,,No,,No,Yes,Yes,No,4 7.4 No person shall keep or allow to be kept in the Rural Area of the Municipality more than four (4) dogs but not applicable to dogs less than 6 months old.,2023-12-11,,https://www.northdundas.com/sites/1/files/2023-12/Bylaw%202023-100%20To%20regulate%20the%20keeping%20and%20licensing%20of%20dogs.pdf,,No,,,,,,,,,,,,,,NO,,,,,,
"North Frontenac, Tp",,,,,,,,,,,,,,,,,,,By-law 68-22,No,,No,,No,Yes,Yes,No,none,2022-09-23,,https://www.northfrontenac.com/en/township-services/resources/Frequent-By-laws/By-law-Enforcement/68-22---Animal-Control-By-law.pdf,By-law 68-22 Animal Control By-law,Yes,0.2 hectares to 1.2 hectares: Maximum six (6) Hens Over 1.2 hectares to 4 hectares: Maximum twelve (12) Hens Over 4 hectares: Maximum twentyfive (25) Hens,2022-09-23,,No,No,NOT KNOWN,https://www.northfrontenac.com/en/township-services/resources/Frequent-By-laws/By-law-Enforcement/68-22---Animal-Control-By-law.pdf,,,,,,,YES,YES,NO,YES,YES,NO,https://www.northfrontenac.com/en/township-services/resources/Documents/By-Laws/Fence-By-law-2024-58.pdf
"North Kawartha, Tp",,,,,,,,,,,,,,,,,,,By-law 2020-0015,No,,No,,No,Yes,No,,NOT KNOWN,2020-02-04,,https://www.northkawartha.ca/uploads/15/Doc_637412964841788444.pdf?ts=638428280899840308,,,,,,,,,,By-law 2023-0060,No,,2023-09-05,,https://www.northkawartha.ca/uploads/15/Doc_638320996585399395.pdf?ts=638440359823374280,NO,,,,,,
"North Middlesex, M",By-Law 41 of 2022- Development Charges,No,"Development shall be imposed on all lands, builidngs or structures that are developed for residential or non-residental uses if the development requires:i. The passing of a zoning bylawii. Approval of a minor varianceiii. A conveyance of landiv.aproval of a plan of subdivisionv. a consentvi. the approval of a descriptionvii. The issuing of a permint in realation to the building or structure",2022-04-20,2027-04-20,https://www.northmiddlesex.on.ca/laws/law-41-2022-development-charges,,,,,,,,,,,,,By-Law No. 090 of 2022,Yes,"a dog that works and/ or lives with domestic farm animals such as cattle, sheep and poultry to protect them while repelling predators and is used on land legally used for exclusively for that purpose.",Yes,a dog that has been trained and is actively being used on land legally used for a bona fide farming operation for the purposes of controlling livestock on the farm.,Yes,No,Yes,Yes,"3.4. Livestock Guardian Dogs and Herding Dogs Notwithstanding section 3.1 of this by-law, more than two (2) livestock guardian dogs and/or herding dogs may be licensed for lawful livestock operations on agricultural premises. Where Livestock Guardian Dogs are present at a premise, post in a conspicuous place at the entrance(s) of the owner’s premises a clearly visible sign warning of the presence of Livestock Guardian Dog(s).",2022-09-07,,https://www.northmiddlesex.on.ca/sites/default/files/2023-01/Animal%20Control%20By-law%20090%20of%202022%20with%20set%20fine%20order_1.pdf,,,,,,,,,,,,,,,,YES,YES,YES,YES,YES,YES,https://northmiddlesex.on.ca/by-laws
"North Perth, M",BY-LAW NO. 74-2024,Yes,"Notwithstanding the provision of this by-law, development charges shall not be imposed with respect to: Agricultural uses as well as farm buildings and other ancillary development to an agricultural use excluding any residential, commercial or cannabis production facilities uses shall be exempt from the provisions of this By-law.",2025-01-01,2035-01-01,https://www.northperth.ca/media/ysgluhd0/74-2024-development-charges-for-the-municipality-of-north-perth.pdf,,,,,,,BY-LAW NO. 7-2023,No,,2023-01-30,,https://www.northperth.ca/media/e3mlvxx4/building-and-site-alteration-by-law.pdf,BY-LAW NO. 65-2014,No,,No,,No,Yes,No,,none,2014-05-05,,https://www.northperth.ca/en/municipal-services/resources/Documents/Animal-Control-By-law.pdf,By-Law 80-2018,NOT KNOWN,"Maximum  of Nutrient Units U/Existing  of Nutrient Units = Factor A of Existing Type of Livestock /Factor A of Proposed Type of Livestock see zoning by-law for more information -  <ahref=""https: fcbawimf="""" media="""" north-perth-zoning-by-law-consolidation-january-1-2024.pdf""="""" www.northperth.ca="""">https://www.northperth.ca/media/fcbawimf/north-perth-zoning-by-law-consolidation-january-1-2024.pdf</ahref=""https:>",2018-06-14,,,,NOT KNOWN,https://www.northperth.ca/en/municipal-services/resources/Documents/bylaw/80-2018-Exotic-Animals.pdf,see perth by-law,,,,,,NO,,,,,,
"North Stormont, Tp",,,,,,,,,,,,,,,,,,,BY-LAW 070-05,No,,No,,No,Yes,No,,3 (in Rural areas),2005-12-13,,https://www.northstormont.ca/sites/northstormont.ca/files/2020-12/Animal-Control-By-law.pdfhttps://www.northstormont.ca/sites/northstormont.ca/files/2020-12/Animal-Control-By-law.pdf,Animal Control By-law,No,,,,,,,https://www.northstormont.ca/sites/northstormont.ca/files/2020-12/Animal-Control-By-law.pdf,,,,,,,NO,,,,,,
"Northeastern Manitoulin and The Islands, Tp",,,,,,,,,,,,,,,,,,,By-Law 2016-06,No,,No,,No,Yes,Yes,No,none,2016-03-01,,https://nemi.municipalwebsites.ca/ckfinder/connector?command=Proxy?=en&amp;type=Files&amp;currentFolder=%2F&amp;hash=c245c263ce0eced480effe66bbede6b4d46c15ae&amp;fileName=2016-06%20-%20Animal%20Control%20-%20passed.pdf,,,,,,,,,,,,,,,,NO,,,,,,
"Northern Bruce Peninsula, M",,NOT KNOWN,,,,,,,,,,,,,,,,,BY-LAW NO. 2019-08,Yes,"a dog that is specifically trained to work and/or live with domestic farm animals (i.e. cattle, sheep, goats, etc.) without causing them harm while aggressively repelling predators.",No,,No,Yes,Yes,Yes,"5iii. Notwithstanding Section 6(e)(i)(ii), no person shall keep more than the number of dogs unless they have been deemed as “Working/Livestock Guardian Dogs” wherein a maximum of five (5) dogs are permitted per agricultural location.",2019-02-11,,https://www.northbrucepeninsula.ca/media/nvxdp0fg/by-law-2019-08-dog-regulations.pdf,,,,,,,,,,,,,,,,NO,,,,,,
"Northumberland, Co",By-Law 2020-36,Yes,"3.10 Other Exemptions:Notwithstanding the provision of this by-law, development charges shall not be imposed with respect to: a) Bona fide farm uses; where “bona fide farm uses” means the proposed development will qualify as a farm business operating with a valid Farm Business Registration Number issued by the Ontario Ministry of Agriculture, Food and Rural Affairs and be assessed in the Farmland Realty Tax Class by the Ontario Property Assessment Corporation;",2020-08-26,2025-10-01,https://www.northumberland.ca/en/business-and-development/resources/Documents/By-law-2020-36-Countywide-Development-Charges-accessible.pdf,,,,,,,see local municipalities,,,,,,,,,,,,,,,,,,,see local municipalities,,,,,,,,,By-Law No. 2015-27,No,,2016-06-15,,"https://www.northumberland.ca/en/discovering-and-exploring/resources/Documents/By-Law-2015-27.pdf:~:text=That%20By,establish",NO,,,,,,
"Norwich, Tp",By-Law No. 32-2024,Yes,"3. APPLICABLE LANDS (3) This by-law shall not apply to: (a) Farm Buildings as defined herein;  where “Farm Building” means a Building or structure associated with and located on land devoted to the practice of farming and that is used essentially for the housing of farm equipment or livestock or the production, storage or processing of agricultural and horticultural produce or feeds and as part of or in connection with a bona fide farming operation and includes barns, silos and other buildings or structures ancillary to that farming operation, but excludes:(a) a Residential Use, with the exception of a bunk house for seasonal farm workers required for that farm operation; and (b) any Building or portion thereof used or intended to be used for any other Non-Residential Use, including, but not limited to: retail sales; commercial services; restaurants; banquet facilities; hospitality and accommodation facilities; gift shops; contractors shops; services related to grooming, boarding, or breeding of household pets; and alcohol and marijuana production facilities.",2019-06-18,,https://www.norwich.ca/media/3w0pq4jy/by-law-32-2024-development-charges-a-002.pdf,,,,,,,,,,,,,BY-LAW NO. 15-2017,No,,No,,No,Yes,No,,NOT KNOWN,2021-02-09,,https://www.norwich.ca/en/resources/Images/By-law-15-2017_Dog-Control-Consolidated-with-By-law-09-2021.pdf,,No,,,,,,,,,,,,,,NO,,,,,,
"Oâ€™Connor, Tp",,,,,,,,,,,,,,,,,,,,,,,,,,,,,,,,,,,,,,,,,,,,,,https://www.oconnortownship.ca/wp-content/uploads/4.22-Tree-Canopy-Policy_Feb-8-2019-OConnor-002.pdf,NO,,,,,,
"Oakville, Tp",BY-LAW NUMBER 2022-068,Yes,"EXEMPTIONS7. (1) This By-law shall not apply to land that is owned by and used for the purposes of: (a) an agricultural development;  where ""agricultural development"" means a bona fide farming operation (as evidenced by membership of the owner/operator of the farm operation in the Ontario Federation of Agriculture), including greenhouses which are not connected to Regional water services or wastewater services, sod farms and farms for the breeding and boarding of horses, and includes, but is not limited to, barns, silos and other ancillary buildings to such agricultural development but excluding any component thereof that is; (a) A residential use, (b) A commercial use, including but not limited to marijuana production facilities, or (c) Retail development, including but not limited to the breeding, boarding and/or grooming of household pets;",2022-07-12,,https://www.oakville.ca/getmedia/9e128dea-cbfe-40a7-8df7-f63d1868932f/bylaw-2022-068-development-charges.pdf,,,,,,,BY-LAW NUMBER 2023-047,No,,2023-05-23,,https://www.oakville.ca/getmedia/080f8f52-4d20-431f-a318-12b3b05b9b5f/bylaw-2023-047-site-alteration.pdf?ext=.pdf,BY-LAW NUMBER 2018-006,No,,No,,No,Yes,No,,NOT KNOWN,2018-04-03,,https://www.oakville.ca/getmedia/d4b6bdbf-689a-406a-9cfa-0ed30631fdb5/bylaw-2018-006-animal-control-consolidated.pdf?ext=.pdf,BY-LAW NUMBER 2018-006,No,,,,,,,https://www.oakville.ca/getmedia/d4b6bdbf-689a-406a-9cfa-0ed30631fdb5/bylaw-2018-006-animal-control-consolidated.pdf?ext=.pdf,BY-LAW NUMBER 2017-038,No,,2017-05-01,,https://www.oakville.ca/getmedia/79a98834-2a1c-4b68-bfa3-a24ff3191e38/bylaw-2017-038-private-tree-protection-consolidated.pdf?ext=.pdf,YES,YES,NO,NO,NO,YES,https://www.oakville.ca/assets/2023%20By-Laws/2002-034.pdf
"Oil Springs, Tp",,,,,,,,,,,,,,,,,,,,,,,,,,,,,,,,,,,,,,,,,,,,,,,NO,,,,,,
"Oliver Paipoonge, M",,,,,,,,,,,,,,,,,,,BY-LAW NO. 316-2004,No,,No,,No,Yes,No,,none,2004-03-22,,https://oliverpaipoonge.civicweb.net/filepro/documents/search/?keywords=animal&amp;location=831&amp;preview=83152,,,,,,,,,,tree canopy avail,,,2019-02-25,,https://oliverpaipoonge.civicweb.net/filepro/documents/search/?keywords=tree&amp;location=831&amp;preview=58476,YES,YES,NO,YES,YES,NO,Oliver Paipoonge Fence By-law (PDF)oliverpaipoonge.ca
"Opasatika, Tp",,,,,,,,,,,,,,,,,,,DOGS AND CATS:AN OWNER’S RESPONSABILITITY,No,,No,,,,Yes,No,NOT KNOWN,,,https://www.opasatika.net/_files/ugd/0791fd_67a5569b8450452a8474c7db85f7f159.pdf,,,,,,,,,,,,,,,,NO,,,,,,
"Orangeville, Tp",By-law Number 2024-060,No,,2024-10-07,,https://www.orangeville.ca/Modules/Bylaws/Bylaw/Download/c3e2cef3-08be-49b0-a5b8-330757d4f50d,,,,,,,By-Law Number 2024-001,Yes,"Prior to commencing Site Alteration, notification shall be provided where required by parts (2) and (3) below, except in the case of: Site Alteration that is incidental to a Normal Farm Practice carried out by an Agricultural Operation;",2024-01-08,,https://www.orangeville.ca/Modules/Bylaws/Bylaw/Download/0b5568ee-7caa-4367-8665-4f9a356d5a0a,BY-LAW NUMBER 2024-026,No,,No,,No,Yes,Yes,No,NOT KNOWN,2024-04-01,,https://www.orangeville.ca/Modules/Bylaws/Bylaw/Download/63caeeda-cfa0-42e9-8041-ce037fec7ff6,By-law Number 2024-026,Yes,NOT KNOWN,2024-04-29,,No,No,NOT KNOWN,"https://www.orangeville.ca/Modules/Bylaws/Bylaw/Download/63caeeda-cfa0-42e9-8041-ce037fec7ff6:~:text=Read%20three%20times%20and%20finally,Raylene%20Martell%2C%20Town%20Clerk%2020",,,,,,,YES,YES,YES,YES,YES,YES,Link: Orangeville Fence Height Summaryorangeville.ca
"Orillia, C",BY-LAW NUMBER 2023-009,No,,2023-02-13,2033-02-13,https://www.orillia.ca/en/city-hall/resources/Treasury/DC-By-law-2023-009.pdf,BY-LAW 2016-139 (amended 2023-03-20)USER FEES - DEVELOPMENT SERVICES AND ENGINEERING - STORMWATER,No,"<u>Tier (Impervious Area Equivalent): Annual Fee</u>Smallest (Less than or equal to 188 m²): $102.20Small (&gt; 188 m² to 752 m²): $408.80 Medium-Low (&gt; 752 m² to 1,504 m²): $817.60Medium-High (&gt; 1,504 m² to 3,008 m²): $1,635.20Large (&gt; 3,008 m² to 6,016 m²): $3,270.40Largest (&gt; 6,016 m²): $6,540.80",2016-12-12,,https://www.orillia.ca/en/living-here/watersewerrates.aspxStormwater-Fees,DevelopmentChapter 373 Site Alteration,No,4. GENERAL PROVISIONS373.4.12 Topsoil Replacement - Agricultural Land,2020-01-01,,https://www.orillia.ca/Modules/Bylaws/Bylaw/Download/ac7c4c23-5cf8-4147-b650-9fd3abfff045,Chapter 284Dog - Licensing - Regulation,No,,No,,No,Yes,Yes,No,No,2023-09-25,,https://www.orillia.ca/Modules/Bylaws/Bylaw/Download/7fda9f8f-ad13-4eab-a255-37111c3d0ff3,Chapter 287 - Hen Coop Licensing,Yes,,2023-04-03,,No,Yes,2;3;4,https://www.orillia.ca/Modules/Bylaws/Bylaw/Download/31b85aaf-8849-4565-a776-72a2532ef7d8,Chapter 370 Tree Conservation,No,,2023-09-25,,https://www.orillia.ca/Modules/Bylaws/Bylaw/Download/b4c46336-f91a-4f0a-828e-84211f606cee,YES,YES,NO,YES,YES,,Link: Orillia Zoning By-law (Section 5.7 Fences)orillia.ca
"Oro-Medonte, Tp",By-Law No. 2019-100,Yes,<fontsize=2>  </fontsize=2>,2024-09-11,,https://docs.oro-medonte.ca/WebLink/docview.aspx?id=50820&amp;cr=1,,,,,,,By-law No. 2016-056,No,,2017-04-28,,https://docs.oro-medonte.ca/WebLink/docview.aspx?id=45475&amp;cr=1,By -Law No. 2018- 005,Yes,"a dog that is specifically trained to work and live with domestic farm animals ( i. e. cattle, sheep) without causing them harm while aggressively repelling predators and is used exclusively for that purpose, and includes the following breeds; Akbash, Great Pyrenees, Komondor, and Maremma.",No,,Yes,No,Yes,No,"3, can request for more3.2 Council will consider written requests for exemptions to the maximum number of dogs in special circumstances, and when the number of dogs exceeds the maximum when Farm Working Dog( s), Livestock Guardian dog( s), Hunting dog( s) are included in the total number of dogs.",2018-01-24,,https://docs.oro-medonte.ca/WebLink/PDF10/c9ba563d-a00c-494b-85d5-7fc7a65ab3f0/47282,,No,,,,,,,,BY-LAW NO. 4744,No,,2002-06-06,,https://simcoe.civicweb.net/document/17301/https://simcoe.civicweb.net/document/17301/,NO,,,,,,
"Oshawa, C",By-law 91-2024,Yes,"2. Application2.5 No Development Charge shall be imposed with respect to any Development: (g) respecting an Agricultural building or structure;  where “Agricultural”, in reference to use, means land, buildings or structures used, designed or intended to be used solely for an “agricultural operation” as that term is defined in section 1 of the Farming and Food Production Protection Act, 1998, S.O. 1998, c. 1;",2024-06-24,,https://www.oshawa.ca/media/or3lhgew/development_charges_by-law_91-2024.pdf,,,,,,,By-Law 85-2006,No,,2006-06-12,,https://www.oshawa.ca/en/Document-Feeds/General-By-Laws/SiteAlterationBy-law85-2006.pdf,By-Law 14-2010,No,,No,,No,Yes,No,,NOT KNOWN,2010-03-08,,https://www.oshawa.ca/en/Document-Feeds/General-By-Laws/ResponsiblePetOwners14-2010.pdf,Responsible Pet Owner By-law,No,,,,,,,https://www.oshawa.ca/en/Document-Feeds/General-By-Laws/ResponsiblePetOwners14-2010.pdf,,,,,,,YES,NO,NO,YES,YES,NO,https://www.oshawa.ca/en/Document-Feeds/By-law-Library/Home-and-Property/Fence_and_Sight_Triangle_By-law_23-2014.pdf
"Otonabee - South Monaghan, Tp",BY-LAW NUMBER 2020-60,Yes,"3.10 Other Exemptionsb) Agricultural uses where “Agricultural Use” means the cultivation of land, the production of crops and the selling of such produce on the premises, and the breeding and care of livestock and the selling of such livestock or the product of such livestock raised on the premises and, without limiting the generality of the foregoing, includes aviaries, apiaries, fish farming, animal husbandry, market gardening, and nurseries but excludes any Residential Use, Greenhouse-Commercial, and Cannabis Production and Processing;",2020-12-14,2025-12-15,https://www.osmtownship.ca/media/blhlz4ls/2020-60-planning-development-charges.pdf,,,,,,,,,,,,,BY-LAW NUMBER 2021-28,No,,No,,No,Yes,No,,none,2021-05-17,,https://www.osmtownship.ca/media/m5njtdog/2021-28-dog-control-revised-dog-control-by-law.pdf,,,,,,,,,,,,,,,,NO,,,,,,
"Ottawa, C",BY-LAW NO. 2024 - 218,Yes,"7. (1) Subject to subsection (3), the following shall be exempt from developmentCharges: (g) Non-residential use buildings used for bona fide agriculturalpurposes, including buildings on a fairgrounds of an agriculturalsociety",2024-05-15,,https://documents.ottawa.ca/sites/default/files/2024_dev_charge_bylaw_en.pdf,Stormwater Fees,Yes,"Property Type (Residential)ServiceRateSingle &amp; Semi DetachedConnected$235.10Townhome &amp; ApartmentConnected$ 117.56Single &amp; Semi DetachedNon-Connected$ 164.56Townhome &amp; ApartmentNon-Connected$ 82.29<fontface=mulish color=""052E41"" size=""3"">Rural StormwaterProperty Type (Residential)ServiceRateSingle &amp; Semi DetachedConnected$235.10Townhome &amp; ApartmentConnected$ 117.56Single &amp; Semi DetachedNon-Connected$ 117.56Townhome &amp; ApartmentNon-Connected$ 58.77 </fontface=mulish>",,,https://ottawa.ca/en/living-ottawa/water-utility-bills/rates-and-feessection-314843be-97fb-4ea5-b055-f22f139011ef,By-law 2024-448,Yes,"(2)      Despite subsection (1) the following activities are permitted: (a) Site Alteration that is incidental to a Normal Farm Practice carried out by an Agricultural Operation, including, but not limited to, sod-farming, greenhouse operations, nurseries, field and forage crop or livestock production, but not including the removal of Topsoil or peat for sale, exchange or other disposition; (b) Site Alteration associated with the implementation of a development that has been approved by the City under either the Planning Act or the Building Code Act, subject to the other provisions of this by-law and any applicable conditions of approval; and, (c) Site Alteration associated with the maintenance of services, including septic systems or wells, the installation and maintenance of fences, or the Landscaping and maintenance of yards, subject to the other provisions of this by-law.     Despite subsection (1) the following activities are permitted: e) In designated Agricultural Resource Area or Rural Countryside lands, the clearing or stripping of trees and other vegetation by an Agricultural Operation in order to return lands to agricultural production in accordance with Normal Farm Practice. The provisions of this by-law do not apply where, topsoil removal is an incidental part of a normal agricultural practice including such removal as an incidental part of sod-farming, greenhouse operations and nurseries for horticultural products, but not including the removal of Topsoil for sale, exchange or other disposition",2024-10-30,,https://ottawa.ca/en/living-ottawa/laws-licences-and-permits/laws/laws-z/site-alteration-law-no-2024-448,By-law No. 2003-077amended 2022,No,,No,,No,Yes,Yes,No,NOT KNOWN,3002-03-26,,https://ottawa.ca/en/living-ottawa/laws-licences-and-permits/laws/laws-z/animal-care-and-control-law-no-2003-077section-5e70e857-baed-467f-b5f9-9aec252c9b39,,No,,,,,,,,By-law No. 2020-340,Yes,SECTION 82 - GENERAL EXEMPTIONS FOR PRIVATE TREES7. the injury or destruction is a normal farm practice carried out as part of an agricultural operation by a farming business.,2021-01-01,,https://ottawa.ca/en/living-ottawa/laws-licences-and-permits/laws/laws-z/tree-protection-law-no-2020-340section-e0ce52c8-c72d-4f58-9ea1-02f8b54bf0d8,YES,NO,NO,YES,YES,,"https://ottawa.ca/en/living-ottawa/laws-licences-and-permits/laws/laws-z/fence-law-no-2003-462:~:text=match%20at%20L448%20ENACTED%20AND,24th%20day%20of%20September%2C%202003"
"Owen Sound, C",By-law No.2023-106,Yes,"Exempt Buildings 16. No Development Charge under Schedule B of this by-law are imposed with respect to: a. Non-residential buildings used accessory to an agricultural operation;  where ""agricultural"" is not explicitly defined.",2023-10-23,,https://www.owensound.ca/en/city-hall/resources/Documents/By-Laws/2023-106-Development-Charges-By-law-R2020-112-SBYLAW.pdf,,,,,,,,,,,,,BY-LAW NO. 2011-156amended 2018,No,,No,,No,Yes,No,,NOT KNOWN,2018-06-26,,https://www.owensound.ca/en/resourcesGeneral/Documents/2011-156---Dog-By-law-CONSOLIDATED.pdf,,,,,,,,,,BY-LAW NO. 1994-020,No,,1994-02-07,,https://www.owensound.ca/media/mxppkcwe/1994-020-shade-tree-by-law-consolidated.pdf,NO,,,,,,
"Oxford, Co",BY-LAW NO. 6639-2024,Yes,"3. APPLICABLE LANDS(3) This by-law shall not apply to: (a) Farm Buildings as defined herein;  where “Farm Building” means a Building or structure associated with and located on land devoted to the practice of farming, as defined by the Farming and Food Production Protection Act, 1998, and that is used essentially for the housing of farm equipment or livestock, or the production, storage or processing of agricultural and horticultural produce or feeds, and as part of or in connection with a bona fide farming operation and includes barns, silos and other Buildings or structures ancillary to that farming operation, but excludes: (a) Bunk House for seasonal farm workers required for that farm operation; and (b) any Building or portion thereof used or intended to be used for any other NonResidential Use, including, but not limited to: retail sales; commercial services; restaurants; banquet facilities; hospitality and accommodation facilities; gift shops; contractors shops; services related to grooming, boarding, or breeding of household pets; and alcohol or cannabis production facilities;",2024-06-12,,https://www.oxfordcounty.ca/media/xhuh3ssf/6639-2024-oxford-county-development-charge-by-law.pdf,,,,,,,,,,,,,,,,,,,,,,,,,,,,,,,,,,,BY-LAW NO. 6607-2024,Yes,"EXEMPTIONSThis By-law does not apply to: (m) the harvest, injuring or destruction of trees for any of the following purposes, provided thatthe area in which trees are to be harvested, injured or destroyed has been inspected,approved and marked by the By-law Officer prior to the commencement of the activity andthe person who harvests, injures or destroys trees or otherwise causes same has compliedwith this By-law:i) where land previously cleared and used for agricultural purposes which hasbecome overgrown with young (less than 10 years), early-successional treespecies (i.e. sumac, hawthorn, apple, scots pine, poplar, white birch, ash) and theland is intended to be used again as part of an agricultural operation;ii) where trees are impeding the passage of agricultural equipment along an existinglaneway that is either within, or along the edge of a woodland; oriii) where the trees to be harvested, injured or destroyed are not located within awoodland, or portion thereof, that is identified as part of an ecologically importantvegetation group in the Oxford Natural Heritage System Study, 2023 or laterversion, and/or the County of Oxford Official Plan;",2018-06-27,,"https://webresources.oxfordcounty.ca/documents/6607-2024-Woodlands-Conservation-ByLaw---signed.pdf:~:text=COUNTY%20OF%20OXFORD%20WOODLANDS%20CONSERVATION,law%20by%20the%20Council%20of",NO,,,,,,
"Papineau-Cameron, Tp",,,,,,,,,,,,,,,,,,,BY-LAW 2009-17,No,,No,,,,Yes,No,none,2009-07-14,,https://papineaucameron.ca/wp-content/uploads/2018/07/2009-17-Dogs.pdf,,,,,,,,,,,,,,,,NO,,,,,,
"Parry Sound, Tp",By-law No: 2023 - 7346By-law No: 2023 - 7347By-law No: 2023 - 7348By-law No: 2023 - 7349By-law No: 2023 - 7350By-law No: 2023 - 7351,Yes,"3. APPLICABLE LANDS(b) This By-law shall not apply to land that is owned by and used for the purposes of:  5) a Non-residential Building in connection with a bona fide Agricultural use including, but excluding a residential use and cannabis production facilities;",2023-06-06,2033-06-06,https://www.parrysound.ca/media/ug1f0pgd/2023-7351-development-charges-for-highway-services.pdf,,,,,,,,,,,,,BYLAW 2013 - 6285,No,,No,,No,Yes,Yes,No,NOT KNOWN,2017-03-01,,https://www.parrysound.ca/media/kodndd0b/consolidated-dog-by-law-2013-6285.pdf,By-law2021-7164Backyard Hens Chickens By-law,Yes,6,2021-09-07,,No,Yes,2;3;4;5;9,https://www.parrysound.ca/media/t2phteah/2021-7164-backyard-hens-chickens-regs.pdf,,,,,,,NO,,,,,,
"Peel, Regional M",BY-LAW NUMBER 77-2020,Yes,"11. Exemptions(2) No development charge is imposed under this By-law in respect of land developed for an agriculture use including on-farm diversified use. where ""agricultural use"" means a use for the purpose of animal husbandry, dairying, fallow, field crops, removal of sod, forestry, fruit farming, horticulture, market gardening, pasturage, poultry keeping and any other use customarily carried on for the purposes of a bona fide farming operation, but does not include a residential use on lands that are developed for an agricultural use, and shall not include the growing, processing, production of cannabis or a controlled substance.",2020-12-10,,https://www.peelregion.ca/council/bylaws/bl-77-2020,,,,,,,,,,,,,,,,,,,,,,,,,,see local municipalities,,,,,,,,,,,,,,,NO,,,,,,
"Pelee, Tp",,,,,,,,,,,,,,,,,,,By-Law 2023-22By-Law 1527 - Noise Control,No,,No,,No,Yes,Yes,Yes,,2023-03-28,,https://www.pelee.org/wp-content/uploads/2023/04/By-Law-2023-22-Amended-Dog.pdf,,,,,,,,,,,,,,,,YES,YES,YES,,,YES,https://www.pelee.org/wp-content/uploads/2015/06/2013-11-By-Law-for-the-Division-of-Fences.pdf
"Pelham, Tp",By-law No. 83-2024,Yes,,2018-07-16,2034-12-31,https://www.pelham.ca/media/rcfjevil/83-2024-dc-by-law.pdf,,,,,,,BY-LAW 624Removal of Topsoil from Lands Bylaw,No,,1980-07-28,,https://www.pelham.ca/en/town-hall/resources/Documents/bylaws/Removal-of-Topsoil-from-Lands-Bylaw.pdf,BY-LAW NO. 97-2010,No,,No,,No,Yes,No,,none,1997-03-17,,https://www.pelham.ca/en/town-hall/resources/Documents/bylaws/Dog---Full.pdf,By-law No. 44-2023Backyard Hen By-law,Yes,6,2023-07-07,,No,Yes,2;3;4;5,https://www.pelham.ca/en/town-hall/resources/Documents/bylaws/44-2023-Backyard-Hen-By-law-.pdf,BY-LAW NO. 2020-79,Yes,"4.15 The Harvesting, Injuring or Destruction of Trees by a Farmer that involves theclearing of all or part of a Woodland for Agricultural Use on land that is owned bythe Farmer doing the clearing and is part of a farm operation or farm corporationthat has existed for at least three (3) years prior to such clearing.",2021-01-31,,https://www.niagararegion.ca/government/bylaws/pdf/by-law-2020-79.pdfhttps://www.niagararegion.ca/government/bylaws/pdf/by-law-2020-79.pdf,YES,YES,NO,YES,YES,,https://www.pelham.ca/media/jh1jzxmq/4157-2019-lawful-fences-bylaw-and-schedule.pdf
"Pembroke, C",By-law Number 2021-26,No,,2021-06-07,2026-06-07,given by emailhttp://given by email,,,,,,,,,,,,,By-Law Number 2021-75,No,,No,,No,Yes,Yes,No,none,2021-12-21,,https://pembroke.ca/2021-75-Animal-Control-By-law.pdf,Animal Control By-law,No,,,,,,,https://pembroke.ca/2021-75-Animal-Control-By-law.pdf,By-law Number 89-71,No,,1989-09-05,,https://pembroke.ca/en/city-government/By-laws/ACCESSIBLE-89-71-Tree-By-law.pdf,NO,,,,,,
"Penetanguishene, Tp",BY-LAW 2024-33,Yes,"15. Agricultural Uses 15.1 Agricultural uses as well as farm buildings and other ancillary development to an agricultural use, excluding any residential uses, shall be exempt from the provisions of this By-law.",2024-08-14,2024-09-01,"https://www.penetanguishene.ca/media/tjhglebe/2024-33-development-charges-by-law-signed.pdf:~:text=THE%20CORPORATION%20OF%20THE%20TOWN,49",,,,,,,By-law 2012-69,No,,2012-11-28,,https://penetanguishene.civicweb.net/filepro/documents/search/?keywords=site%20alteration&amp;location=14938&amp;preview=172728,By-law 2011-51,No,,No,,No,No,No,,No,2011-07-13,,https://penetanguishene.civicweb.net/filepro/documents/105965/?preview=105969,BY-LAW NUMBER 2014-29,Other,,2014-04-23,,,,,https://penetanguishene.civicweb.net/filepro/document/185313/2014-29%20Being%20a%20By-law%20to%20Prohibit%20or%20Regulate%20the%20Keeping%20of%20Certain%20Animals%20within%20the%20Town%20of%20Penetanguishene%20and%20to%20Repeal%20By-law%20No.%201980-14%20and%201999-20.pdf,BY-LAW 2024-02,Yes,"1.3 PERMIT EXEMPTIONSg) the injuring and destruction of trees which constitute a normal farm practice carried on as part of an agricultural operation, as so determined by the Normal Farm Practices Protection Board, pursuant to the Farming and Food Production Protection Act, 1998, S.O. 1998, c. 1, as amended or replaced from time to time,",2024-01-10,,https://penetanguishene.civicweb.net/filepro/documents/search/?keywords=tree&amp;location=14938&amp;preview=325450,NO,,,,,,
"Perry, Tp",,,,,,,,,,,,,,,,,,,By-law 2006-01,No,,No,,No,Yes,Yes,No,NOT KNOWN,2006-03-01,,https://townshipofperry.ca/wp-content/uploads/2021/12/2006-01-Keeping-and-Controlling-Dogs-1.pdf,BY-LAW NO. 2023-51Backyard Hens By-law,Yes,7,2023-10-18,,Other,No,NOT KNOWN,https://townshipofperry.ca/wp-content/uploads/2023/12/2023-51-Poultry-By-law-Backyard-Hens-1.pdf,,,,,,,NO,,,,,,
"Perth East, Tp",,Yes,"Bona Fide Farm Uses= encompassing barns, silos and other ancillary Development to an agriculturaluse, but excluding a Residential Use;",,2026-11-04,https://www.pertheast.ca/en/business-development/resources/59-2021-Development-Charges---November-2-2021.pdf,,,,,,,BY-LAW NUMBER 76-2002,No,,2002-12-16,,https://www.pertheast.ca/Modules/Bylaws/Bylaw/Download/30ebea07-ee97-447b-bb30-0b64b3604c0b,BY-LAW NUMBER 09-2017 (licensing dogs)BY-LAW NUMBER 36-2022 (regulate dogs)BY-LAW NUMBER 53-2008 (control noise),Yes,"a dog that works and / or lives with domestic farm animals (e.g. cattle, sheep, poultry) to protect them while repelling predators and is used exclusively for that purpose.",Yes,a dog that has been trained and is actively being used in a bona fide farming operation for the purposes of controlling livestock on the farm.,Yes,Yes,Yes,Yes,NOT KNOWN,2022-10-18,,https://www.pertheast.ca/Modules/Bylaws/Bylaw/Details/df08977f-8072-42a8-9fe3-7f99d42b2c20,,No,,,,,,,,BY-LAW No. 3836-2021,Yes,the clearing of trees: a) in an area along the edge of a field used to plant crops immediately adjacent to a woodland or woodlot which has become overgrown by seedlings and saplings; or b) that impede the passage of farm machinery or equipment along an existing laneway that is either within or along the edge a woodlot or woodland;,2021-09-02,,https://www.perthcounty.ca/en/living-here/resources/files/Forestry-Services/3836-2021-Regulate-the-Destruction-or-Injuring-of-Trees---Consolidated.pdf,NO,,,,,,
"Perth South, Tp",,,,,,,,,,,,,,,,,,,By-Law No. 36-2022,No,,No,,No,,Yes,No,NOT KNOWN,2022-07-12,,,,,,,,,,,,,Other,,,,SEE PERTH COUNTY BYLAWhttp://SEE PERTH COUNTY BYLAW,NO,,,,,,
"Perth, Co",,,,,,N/Ahttp://N/A,,,,,,,,,,,,,BY-LAW NO. 3557,No,,No,,No,Yes,Yes,No,No,2004-05-25,,https://www.perth.ca/uploads/916/Doc_636192974285081908.pdf?ts=638428336815935392,,,,,,,,,,BY-LAW No. 3836-2021,Yes,"12)the clearing of trees: a) in an area along the edge of a field used to plant crops immediately adjacent to a woodland or woodlot which has become overgrown by seedlings and saplings; or b) that impede the passage of farm machinery or equipment along an existing laneway that is either within or along the edge a woodlot or woodland; provided that the area to be cleared has been inspected, approved and marked by an Issuing Officer prior to the commencement of the clearing of the trees and the person who cleared or caused or permitted the injury or destruction of the trees for this purpose has complied with this By-law.",2021-09-02,,https://www.perthcounty.ca/en/living-here/resources/files/Forestry-Services/3836-2021-Regulate-the-Destruction-or-Injuring-of-Trees---Consolidated.pdf,NO,,,,,,
"Perth, Tp",By-Law No. 4839,Yes,"3) development charges shall not be imposed with respect to: c) industrial buildings;where ""industrial"" means any building used for or in connection with a) manufacturing, producing, processing, storing, or distributing something and includes a greenhouse;",2019-11-19,,https://perth.civicweb.net/filepro/document/6287/2019-4839-Amended%202019%20Development%20Charge%20Study%20_%20By-law%20Update-19Nov2019.pdf,,,,,,,,,,,,,BY-LAW NO. 3557,Yes,"""Licensed Hunting Dog"" means the dog, licensed by MNR, that has a valid hunting licence from the previous year.",,,No,NOT KNOWN,Yes,No,,2004-05-25,,https://www.perth.ca/en/live-and-play/resources/Documents/2004-3557.pdf,,,,,,,,,,BY-LAW NO. 4892,No,,2020-09-22,,https://perth.civicweb.net/filepro/documents/search/?keywords=tree&amp;location=5313&amp;preview=6255,NO,,,,,,
"Petawawa, Tp",By-Law 1675/24,Yes,3.11 Other Exemptions(b) The development of non-residential farm buildings constructed for bona-fide farm uses.,2024-07-09,,https://www.petawawa.ca/download.php?dl=YToyOntzOjI6ImlkIjtzOjM6IjEyOSI7czozOiJrZXkiO2k6Mjt9,,,,,,,,,,,,,BY -LAW 174/2001,No,,No,,No,Yes,Yes,No,none,2001-04-17,,https://www.petawawa.ca/download.php?dl=YToyOntzOjI6ImlkIjtzOjM6IjI0NSI7czozOiJrZXkiO2k6MTt9,Animal Control By-law,No,,,,,,,https://www.petawawa.ca/download.php?dl=YToyOntzOjI6ImlkIjtzOjM6IjI0NSI7czozOiJrZXkiO2k6MTt9,,,,,,,YES,YES,NO,NO,YES,,https://www.petawawa.ca/userfiles/file/1743_25.pdf
"Peterborough, C",By-Law Number 25-100,Yes,"Other Exemptions 20. Notwithstanding the provisions of this By-law, development charges shall not be imposed with respect to:(e) a non-residential agricultural buildings or structures that are owned by and are used for the purposes of a bona fide farming operation.",2025-09-03,2035-09-03,https://bylaws.peterborough.ca/bylaws/getFNDoc.do?class_id=20&amp;document_id=14220,,,,,,,,,,,,,By-Law Number 21-112,No,,No,,No,Yes,Yes,Yes,NOT KNOWN,2021-12-13,,https://bylaws.peterborough.ca/bylaws/getFNDoc.do?class_id=20&amp;document_id=13703,,,,,,,,,,By-Law Number 17-121,No,,2017-10-23,,https://bylaws.peterborough.ca/bylaws/getFNDoc.do?class_id=20&amp;document_id=13299,NO,,,,,,
"Peterborough, Co",By-law No. 2022-35,Yes,"8. Exempt Buildings 8.1 The following Buildings are exempt from Development Charges: (f) Farm Buildings;  where ""Farm Building"" means a Building or Structure actually used as part of or in connection with a bona fide farming operation and includes barns, silos, and other buildings or structures ancillary to a bona fide farming operation, but excluding a residential use. For greater clarity, a Farm Building does not include a commercial building, institutional building, or industrial building on a farm that is secondary to a bona fide farming operation.",2022-05-02,2027-05-02,https://peterboroughcounty.civicweb.net/filepro/document/291647/Development%20Charges%20By-law%20No.%202022-35.pdf,,,,,,,,,,,,,,,,,,,,,,,,,,,No,,,,,,,,,,,,,,NO,,,,,,
"Petrolia, Tp",BY-LAW NUMBER XX-2024,Yes,"Other Exemptions3.11. Notwithstanding the provisions of this by-law, development charges shall not be imposed with respect to: b. The development of non-residential farm buildings constructed for bona fide farm uses, being that which operates with a valid Farm Business Registration Number and is assessed in the Farmland Realty Tax Class.",2024-08-01,,https://petrolia.civicweb.net/document/71871/,,,,,,,,,,,,,,,,,,,,,,,,,https://town.petrolia.on.ca/wp-content/uploads/2022/12/2022-update-to-process-explanation-animal-control-and-dog-licensing.pdf,,,,,,,,,,BY-LAW NUMBER 16-1999,No,,1999-02-22,,https://town.petrolia.on.ca/wp-content/uploads/2020/01/16-1999-Tree-Policy.pdf,YES,YES,NO,NO,NO,,https://town.petrolia.on.ca/wp-content/uploads/2020/01/fencing_general_2010.pdf
"Pickering, C",By-law No. 8190/25,Yes,"PART I APPLICATION1. (2) This By-law shall not apply to land that is owned by and used for the purposes of,(c) the development of a non-residential farm building used for bona fide agricultural purposes; where ""agricultural use"" means lands, buildings, or structures, excluding any portionthereofgricultural use"" means lands, buildings, or structures, excluding any portionthereof used as a dwelling unit or for a commercial use, used or designed orintended for use for the purpose of a bona fide farming operation including, but notlimited to, animal husbandry, dairying, livestock, fallow, field crops, removal of sod,forestry, fruit farming, greenhouses, horticulture, market gardening, pasturage,poultry keeping, and equestrian facilities",2025-06-23,,https://corporate.pickering.ca/WebLink/DocView.aspx?id=259941&amp;dbid=1&amp;repo=PICKERING,,,,,,,By-Law Number 6060-02,No,,2003-01-20,,https://www.pickering.ca/en/city-hall/resources/ENG/Design-Guidelines/Fill--Topsoil-Disturbance-By-law.pdf,BY-LAW NO. 6811/07,No,,No,,No,Yes,Yes,No,NOT KNOWN,2007-10-15,,https://www.pickering.ca/en/living/resources/as/ResponsiblePetBylaw-acc.pdf,,,,,,,,,,By-law No. 8073/24,Yes,"2.2 Exemptions (u) the injuring, destruction, or removal of a tree that is a Normal Farm Practiceas defined in the Farming and Food Production Protection Act, 1998, S.O.1998, c.1.;",2024-01-22,,https://corporate.pickering.ca/WebLink/DocView.aspx?id=253620&amp;dbid=1&amp;repo=PICKERING&amp;cr=1,YES,YES,NO,NO,YES,,https://www.pickering.ca/media/dp1o45lx/fence-and-swimming-pool-enclosures-bylaw-6943-09.pdf
"Pickle Lake, Tp",,,,,,,,,,,,,,,,,,,BY-LAW NO. 2012-18,No,,No,,No,Yes,No,,NOT KNOWN,2012-05-22,,https://picklelake.ca/wp-content/uploads/2012/08/By-Law-2012-18-Dogs.pdf,,,,,,,,,,,,,,,,NO,,,,,,
"Plummer Additional, Tp",,,,,,,,,,,,,,,,,,,BY-LAW NO. 2002-17,No,,No,,No,Yes,No,,NOT KNOWN,2002-11-06,,,,,,,,,,,,,,,,,,NO,,,,,,
"Plympton-Wyoming, Tp",BY-LAW NUMBER 98 of 2021,No,,2021-09-08,2026-09-08,https://www.plympton-wyoming.com/en/resources/DC-By-law-98-of-2021.pdf,,,,,,,,,,,,,BY-LAW Number 79 of 2013,No,,No,,No,Yes,Yes,No,NOT KNOWN,2013-11-27,,https://www.plympton-wyoming.com/en/doing-business/resources/Dog-Licensing-By-law.pdf,,,,,,,,,,BY-LAW NO. 4 OF 2012,No,,2012-02-01,,https://www.lambtononline.ca/Modules/Bylaws/Bylaw/Download/28e3a1c7-a2e0-4cbf-8735-ec6dc58bd04bhttps://www.lambtononline.ca/Modules/Bylaws/Bylaw/Download/28e3a1c7-a2e0-4cbf-8735-ec6dc58bd04b,NO,,,,,,
"Point Edward, Tp",,,,,,,,,,,,,,,,,,,,,,,,,,,,,,,,,,,,,,,,,,,,,,,NO,,,,,,
"Port Colborne, C",By-Law No. 7278/100/24,Yes,"3.14 O Other Exemptions: Notwithstanding the provision of this by-law, development charges shall not be imposed with respect to: (1) Non-residential farm buildings for the purpose of an agricultural use except for any building constructed to accommodate an On-Farm Business which shall be considered to be an industrial building;",2024-10-24,2034-10-24,https://www.portcolborne.ca/en/business-and-development/resources/Building%20Division/By-Laws/7278%20100%2024.pdf,,,,,,,BY-LAW NO. 5528-125-10,No,,2010-09-13,,https://www.portcolborne.ca/en/business-and-development/resources/Documents/Planning/By-law%205528%20125%2010.pdf,BY-LAW NO. 4930/155/06,No,,No,,No,Yes,Yes,No,NOT KNOWN,2006-12-11,,https://www.portcolborne.ca/en/city-hall/resources/Documents/By-Laws/4930%20155%2006.pdf,,No,,,,,,,,BYLAW NO. 6175/01/15,No,,2015-01-12,,https://www.portcolborne.ca/en/city-hall/resources/Documents/By-Laws/6175%2001%2015.pdf,YES,YES,NO,YES,NO,NO,https://www.portcolborne.ca/en/city-hall/resources/Documents/By-Laws/5510%20107%2010.pdf
"Port Hope, M",BY-LAW NO. 68-2024,Yes,3.11 Other Exemptions2) The construction of a non-residential farm building or structure constructed for a bona fide farm operation.,2024-11-06,2034-11-06,https://pub-porthope.escribemeetings.com/filestream.ashx?DocumentId=12775,,,,,,,,,,,,,BY-LAW NO. 60/2022,No,,No,,No,Yes,Yes,No,"none3.8 No person shall have, retain, harbor or have possession of: 3.8.1 more than three (3) dogs within or about any single detached dwelling; or; 3.8.3 Sections 3.8.1 and 3.8.2 shall not apply to a property which is zoned Agricultural, a property possessing a valid kennel license, an approved business and/or veterinary offices.",2022-09-06,,https://www.porthope.ca/en/your-municipal-government/resources/By-Laws/By-Laws/_Frequently-Requested-By-Laws/By-law%2060-2022%20-%20Animal%20Control%20By-law.pdf,,,,,,,,,,BY-LAW NO. 75/2021,No,,2021-12-21,,https://www.porthope.ca/en/your-municipal-government/resources/By-Laws/By-Laws/By-law%2075-2021%20-%20Tree%20Protection%20Bylaw.pdf,NO,,,,,,
"Powassan, M",,,,,,,,,,,,,,,,,,,BY-LAW NO. 2020-14,No,,No,,Yes,No,No,,none5. LICENSINGc) 'Working Dogs' are exempt from the restriction on the number of dogs per household and do not need to be licensed.,2020-05-05,,https://www.powassan.net/Uploads/Documents/MunicipalServices/ByLaws/2020/2020-14%20Licensing%20of%20dogs.pdf,By-law 2023-13Backyard Chickens By-law,Yes,5 maximum chickens on a lot smaller than 2 hectares.,2023-05-16,,Other,No,2;3;4;5;9;11,https://www.powassan.net/Uploads/Documents/MunicipalServices/ByLaws/2023/By-Law%202023-13%20-%20Backyard%20Chickens%20(amendment).pdf,By-Law No. 2005-35,No,,2005-12-20,,https://www.powassan.net/Uploads/Documents/MunicipalServices/ByLaws/2005/Bylaw%202005-35.pdf,NO,,,,,,
"Prescott and Russell, Co",,,,,,,,,,,,,,,,,,,,,,,,,,,,,,,,,,,,,,,,,,,,,,,NO,,,,,,
"Prescott, Tp",,,,,,,,,,,,,,,,,,,BY-LAW NO. 05-2021,No,,No,,No,Yes,Yes,No,NOT KNOWN,2021-02-01,,https://www.prescott.ca/media/ujapqmsv/by-law-05-2021-animal-control-bylaw.pdf,Animal Control By-law,No,,,,,,,https://www.prescott.ca/media/ujapqmsv/by-law-05-2021-animal-control-bylaw.pdf,,,,,,,YES,YES,NO,NO,NO,NO,https://www.prescott.ca/media/slobfhkm/by-law-2000-0007_regulate-fences-in-the-town-of-prescott.pdf
"Prince Edward, Co",By-Law No. 35-2023,No,,2023-02-28,2032-02-28,https://princeedwardcounty.civicweb.net/filepro/documents/278587/?preview=281624,,,,,,,,,,,,,BY-LAW NO. 2958-2011amended in 2023,No,,No,,No,Yes,Yes,No,NOT KNOWN,2011-11-08,,https://princeedwardcounty.civicweb.net/document/70504/,BY-LAW NO. 108-2023Backyard Hens By-law,Yes,6,2023-06-13,,No,No,2;3;4;9,https://princeedwardcounty.civicweb.net/filepro/document/288422/By-Law%20108-2023%20To%20Regulate%20The%20Keeping%20Of%20Backyard%20Hens%20Within%20The%20Corporation%20Of%20The%20County%20Of%20Prince%20Edward%20(Backyard%20Hens%20By-Law).pdf,,,,,,,NO,,,,,,
"Prince, Tp",,,,,,,,,,,,,,,,,,,By-law 2023-06,No,,No,,No,Yes,No,,,2023-03-14,,https://www.princetownship.ca/uploads/3/9/8/6/39869797/by-law_2023-06__licensing_of_dogs_and_cats.pdf,,,,,,,,,,,,,,,,NO,,,,,,
"Puslinch, Tp",BY-LAW NUMBER 053-2024,Yes,"3.10 Other Exemptions: Notwithstanding the provision of this by-law, development charges shall not be imposed with respect to:(d) Non-residential farm buildings used for agricultural purposes  where “farm Building” means a building or structure associated with and located on land devoted to the practice of farming and that is used essentially for the housing of farm equipment or livestock or the growing, harvesting, or storage of agricultural and horticultural produce or feeds and as part of or in connection with a bona fide farming operation and includes barns, silos and other buildings or structures ancillary to that farming operation, including greenhouses, but excludes a residential use",2024-09-03,2034-09-03,https://puslinch.ca/wp-content/uploads/2024/09/BL2024-053-2024-Development-Charges-By-law.pdf,,,,,,,BY-LAW NUMBER 2023-057,Yes,"Exemptions in this By-law: The removal of Topsoil as an incidental part of a normal Agricultural practice including such removal as an incidental part of sod-farming, greenhouse operations and nurseries for horticultural products except for the removal of Topsoil for sale, exchange, or other disposition",2012-04-04,,https://puslinch.ca/wp-content/uploads/2025/01/BL2023-057-Site-Alteration.pdf,BY-LAW NUMBER 024-2021,No,,No,,No,Yes,No,,Other,2021-03-24,,https://puslinch.ca/wp-content/uploads/2021/04/BL2021-024-Kennel-Licensing-By-law-Final.pdf,,,,,,,,,,BY-LAW NUMBER 5115-09,No,,2009-09-24,,https://puslinch.ca/wp-content/uploads/2019/11/forest-conservation-by-law.pdf,NO,,,,,,
"Quinte West, C",By-Law Number 24-130,No,,2024-10-30,2034-10-30,https://quintewest.ca/wp-content/uploads/2024/12/24-130-City-of-Quinte-West-Development-Charges-By-law-2024.pdf,,,,,,,BY-LAW N0. 08-30,No,,2008-05-03,,https://quintewest.ca/wp-content/uploads/2021/02/Bylaw-08-30-Site-Alteration-By-law.pdf,ByJaw Number l6-139,No,,No,,No,Yes,Yes,No,5 (in Rural Zones),2016-11-07,,https://quintewest.ca/wp-content/uploads/2021/02/By-law-16-139-Animal-Regulation-By-law.pdf,Animal Regulation By-law,No,,,,,,,https://quintewest.ca/wp-content/uploads/2021/02/By-law-16-139-Animal-Regulation-By-law.pdf,,,,,,,NO,,,,,,
"Rainy River, Tp",,,,,,,,,,,,,,,,,,,,,,,,,,,,,,,,,,,,,,,,,BY-LAW NO. 1704-19,No,,2019-02-11,,https://nebula.wsimg.com/d32fc93f3ae3026a13d2ddd8bec26fd3?AccessKeyId=2EAF50CBB311ADF432D0&amp;disposition=0&amp;alloworigin=1,YES,YES,YES,YES,YES,YES,https://www.rainyriver.ca/uploads/by-laws/1663-17-fences.pdf
"Ramara, Tp",BY-LAW NUMBER 2024.53,Yes,"3. APPLICABLE LANDS, BUILDINGS AND STRUCTURES 3.3 This by-law shall not apply to: c) a non-residential building used or designated or intended for use in connection with the production of crops, animal husbandry or other similar uses normally associated with agriculture;",2020-03-23,,https://ramara.civicweb.net/filepro/documents/87295/?preview=93743,,,,,,,BYLAW NUMBER 2O18,No,,2018-10-09,,https://www.ramara.ca/en/business-and-development/resources/Documents/Fill-Bylaw.pdf,BYLAW NO. 2005.76,No,,No,,No,Yes,Yes,No,"none6.3 Section 6.1 of this bylaw does not apply to a bonafide farmer using dogs for predator protection for livestock in accordance with Section 3 of this bylaw, provided the predator protection dogs are registered with the municipality.",2005-08-29,,https://www.ramara.ca/en/living-here/resources/Documents/2005_76caninecontrolbylaw.pdf,BYLAW NO. 2022.54BACK YARD CHICKENS,Yes,Other,2022-06-27,,No,No,NOT KNOWN,https://ramara.civicweb.net/filepro/document/65082/2022.54%20Temporary%20Use%20-%20Back%20Yard%20Chickens%20-%20Pdf.pdf,,,,,,,YES,YES,YES,YES,YES,YES,https://www.ramara.ca/en/business-and-development/resources/Documents/2012_90fencebylaw.pdf
"Red Lake, M",,,,,,,,,,,,,,,,,,,By-law No. 27-2021,No,,No,,No,Yes,No,,none,2021-04-19,,https://doc.redlake.ca/pdf/bylaw/bl27-2021.pdf,,,,,,,,,,,,,,,,NO,,,,,,
"Red Rock, Tp",,,,,,,,,,,,,,,,,,,BY-LAW 2002-869,No,,No,,No,Yes,No,,3 (including cats and dogs in total),2002-10-07,,https://www.redrocktownship.com/wp-content/uploads/2018/08/by-law_2002-869-registration-pet.pdf,,,,,,,,,,BY-LAW NUMBER 2021-1228,No,,2021-04-05,,https://www.redrocktownship.com/wp-content/uploads/2023/09/by-law-2021-1228.pdfhttp:// https://www.redrocktownship.com/wp-content/uploads/2023/09/by-law-2021-1228.pdf,NO,,,,,,
"Renfrew, Co",,,,,,,,,,,,,,,,,,,,,,,,,,,,,,,,,,,,,,,,,,,,,,,NO,,,,,,
"Renfrew, Tp",By-Law No. 84-2021,NOT KNOWN,"""agricultural use"" and ""farm building"" is defined but not used. Confirm if farm exemption exists.",2021-12-14,2026-12-31,https://www.renfrew.ca/public_docs/bylaws/BL.84-2021.pdf,,,,,,,,,,,,,BY-LAW 17-2000,No,,No,,No,Yes,Yes,No,4i) There shall be no more than four (4) animals kept or harboured at any one household at any time. (amended B/L 48-2010),2000-02-14,,https://www.renfrew.ca/public_docs/bylaws/Consolidated%20Dog%20By-Law.pdfhttps://www.renfrew.ca/public_docs/bylaws/Consolidated Dog By-Law.pdf,Prohibited Animals By-law,No,,,,,,,https://www.renfrew.ca/public_docs/bylaws/BL.26-2016.Prohibited%20Animals%20Bylaw%20-%20accessible.pdf,,,,,,,YES,YES,NO,NO,NO,NO,https://www.renfrew.ca/uploads/BL.34-1982-Fence-by-law.pdf
"Richmond Hill, C",By-Law Number 47-19,No,,2019-05-28,2024-05-28,https://www.richmondhill.ca/en/shared-content/resources/documents/Development-Charges/By-law-47-19.pdf,Richmond Hill Stormwater Management Rate,No,"Agricultural Land/Farm: $3.20 per 1,000 sq. ft. (lower than other property types)",2022-04-01,,https://www.richmondhill.ca/en/our-services/Stormwater-Management-Rate-FAQs.aspx,Chapter 967DUMPING - FILL - SITE ALTERATIONS,No,,2008-01-01,,https://www.richmondhill.ca/en/shared-content/resources/documents/Community-Standards-By-laws/967---Property-Maintenance---Dumping---Fill---Site-Alterations.pdf,By-Law 22-25,No,,No,,No,Yes,No,,"4314.5.1 Maximum - four per premises Despite anything herein to the contrary, no person shall possess or harbour or allow to be possessed or harboured on, at, or in any one individual premises more than four dogs, unless the property is being used as a kennel.",2025-03-26,,"https://www.richmondhill.ca/en/shared-content/resources/documents/Community-Standards-By-laws/Responsbile-Pet-Ownership-and-Animal-Regulation-By-law-No.-22-25.pdf:~:text=The%20Corporation%20of%20the%20City,the%20City%20of%20Richmond%20Hill",Animal Keeping By-law,No,,,,,,,https://www.richmondhill.ca/en/shared-content/resources/documents/Community-Standards-By-laws/304---Animal-Keeping.pdf,BY-LAW NO. 41-07,No,,2007-03-19,,https://www.richmondhill.ca/en/find-or-learn-about/resources/tree-preservation-by-law.pdf,YES,YES,NO,YES,NO,NO,https://www.richmondhill.ca/en/shared-content/resources/documents/Community-Standards-By-laws/973---Property-Maintenance---Fence-Height.pdf
"Rideau Lakes, Tp",By-Law 2024-105,No,,2024-09-03,2024-10-07,https://www.rideaulakes.ca/images/2024-105_Development_Charges.pdf,,,,,,,,,,,,,BY-LAW 2012-3,No,,No,,No,Yes,Yes,No,none,2012-02-06,,https://www.rideaulakes.ca/component/edocman/?task=document.viewdocument&amp;id=297,BY-LAW NO. 2019-60Backyard Chickens By-law,Yes,10,2019-11-04,,No,No,NOT KNOWN,https://www.rideaulakes.ca/component/edocman/?task=document.viewdocument&amp;id=1009&amp;Itemid=0,,,,,,,YES,YES,YES,YES,YES,YES,https://www.rideaulakes.ca/live/home-and-property/developing-your-property/fences
"Russell, Tp",By-Law 2021-114,Yes,,2021-11-15,2026-11-15,https://www.russell.ca/en/your-township/development-charges-by-law.aspx,,,,,,,,,,,,,BY-LAW 2018-062,No,,No,,No,Yes,Yes,No,"2 within the boundaries of the villages (Embrun, Russell, Marionville and Limoges)3 otherwise",2022-01-22,,https://www.russell.ca/en/your-township/animal-care-and-control-by-law.aspx,By-Law 2023-094,Yes,,2023-09-11,,,Yes,NOT KNOWN,https://www.russell.ca/en/your-township/urban-hens-by-law.aspx,,,,,,https://acrobat.adobe.com/id/urn:aaid:sc:US:afb9d3f6-255d-4665-adc8-fb7b826cb0c4,YES,NO,NO,YES,YES,YES,https://www.russell.ca/en/your-township/fence-by-law.aspx
"Ryerson, Tp",,,,,,,,,,,,,BY-LAW NO. 11-12,No,,2012-04-03,,https://www.ryersontownship.ca/content/town-hall/bylaws/fill-by-law-11-12.pdf,,,,,,,,,,,,,,,,,,,,,,,,,,,,,NO,,,,,,
"Sables-Spanish Rivers, Tp",,,,,,,,,,,,,,,,,,,BYLAW NUMBER 2013 - 36,No,,No,,No,Yes,No,,none,2013-11-13,,https://sables-spanish.ca/wp-content/uploads/2018/03/Animal-Control-Bylaw-2013.pdf,Exotics and Wildlife Bylaw,No,,,,,,,https://www.sables-spanish.ca/wp-content/uploads/2018/12/Exotics-and-Wildlife-feeding-with-SET-FINES.pdf,,,,,,,NO,,,,,,
"Sarnia, C",BY-LAW NUMBER 1 OF 2024,Yes,"3.5. Notwithstanding the provisions of this by-law, and subject to the transition provisions of section 3.5.1, development charges shall not be imposed with respect to: 1) a non-residential farm building or structure on a property actively used for agricultural purposes in the rural zones as identified in the City's Zoning By-law;",2024-01-15,2034-01-15,https://sarnia.civicweb.net/filepro/documents/180924/?preview=180925,,,,,,,,,,,,,BY-LAW NUMBER 133 OF 2009amended 2019,No,,No,,No,Yes,Yes,Yes,No,1992-12-21,,https://sarnia.civicweb.net/filepro/documents/40785/?preview=40794,"Dogs, Rabbits, Pigeons and Domestic Fowl By-law",No,,,,,,,"https://sarnia.civicweb.net/filepro/document/40791/Animal%20Control%20Bylaw%20-%20Dogs,%20Rabbits%20Pigeons%20and%20Domestic%20Fowl.pdf",,,,,,,YES,YES,NO,YES,YES,NO,https://sarnia.civicweb.net/document/40797
"Saugeen Shores, Tp",By-law 56-2021,Yes,"4. APPLICABLE LANDS2. e) non-residential farm building constructed for bona fide farm uses;  where ""Bona Fide Farm Use"" means the proposed development will qualify as a farm business operating with a valid Farm Business Registration Number lssued by the Ontario Ministry of Agriculture, Food and Rural Affairs and be assessed in the Farmland Realty Tax Class by the Municipal Property Assessment Corporation;",2021-07-19,2026-08-08,https://saugeenshores.civicweb.net/filepro/document/189564/56-2021%20Establish%20Development%20Charges.pdf,,,,,,,,,,,,,By-law 36-2004amended 2023,No,,No,,No,Yes,Yes,Yes,No,2004-05-10,,https://saugeenshores.civicweb.net/filepro/documents/42806/?preview=42813,BY-LAW 42-2017,Yes,Other,2017-05-08,,No,Yes,2;3;4;5,https://saugeenshores.civicweb.net/filepro/document/122636/Chickens.pdf,,,,,,,NO,,,,,,
"Sault Ste. Marie, C",,,,,,,,,,,,,,,,,,,BY-LAW 2019-117,No,,No,,No,Yes,Yes,No,NOT KNOWN,2019-05-21,,https://saultstemarie.ca/Cityweb/media/Legal/BL/2019-117-Animal-Care-and-Control-Consolidated_1.pdf,,,,,,,,,,,,,,,,NO,,,,,,
"Schreiber, Tp",,,,,,,,,,,,,,,,,,,BYLAW 27-2021,No,,No,,No,Yes,Yes,No,NOT KNOWN,2021-07-27,,https://schreiber.civicweb.net/filepro/documents/search/?keywords=animal&amp;location=1&amp;preview=43437,,,,,,,,,,,,,,,,NO,,,,,,
"Scugog, Tp",BY-LAW NUMBER 53-19,Yes,"Categories of Exempt Institutions 21. (1) The following categories of institutions are hereby designated as being exempt from the payment of development charges: (g) Development of Farm Buildings.  where ""Farm Building"" means a building or structure used, in connection with a bona agricultural use and includes barns, silos and similar structures, and includes a dwelling located on the same lot as the agricultural use or on a lot directly abutting the agricultural use, which is used exclusively for the housing of temporary or seasonal persons employed exclusively for the farming of that agricultural use, but otherwise excludes a building or structure used, or designed or intended for use for residential or commercial uses;",2019-05-27,2024-05-27,https://www.scugog.ca/media/blznks2b/by-law-53-19-development-charges.pdf,,,,,,,BY-LAW NUMBER 62-15,No,,2015-11-02,,https://www.scugog.ca/media/5xrd1lh0/62-15-site-alteration-by-law-consolidation.pdf,BY-LAW NUMBER 85-08amended 2012,No,,No,,No,Yes,Yes,No,"5.2.1 No household shall keep more than two (2) Dogs.5.2.2 Notwithstanding the limit set forth in Section 5.2.1, a third dog will be allowed on Lands Zoned Rural provided that the parcel is larger than four (4) hectares in size.",2008-10-06,,https://www.scugog.ca/media/jptpc11e/animal_control_by-law_85-08.pdf,Prohibited Animals Bylaw,No,,,,,,,https://www.scugog.ca/media/4dobtsp0/13-15-prohibited-animals-bylaw.pdf,,,,,,,YES,YES,NO,YES,,NO,https://www.scugog.ca/media/aoomz0xy/119-05-fence-by-law.pdf
"Seguin, Tp",By-law 2024-080,Yes,"Notwithstanding the provisions of this by-law, development charges shall not be imposed under this by-law respecting: (a) the development of a non-residential farm building used for a bona fide farm use;",,,https://www.seguin.ca/en/news/resources/Draft-Seguin-DC-By-law_13August2024.pdf,,,,,,,BY-LAW No. 2008-105,No,,2008-08-05,,https://www.seguin.ca/en/township-services/resources/BL_By-law_Enforcement/BL-Bylaw2008105Fill.PDF,BY-LAW NO. 2002-056consolidated 2011,No,,No,,No,Yes,Yes,No,NOT KNOWN,2012-01-01,,https://www.seguin.ca/en/township-services/resources/BL_By-law_Enforcement/BL-Bylaws-Consolidated-Dog-Regulation.pdf,,,,,,,,,,BY-LAW No. 2008-103,No,,2008-08-05,,https://www.seguin.ca/en/township-services/resources/BL_By-law_Enforcement/BL-Bylaws-Tree-Cutting.PDF,NO,,NO,,,,
"Selwyn, Tp",By-law 2023-053 through 2023-060,Yes,"Other Exemptions 3.11 Notwithstanding any provision of this by-law, development charges shall not be imposed with respect to: (d) Non-residential farm buildings;  where “Farm building” means that part of a bona fide farming operation encompassing barns, silos and other ancillary development to an agricultural use, but excluding a residential use;",2023-09-12,2033-09-12,https://www.selwyntownship.ca/en/news/resources/Development-Charges/2023-053---Development-Charges---Road-and-Related.pdf,,,,,,,,,,,,,By-law 2019-104,No,,No,,No,Yes,No,,NOT KNOWN,2019-12-10,,https://www.selwyntownship.ca/en/township-hall/resources/By-laws/2019-104---Animal-Control-By-law.pdf,Animal Control By-law,No,,,,,,,https://www.selwyntownship.ca/en/township-hall/resources/By-laws/2019-104---Animal-Control-By-law.pdf,,,,,,,YES,YES,NO,YES,YES,NO,https://www.selwyntownship.ca/media/yr3lrnnc/fence-by-law-2016-032.pdf
"Severn, Tp",BY-LAW NO. 2024-47,Yes,"3.7 Other Exemptions: Notwithstanding the provision of this by-law, development charges shall not be imposed with respect to:g) The development of non-residential farm buildings constructed for bonafide farm uses, excluding cannabis production facilities and on-farm diversified uses",2024-08-28,2034-08-28,"https://severn.civicweb.net/document/63723/:~:text=BY,experience%20growth%20through%20development%20and",,,,,,,,,,,,,BY-LAW NO. 2020-62,No,,No,,No,Yes,Yes,No,,2023-12-06,,https://severn.civicweb.net/filepro/documents/18464/?preview=18465,Exotic Animals By-law (including by-law),No,,,,,,,https://severn.civicweb.net/filepro/document/51194/2023-33%20Animal%20Care%20_%20Exotic%20Animals%20(including%20chickens).pdf,,,,,,,YES,NO,YES,YES,YES,NO,https://severn.civicweb.net/document/20271/
"Shelburne, Tp",BY-LAW NUMBER 11-2021,Yes,3. APPLICABLE LANDS (2) This by-law shall not apply to any of the following categories of development:(e) development of farm buildings.,2021-03-08,,https://www.shelburne.ca/en/town-hall/resources/Documents/By-laws/11-2021-Development-Charges.pdf,,,,,,,,,,,,,BY-LAW 15-2018,No,,No,,No,Yes,Yes,No,,2018-03-26,,https://www.shelburne.ca/en/living-here/resources/Documents/animal-control-by-law-15-2018-Shelburne.pdf,Animal Care &amp; Control By-law,No,,,,,,,https://www.shelburne.ca/en/town-hall/resources/Documents/By-laws/2024/By-law-15-2018-Animal-Care-and-Control---amended.pdf,,,,,,,YES,YES,YES,YES,YES,NO,https://www.shelburne.ca/media/ajlcdepd/by-law-33-2024-fence-bylaw.pdf
"Shuniah, M",,,,,,,,,,,,,,,,,,,By-law No. 1951-98 (Dog Licensing &amp; Leashing),No,,No,,No,Yes,Yes,No,none,1998-09-10,,https://www.shuniah.org/wp-content/uploads/2022/06/Dog-Licencing-and-Leashing-1951-98.pdf,Backyard Chickens By-law,Yes,Other,,,No,No,3;9,https://www.shuniah.org/wp-content/uploads/2018/12/Backyard-chickens.pdf,,,,,,,YES,YES,YES,YES,YES,NO,https://www.shuniah.org/wp-content/uploads/2024/04/Fence-By-Law-3329-23.pdfv1_.pdf
"Simcoe, Co",By-Law No. 6930,Yes,"4. APPLICABLE LANDS(2) This by-law shall not apply to land that is owned by and used for the purposes of:e) a farm buildin and farm equipment dealership as defined herein. farm building: a building used for bona fide farming operation, excluding residential and cannabis usefarm equipment dealership: a building or structure used solely for sale of farm equipment",2021-11-23,2026-12-31,https://www.simcoe.ca/Finance/Documents/By-law%20No.%206930.pdf,,,,,,,,,,,,,,,,,,,,,,,,,,see local municipalities,,,,,,,,,BY-LAW NO. 4744,No,,2002-06-06,,https://simcoe.civicweb.net/document/17301/,NO,,NO,,,,
"Sioux Lookout, M",,,,,,,,,,,,,,,,,,,BY-LAW NO. 09-23,No,,No,,No,Yes,Yes,No,"none 4 otherwise, 3.5.2 a Farm is exempt;",2023-05-17,,https://www.siouxlookout.ca/en/resources/by-laws/frequent/09-23-To-Regulate-the-Keeping-of-Animals-Within-the-Municipality-of-Sioux-Lookout.pdf,,No,,,,,,,,,,,,,,NO,,NO,,,,
"Sioux Narrows-Nestor Falls, Tp",,,,,,,,,,,,,,,,,,,,,,,,,,,,,,,,,No,,,,,,,,,,,,,,NO,,NO,,,,
"Smiths Falls, Tp",By-law No. 10324-2022,Yes,"EXEMPTIONS11. (a) the development of a non-residential farm building used for a bona fide farm use, where ""bona fide farm use"" means the proposed development will qualify as a farm business operating with a valid FBRM issued by OMA. Excludes cannabis operations.",2022-03-21,2027-06-01,https://www.smithsfalls.ca/en/town-hall/resources/Documents/Bylaws/10324-2022_Development-Charges-By-law.pdf,,,,,,,,,,,,,BY-LAW NO. 8856-2016,No,,No,,No,Yes,Yes,No,4 (animals in total),2016-05-02,,https://www.smithsfalls.ca/en/town-hall/resources/Documents/Bylaws/Animal-Control-By-law-8856-2016.pdf,Animal Control By-law,No,,,,,,,https://www.smithsfalls.ca/en/town-hall/resources/Documents/Bylaws/Animal-Control-By-law-8856-2016.pdf,BY-LAW NO. 10212-2021,No,,2021-02-01,,https://www.smithsfalls.ca/en/town-hall/resources/Documents/Bylaws/10212-2021_Tree-Canopy-By-law-and-Policy-1.pdf,YES,YES,NO,NO,NO,NO,https://www.smithsfalls.ca/en/town-hall/resources/Documents/Bylaws/Fence-By-law.pdf
"Smooth Rock Falls, Tp",,,,,,,,,,,,,,,,,,,BY-LAW 2015-01,No,,No,,,,Yes,No,NOT KNOWN,2015-01-19,,https://smoothrockfalls.ca/documents/133/documents/01BFZNUCYOHST35XGUDJA34XIDBUFPIOGJ/Animal%20Control%20Bylaw.pdf,Animal Control By-law,No,,,,,,,https://smoothrockfalls.ca/documents/133/documents/01BFZNUCYOHST35XGUDJA34XIDBUFPIOGJ/Animal%20Control%20Bylaw.pdf,,,,,,,NO,,NO,,,,
"South Algonquin, Tp",,,,,,,,,,,,,,,,,,,BY-LAW NO. 12-430,No,,No,,No,,Yes,No,,2012-12-06,,https://www.southalgonquin.ca/wp-content/uploads/2020/12/12-430-Keeping-of-Dogs.pdf,,,,,,,,,,,,,,,,NO,,NO,,,,
"South Bruce Peninsula, Tp",By-Law Number 30-2022,No,,2022-04-19,2027-04-20,https://southbrucepeninsula.civicweb.net/filepro/documents/100224/?preview=101508,,,,,,,,,,,,,By-Law Number 34-2019,Yes,"a dog that is specifically trained to work and/or live with domestic farm animals (i.e. cattle, sheep, goats etc.) without causing them harm while aggressively repelling predators and is used exclusively for that purpose",No,,No,Yes,Yes,Yes,4.9 (a) In all areas of the municipality having a lot area of less than 0.4 ha (1 acre) the maximum number of dogs permitted per household shall be two (2). (b) In all areas of the municipality having a lot area of equal to or more than 0.4 ha (1 acre) the maximum number of dogs permitted per household shall be three (3).,2019-05-07,,https://southbrucepeninsula.civicweb.net/filepro/documents/83401/?preview=85123,,,,,,,,,,,,,,,,YES,YES,NO,YES,YES,YES,
"South Bruce, M",By-Law 2025-36,Yes,"3.10 Notwithstanding the provisions of this by-law, development charges shall not be imposed with respect to: 3.1 0.2 The development of non-residential farm bu ildings constructed for bona fide farm uses.",2025-06-24,2035-06-24,https://www.southbruce.ca/media/zzplxun1/dc-by-law-2025-36.pdf,,,,,,,,,,,,,BY-LAW 2018-39,Yes,"a dog that works and/or lives with domestic farm animals (e.g. cattle, sheep, poultry) to protect them by repelling predators and is used exclusively for that purpose.",Yes,a dog that has been trained and is actively being used in a bona fide farming operation for the purposes of controlling livestock on the farm.,No,Yes,Yes,No,"none8.3 In a Rural area, a person may harbor more than three (3) dogs at a premise without a kennel license, provided that all of the following are complied with, (d) the dogs are livestock guardian dogs and or herding dogs.",2018-06-12,,https://www.southbruce.ca/en/A-PDF-Forms/Bylaws/By-Law-2018-39-Animal-Control.pdf,,No,,,,,,,,,,,,,,YES,YES,NO,YES,YES,NO,https://www.southbruce.ca/media/gjvmahlw/by-law-2013-31-fence-by-law.pdf
"South Dundas, M",,,,,,,,,,,,,,,,,,,By-Law No. 2025-34,No,,No,,No,Yes,Yes,No,,2002-04-25,,"https://www.southdundas.com/sites/3/files/2025-05/2025%20Animal%20Control.pdf:~:text=Dundas%20www.southdundas.com%20%20BY,Section%203%20of%20the",,,,,,,,,,BY-LAW NO. 2019-48,No,,2019-05-21,,Tree Canopy Policyhttp://Tree Canopy Policy,NO,,NO,,,,
"South Frontenac, Tp",BY-LAW NO. 2024-53,Yes,"4. APPLICABLE LANDS(2) c) bona fide agricultural use or farm building, excluding residential use",2024-06-24,,https://www.southfrontenac.net/media/p5aoge3g/by-law-2024-53-development-charges.pdf,,,,,,,,,,,,,BY-LAW 2001-66amended 2022,Yes,"Great Pyrenees, Akbash, Kuvasz, Maremma and Anatolian Shepherd and crosses between these breeds that exclusively work and/or live with domestic farm animals to protect them by repelling predators. It being understood that a Livestock Guardian Dog must work/live on a property that is zoned appropriately for agricultural use or a hobby farm and is engaged in a normal farm practice to benefit from the specific exemptions outlined in this By-law.",Yes,"Border Collies, Australian Shepherds, Blue &amp; Red Heelers and Huntaways that have been trained and are actively being used to control livestock on a farm. It being understood that a Herding Dog must work/live on a property that is zoned appropriately for agricultural use or a hobby farm and is engaged in a normal farm practice to benefit from the specific exemptions outlined in this By-law.",Yes,Yes,Yes,Yes,Other,2023-02-07,,https://www.southfrontenac.net/en/town-hall/resources/By-law-2001-66-Dog-Control.pdf,,,,,,,,,,,,,,,,YES,YES,NO,YES,YES,NO,https://www.southfrontenac.net/media/kkkftpuk/by-law-2015-49-fix-the-description-of-a-lawful-fence.pdf
"South Glengarry, Tp",,,,,,,,,,,,,,,,,,,BY-LAW NUMBER 2 3 -2022,No,,No,,No,Yes,Yes,No,,2022-04-18,,https://www.southglengarry.com/en/municipal-services/resources/Documents/23-2022--Animal-Control--By-law.pdf,Animal Control By-law,No,,,,,,,https://www.southglengarry.com/en/municipal-services/resources/Documents/23-2022--Animal-Control--By-law.pdf,,,,,,,YES,YES,NO,YES,YES,NO,https://www.southglengarry.com/media/jysfplch/13-2020-fence-by-law-with-schedules.pdf
"South Huron, M",By-Law 17-2020Development Charges - Schedule B,Yes,"Notwithstanding the provision of this By-law, development charges shall not be imposedwith respect to:(b) An agricultural building or structure;",2020-03-16,2025-03-17,https://www.southhuron.ca/en/government/resources/Commonly-Requested-By-Laws/17-2020-Development-Charges---Schedule-B-amendment---Office-Consolidation---Accessible.pdf,,,,,,,South Huron Zoning By-law 69-2018 MUNICIPALITY OF SOUTH HURON ZONING BY-LAW,No,"Building includes any structure whether temporary or permanent, used or built for any purpose other than a lawful boundary, wall or fence. Any enclosure, fixed non-retractable awning, bin, bunk or other container, or platform, used upon any land or in conjunction with or connected to any structure for any purpose shall be deemed a building",,,https://www.southhuron.ca/en/government/resources/Commonly-Requested-By-Laws/South-Huron-Consolidated-ZBL.pdf,By-Law 21-2018,No,,No,,No,Yes,Yes,No,No,,,https://www.southhuron.ca/en/government/resources/Commonly-Requested-By-Laws/Animal-Control-By-Law--21-2018---Office-Consolidation.pdf,,,,,,,,,https://www.southhuron.ca/en/government/resources/Commonly-Requested-By-Laws/Consolidated-Domestic-Birds-Animals-and-Exotic-Animals-By-Law-29-2014.pdf,,,,,,,YES,NO,NO,,,NO,
"South River, Tp",,,,,,,,,,,,,,,,,,,BY-LAW 32-2021,No,,No,,No,Yes,Yes,No,No,2021-07-26,,https://southriver.ca/uploads/documents/Municipal%20Information/By-laws/2021-By-Laws/By-law-32-2021%20Dog%20Bylaw.pdf,Keeping of Poultry and Livestock By-law,Yes,6,2023-01-01,,No,Yes,2;3;4,https://southriver.ca/uploads/documents/Municipal%20Information/By-laws/2022%20By-Laws/By-law-49-2022-Regulate%20the%20Keeping%20of%20Poultry%20and%20Livestock%20.pdf,,,,,,,NO,,NO,,,,
"South Stormont, Tp",BY-LAW NO. 2022-O57,Yes,"3.10 Other Exemptions: 3.10.1 Notwithstanding the provision of this by-law, development charges shall not be imposed with respect to: (1) Bona-fide farm buildings;",2022-07-13,2027-09-15,https://www.southstormont.ca/Modules/Bylaws/Bylaw/Download/9f3a61dc-f2b2-47ed-9d2a-90efbab90296,,,,,,,,,,,,,BY-LAW NO. 2021-032,No,,No,,No,Yes,Yes,No,NOT KNOWN,2021-04-14,,https://www.southstormont.ca/Modules/Bylaws/Bylaw/Download/0fe0bdb9-ef55-4eb1-a40b-a2ef88d18e66,Responsible Pet Ownership,No,,,,,,,https://www.southstormont.ca/en/living-here/resources/Animal-Services/2021-032--Regulate-Care-and-Control-of-Animals-Responsible-Pet-Ownership.pdf,By-law No. 2019-016,No,,2019-02-20,,https://www.southstormont.ca/Modules/Bylaws/Bylaw/Download/319d16b5-43f7-4c69-800f-0fc297992bd1,YES,YES,NO,YES,YES,NO,
"Southgate, Tp",By-Law No. 2022-154,Yes,"Other Exemptions: 3.7 Notwithstanding the provision of this By-law, development charges shall not be imposed with respect to: (a) Non-residential farm building for a bona fide farm use, with a valid Farm Business Registration Number and assessed as Farmland Realty Tax Class;",2022-10-05,2027-10-06,https://www.southgate.ca/en/municipal-services/resources/BuildingDocuments/By-law-2022-154---Development-Charges-By-law.pdf,,,,,,,By-law Number 2017-049,No,,2017-07-19,,https://www.southgate.ca/en/local-government/resources/documents/By-laws-and-Policies/By-law-Listing/2017-049.pdf,By-law number 2020-078,No,,No,,No,Yes,Yes,Yes,NOT KNOWN,2020-08-05,,https://www.southgate.ca/en/municipal-services/resources/ByLaw/By-law-2020-078---Canine-Control-By-law.pdf,,,,,,,,,,,,,,,,NO,,NO,,,,
"Southwest Middlesex, M",,No,,,,,,,,,,,,,,,,,By-Law No. 2023/064,No,,Other,"There is no LGD, but a Farm dog DefiniitonA Farm Dog is a dog which is activley herding farm animals on agricultural property, such as cattle or sheep",No,Yes,Yes,No,3 (in Rural areas),2021-11-15,,https://www.southwestmiddlesex.ca/sites/default/files/2023-12/2023%20064%20Comprehensive%20Animal%20Control%20-%20Website.pdf,,No,,,,,,,,BY-LAW  5738,No,,2004-06-08,,https://www.middlesex.ca/sites/default/files/Woodlands_Bylaw.pdf,YES,YES,NO,YES,YES,NO,https://www.southwestmiddlesex.ca/sites/default/files/2021-10/2021%20062%20Comprehensive%20Fence.pdf
"South-West Oxford, Tp",By-Law No. 25-2021,Yes,,2021-03-16,,https://www.swox.org/en/business-and-development/resources/Building-and-Development/25-2021_ByLaw.pdf,,,,,,,BY-LAW NO. 25-2005,No,,2005-07-05,,given by emailhttp://given by email,By-law No. 76-2017,No,,No,,No,Yes,Yes,Yes,NOT KNOWN,2018-01-01,,https://www.swox.org/76-2017---Animal-Care-and-Control-By-law---Consolidated-2023.pdf,Animal Care &amp; Control By-law,No,,,,,,,https://www.swox.org/76-2017---Animal-Care-and-Control-By-law---Consolidated-2023.pdf,By-law No. 12-2018,No,,2018-02-20,,https://www.swox.org/12-2018---Amended-Tree-By-law.pdf,YES,YES,NO,YES,YES,NO,https://www.swox.org/media/ynqjp4jy/62-2019-fence-by-law-updated.pdf
"Southwold, Tp","BY-LAW NUMBER 2020-70Township of Southwold Development Charge By-law, 2020",Yes,See Section 4 Subsection (2)  i)(2) This by-law shall not apply to land that is owned by and used for the purposes of:e) an agricultural use,2020-12-14,2025-12-14,https://www.southwold.ca/en/municipal-office/2020-70-development-charges-by-law.aspx,,,,,,,2023-27 Site Alteration By-Law,No,,2023-04-24,,https://www.southwold.ca/en/municipal-office/2023-27-site-alteration-by-law.aspx,BY-LAW NO. 2013-30amended 2021,No,,No,,No,Yes,Yes,No,33.1 Maximum - 3 per premises No person shall keep more than 3 dogs in any one dwelling unit or on any premises.,2013-01-01,,https://www.southwold.ca/en/municipal-office/2013-30-dog-by-law.aspx,,No,,,,,,,,"By-Law 05-03, as amendedWoodlands Conservation By-Law",Yes,"Section 3--Exemptions  o) The destruction or injury of tress may occur during the pursuit of normal farm practices as outlined Under the Farming and Food Production and Protection Act, S.O. 1887, c.1, Inlcuding but not limited to the destruction or injury of trees to prevent the encroachment of woodlands on agricultural production resources",2005-11-13,,https://www.kettlecreekconservation.on.ca/wp-content/uploads/2023/02/Woodlands-Conservation-Consolidated-By-Law-June-9-2021-1.pdf,YES,YES,NO,YES,YES,NO,"https://www.southwold.ca/en/municipal-office/2019-77-fence-by-law.aspx:~:text=8.1%20No%20fence%20or%20hedge,shall%20not%20exceed%201.98m."
"Spanish, Tp",,,,,,,,,,,,,,,,,,,,,,,,,,,,,,,,,,,,,,,,,,,,,,,NO,,NO,,,,
"Springwater, Tp",By-Law Number 2023-070,Yes,"15. Agricultural Uses 15.1. Agricultural uses as well as farm buildings and other ancillary development to an agricultural use, excluding any residential uses, shall be exempt from the provisions of this By-law.",2023-06-21,2031-12-31,https://www.springwater.ca/en/township-hall/resources/Documents/By-laws/2023-070-Development-Charges-By-law.pdf,,,,,,,By-law 2022- 105,No,,2022-12-21,,https://www.springwater.ca/en/township-hall/resources/Documents/By-laws/2022-105-Fill-and-Site-Alteration-By-Law---Signed.pdf,By-law 2020-080,No,,No,,No,Yes,No,,,2020-10-21,,https://www.springwater.ca/en/township-hall/resources/Documents/By-laws/2020-080-Animal-Control-By-law.pdf,By-law 2023-087,Yes,,2023-09-20,,No,Yes,2;3;4;5,"https://www.springwater.ca/en/business-and-development/resources/Documents/Backyard-Chickens/2023-087-Backyard-Chickens-Licensing-By-law-1.pdf:~:text=The%20Corporation%20of%20the%20Township,law",simcoe,,,,,,NO,,NO,,,,
"St. Catharines, C",BY-LAW NO. 2021-140,Yes,"“Farm Building” means that part of a bona fide farming operation encompassing barns, silos, and other ancillary development to an agricultural farm, but excluding a residential use, greenhouses and other buildings and structures used as Cannabis Production Facilities and would include wholesale greenhouse facilities and structures",2021-09-13,2027-01-01,https://stcatharines.civicweb.net/filepro/documents/799/?preview=97923,,,,,,,,,,,,,BY-LAW NO. 95-302 (Licensing and Regulating)BY-LAW NO. 2005-310  (Number of Dogs),No,,No,,No,Yes,No,,noneNo person shall keep in or about a dwelling unit more than three (3) dogs except on any lands located outside the urban boundary of the City of St. Catharines.,1995-09-11,,https://stcatharines.civicweb.net/filepro/documents/795/?preview=1301,,,,,,,,,,,,,,,,YES,YES,NO,YES,YES,NO,https://www.stcatharines.ca/en/by-laws-and-animal-services/resources/Fence-By-law.pdf
"St. Charles, M",,,,,,,,,,,,,,,,,,,BY-LAW 2023-38,No,,No,,No,Yes,Yes,No,NOT KNOWN,2023-09-20,,https://stcharlesontario.ca/wp-content/uploads/2023/10/2023-38-Responsible-Animal-Ownership.pdf,,,,,,,,,,,,,,,,NO,,NO,,,,
"St. Clair, Tp",By-Law 6 of 2021,Yes,APPLICABLE LANDS 4. APPLICABLE LANDS(2) This By-law shall not apply to land that is owned by and used for the purposes of:(c) bona fide farm operations. “Bona fide farm operations” means bona fide farm operations only and does not include other residential and non-residential uses accessory to farm operations.,2021-02-16,2026-02-16,https://www.stclairtownship.ca/government/by-laws-2/by-laws/bylaw_2021_006/,,,,,,,,,,,,,BY-LAW NUMBER 12 of 2009,No,,No,,No,Yes,Yes,Yes,No,2009-04-06,,https://www.stclairtownship.ca/wp-content/uploads/B-L-12-of-2009-Animal-Control-as-amended-by-B-L-7-of-2023.pdf,,,,,,,,,,,,,,,,YES,YES,NO,YES,YES,NO,https://stclairtownship.ca/wp-content/uploads/83of2005.pdf
"St. Joseph, Tp",,,,,,,,,,,,,,,,,,,BY-LAW 2017-06,No,,No,,No,Yes,Yes,No,NOT KNOWN,2017-02-01,,https://stjosephtownship.com/documents/assets/uploads/files/en/dog_by_law_pt_1_&amp;_pt_2.pdf,,,,,,,,,,,,,,,,NO,,NO,,,,
"St. Marys, T",By-law 106-2022,Yes,non-residential farm buildings constructed for bona fide farm uses,2023-01-01,2024-01-01,https://www.townofstmarys.com/en/doing-business/Planning-Fees-and-Development-Charges.aspx,,,,,,,BY-LAW 72-2018Site Alteration By-Law,Yes,"SEE SECTION 4.1 EXCEPTIONS (h)(h) the Removal of Soil as an incidental part of a normal agricultural practice, provided however that this provision shall not exempt from the provisions of this By-law the Removal of Topsoil for sale, exchange or other disposition.",2018-08-28,,https://stmarys.civicweb.net/filepro/document/3154/72-2018%20Site%20Alteration.pdf,BY-LAW 56-2023Animal Control By-Law,No,,No,,No,Yes,Yes,No,NOT KNOWN,2023-05-23,,https://www.townofstmarys.com/en/town-services/resources/Documents/By-laws/56-2023-Animal-Control.pdf,BY-LAW 56-2023Animal Control By-Law,No,,,,,,,https://www.townofstmarys.com/en/town-services/resources/Documents/By-laws/56-2023-Animal-Control.pdf,BY-LAW 37-2022,No,eone,2022-04-12,,given by emailhttp://given by email,YES,YES,NO,,,NO,
"St. Thomas, C",BY-LAW NUMBER 158-2020,Yes,"The following uses are wholly exempt from development charges under the by-law: A non-residential farm building, except for the gross floor area in a greenhouse used for retail sales.",2021-10-12,2026-10-12,,BY-LAW NO. 172 -2006,No,Residential: $/month $13.03 Commercial &amp; Institutional: $13.03 Industrial: $179.50 / ha,,,https://www.stthomas.ca/common/pages/GetFile.ashx?key=%2fyE6ATrf,BY-LAW NO. 161-2010,No,,2010-11-01,,https://cdnsm5-hosted.civiclive.com/UserFiles/Servers/Server_12189721/File/City%20Hall/Planning%20and%20Building%20Services/Building%20Services/Site%20Alteration%20By-law/Site%20Alteration%20By-law%20161-2010.pdf,BY-LAW NO. 71-2011amended 2021,No,,No,,,,No,,3 (including both cats and dogs),2021-07-12,,https://www.stthomas.ca/common/pages/DownloadFileByUrl.aspx?key=A16K3VQhAQ3iMmCPGkQzHVkCLTTfKcnpsjklUgmCFSWrsBSrqViJSbnXCspeC4pXPwJ4wmrIhZVkzYPi%2bvaI7%2bJcf4NPfgY8RuYG30EeZkWXXKQKBtEBt0lLnQRWzMtUBflj7MC5A%2b1Vaqm4G9SxxEnJVdbUjuyHs0YQS8PB19bJrvtVmaHjEAjPt67ME2%2buwV1gJhtKdf9SdReU72HvamEUy8o%3d,Animal Control By-law,No,,,,,,,https://www.stthomas.ca/common/pages/DownloadFileByUrl.aspx?key=Y7UpuSp92qz5G%2b%2fcmshUC0sYtFddGSbnM64IT5soGT0gZ1mcB2XC3T31BeuniP6DDgP8S6eqj5mhQXkFmfwIhiB5I0bpdKVemY4MMhkpdXAtZVWXQTKeCyhxYjbLp3gfLFfWuw4VpNaGYJRFizD8U9Ef0Gk9bXrj1JWnHD8iJSO0KAhOGJJn%2bWuW6PY7PiA9ob3UWn5gjn2zdJyBtUdiqzTE0rAsyDOiwNwm1CMr6zr7XF%2by1ufM55ja0jiyCSZY8gKKk7Fw%2f1Fi5NvEfR%2fi47wlRvXAmfqWyx979fBjhJfBGxkU,By-law 101-2021,No,,2021-06-14,,https://www.stthomas.ca/common/pages/DownloadFileByUrl.aspx?key=6LlY9JyyqwnJCnRVeBCGP9tnAbWFrehdU3q%2f%2fJBhK%2frbfS0F0AvSS2EBrEgN3%2bEYh2Y8KYZbImq1x%2bS2h9F9hAc9I7gQB0lxzClbc6%2fBRcVQ0Q9lgCJVqQeL0IkbasqgL%2flHzgB2hiK21BiCDNVcmDuSXnFnePYHMb4ZF9AxHfcZlMFE13b%2f1u1%2f2vzpDtXUuu%2fLGQ%3d%3d,YES,YES,NO,,,NO,
"Stirling-Rawdon, Tp",By-Law No. 54-24,No,,2024-11-19,2034-11-19,"https://stirling-rawdon.civicweb.net/document/57149/:~:text=The%20Corporation%20of%20The%20Township,capital%20cost%20of%20meeting%20growth",,,,,,,,,,,,,,,,,,,,,,,,,,,,,,,,,,,BY-LAW NO. 1325-19,No,,2019-10-07,,https://stirling-rawdon.civicweb.net/filepro/documents/search/?keywords=tree&amp;location=28239&amp;preview=28414http:// https://stirling-rawdon.civicweb.net/filepro/documents/search/?keywords=tree&amp;location=28239&amp;preview=28414,NO,,NO,,,,
"Stone Mills, Tp",BY-LAW NUMBER 2024-1276,Yes,"Notwithstanding the provisions of this By-law, development charges shall not be imposed with respect to: c) Agricultural Uses: Non-residential farm buildings constructed and used exclusively for bona fide agricultural purposes operating with a valid Farm Business Registration Number and assessed in Farmland Reality Tax Class;",2024-11-18,2034-11-18,https://www.stonemills.com/media/hyxau0ze/2024-1276-being-a-by-law-to-impose-dcs.pdf,,,,,,,,,,,,,By-law Number 2010-532,No,,No,,No,Yes,Yes,No,NOT KNOWN,2010-05-17,,https://www.stonemills.com/sites/default/files/Stone-Mills/Resources/bylaw/Bylaw_2010-532-dog_licence.pdf,By-Law 2020-1021,Yes,6,2020-08-10,,,,NOT KNOWN,https://www.stonemills.com/media/cxkcmz1c/2020-1021-backyard_hen_bylaw.pdf,,,,,,,NO,NO,NO,,,NO,
"Stormont Dundas and Glengarry, Uco",,,,,,,,,,,,,,,,,,,,,,,,,,,,,,,,,,,,,,,,,,,,,,,NO,,NO,,,,
"Stratford, C",BY-LAW 41-2022,No,,2022-04-06,2027-04-06,https://www.stratford.ca/en/inside-city-hall/resources/InfrastructureDevelopmentServices/Planning/Planning_Services/By-law-41-2022---Development-Charges-AODA.pdf,,,,,,,By-Law No. 102-2022,No,"to prohibit and regulate the placing or dumping of fill, removal of topsoil and the alteration of the grade of land",2022-08-08,,given by emailhttp://given by email,BY-LAW NUMBER 195-2002,No,,No,,No,Yes,Yes,No,3 (dogs and cats combined),2002-10-28,,https://www.stratford.ca/en/inside-city-hall/resources/Animal-Control/Animal-Control-Bylaw.pdf,Animal Control By-law,No,,,,,,,https://www.stratford.ca/en/inside-city-hall/resources/By-laws/Animal-Control---195-2002---Accessible.pdf,,No,,,,,YES,YES,NO,,,NO,https://www.stratford.ca/en/inside-city-hall/resources/Bylaws/128-2003-Fence-Hedge-Bylaw.pdf
"Strathroy-Caradoc, M",BY-LAW NO. 34-22,Yes,Exemptions from the Payment of Development Charges 6. (1) These rules provide for an exemption by user for all development upon lands owned and occupied by:  (3) farm buildings as defined in this by-law are exempt from paying development charges,2022-05-16,,https://www.strathroy-caradoc.ca/media/0s5lauz5/34-22-2022-s-c-development-charges-by-law.pdf,,,,,,,BYLAW NO. 07-22Site Alteration By-Law,Yes,"c) Normal farm practices as defined in section 1.1 of the Farming and Food Production Protection Act, 1998, S.O. 1998, c. 1, as amended or replaced.",2022-01-17,,https://www.strathroy-caradoc.ca/en/city-hall/resources/BYLAWS/07-22-Site-Alteration-By-law.pdf,BY-LAW 60-09,No,,No,,No,Yes,Yes,No,nonekeeping of animals on land for agricultural purposes,2009-11-16,,https://www.strathroy-caradoc.ca/en/resourcesGeneral/Bylaw6009-AnimalCareandControl.pdf,Animal Care and Control By-law,No,,,,,,,https://www.strathroy-caradoc.ca/en/resourcesGeneral/Bylaw6009-AnimalCareandControl.pdf,Bylaw No. 34-13,No,,2013-04-15,,https://www.strathroy-caradoc.ca/en/resourcesGeneral/Bylaw3413TREEBYLAWANDTREEPLANTINGPOLICY.pdf,YES,YES,NO,NO,YES,NO,
"Strong, Tp",,,,,,,,,,,,,,,,,,,BY-LAW 2016-009,No,,No,,No,Yes,Yes,No,Other,2016-04-12,,https://www.strongtownship.com/en/local-government/resources/By-laws/Dog-By-law-2016-009_fee-update-2021_amended-2021.pdf,,,,,,,,,,,,,,,,NO,,NO,,,,
"Sundridge, Tp",,,,,,,,,,,,,,,,,,,BY-LAW NO. 2019-039,No,,No,,No,Yes,Yes,No,No,2019-06-26,,https://irp.cdn-website.com/2213ca44/files/uploaded/2019-039-Respecting-the-Care-and-Control-on-Animals-Consolidated.pdf,,,,,,,,,,BY-LAW NO. 2019-019,No,,2019-02-27,,https://irp.cdn-website.com/2213ca44/files/uploaded/2019-019-Tree-Canopy-and-Natural-Vegetation-Policy.pdf,NO,,NO,,,,
"Tarbutt and Tarbutt Additional, Tp",,,,,,,,,,,,,,,,,,,BY-LAW 6-2013,Yes,a dog that works/lives with domestic farm animals to portect them from predators and is used exclusively for bona fide farming operations including herding.,No,,Yes,No,No,,none,2013-12-18,,https://tarbutt.ca/wp-content/uploads/2022/01/dogbylaw.pdf,,,,,,,,,,By-Law 05-2019,No,,2019-02-20,,https://tarbutt.ca/wp-content/uploads/2023/02/5-2019-Policy-for-the-protection-and-enchancement-of-the-tree-canopy.pdf,NO,,NO,,,,
"Tay Valley, Tp",By-Law No. 2019-045,No,,2019-12-02,2024-12-02,https://www.tayvalleytwp.ca/Modules/Bylaws/Bylaw/Download/7a424a67-9401-4aab-86a3-ebf3c9074d52,,,,,,,,,,,,,BY-LAW NO. 01-50,No,,No,,No,Yes,Yes,No,none,2001-10-23,,https://www.tayvalleytwp.ca/Modules/Bylaws/Bylaw/Download/f9672eda-ca88-47d9-a815-b30dd62dfa22,,,,,,,,,,By-law 2020-012,Yes,"9.0 EXCEPTIONS9.1 Where a property is used as an Agricultural Use, the property is exempt fromthis policy.",2020-08-25,,https://www.tayvalleytwp.ca/Modules/Bylaws/Bylaw/Download/5324458a-2566-4302-bdd4-cfbc246b6095,NO,,NO,,,,
"Tay, Tp","By-Laws 2024-04, 2024-05, 2024-06",Yes,"Other Exemptions: 3.8.1 Notwithstanding the provision of this By-law, development charges shall not be imposed with respect to:(b) Farm buildings;",2019-02-06,2024-02-06,https://www.tay.ca/media/hogl4l3z/by-law-2024-04-establish-development-charges-pertaining-to-general-services-and-services-related-to-a-highway.pdf,,,,,,,BY-LAW NO. 98-43,No,,2012-06-13,,https://www.tay.ca/media/m1afc4u2/dumping-fill-by-law.pdf,BY-LAW NO. 2017-43,No,,No,,No,Yes,Yes,No,,2018-04-25,,https://www.tay.ca/media/ctgdalit/canine-control-dog-licensing-by-law.pdf,,,,,,,,,,,,,,,,NO,,NO,,,,
"Tecumseh, Tp",By-Law Number 2024-063,Yes,"Exemptions 3.5. Notwithstanding the provisions of this by-law, development charges shall not be imposed with respect to: a) the development of non-residential farm buildings constructed for bona fide farming uses;  where ""Farm building"" means that part of a bona fide farm operation encompassing barns, silos and other ancillary development to an agricultural use, but excluding a residential use;",2019-08-13,2024-08-31,"https://www.tecumseh.ca/media/dowfgxyz/by-law-2024-063-development-charges-by-law-axes.pdf:~:text=Tecumseh,developments%20or%20portions%20of%20developments",,,,,,,BY-LAW 2004-29,No,SECTION 5 - ADDITIONAL AGRICULTURAL ZONE PROVISIONS,2004-05-18,,https://www.tecumseh.ca/en/town-hall/resources/Documents/BYLAW-2004-29-Dumping-and-Grading.pdf,By-law No. 2003-91,No,,No,,No,Yes,Yes,No,NOT KNOWN,2003-11-18,,https://www.tecumseh.ca/en/living-here/resources/Documents/By-Laws/2003-091-Dog-Control.pdf,,,,,,,,,,,,,,,,YES,YES,YES,YES,YES,NO,https://www.tecumseh.ca/media/pnsbvatx/bylaw-2003-57-fence.pdf
"Tehkummah, Tp",,,,,,,,,,,,,,,,,,,BY-LAW 2019-34,No,,No,,No,Yes,Yes,No,none,2020-12-04,,https://tehkummah.ca/wp-content/uploads/2020/02/Bylaw-2019-034-Animal-Control-REVISED-Feb-4-2020.pdf,,,,,,,,,,,,,,,,NO,,NO,,,,
"Temagami, M",,,,,,,,,,,,,,,,,,,BY-LAW NO. 10-870,No,,No,,No,Yes,Yes,No,"4 (dogs and cats combined, zoned ""agricultural"" use)",2010-01-14,,https://cdnsm5-hosted.civiclive.com/UserFiles/Servers/Server_12703011/File/Services/By-Law%20Enforcement/Animal%20Control%20&amp;%20Licensing/10-870%20-%20Animal%20Control%20amended%20.pdf,,,,,,,,,,,,,,,,NO,,NO,,,,
"Temiskaming Shores, C",,,,,,,,,,,,,,,,,,,By-law No. 2013 – 051,Yes,"a dog that works and/or lives with domestic farm animals (e.g. cattle, sheep, poultry) to protect them while repelling predators and is used exclusively for that purpose;",Yes,a dog that has been trained and is actively being used in a bona fide farming operation for the purposed of controlling livestock on the farm;,Yes,No,Yes,Yes,"none, 5 otherwiseNotwithstanding Section 4.2.1 this requirement shall not apply to owners of Livestock Guardian Dogs and Herding Dogs while such dogs are kept in an area which is zoned “agricultural’ pursuant to the Zoning By-Law and said dogs are kept for agricultural uses in accordance with their defined function.",2013-12-03,,https://www.temiskamingshores.ca/uploads/87/Doc_635469998415301899.pdf?ts=638429160795595988,,,,,,,,,,,,,,,,YES,YES,NO,NO,NO,NO,https://www.temiskamingshores.ca/en/resident/resources/Building/Bylaw-No-2013-183---Fences.pdf
"Terrace Bay, Tp",,,,,,,,,,,,,,,,,,,BY-LAW NO. 30-2005,No,,No,,No,Yes,Other,No,none,2005-11-14,,https://terracebay.civicweb.net/filepro/documents/search/?keywords=animal&amp;location=108&amp;preview=26390,Animal Regulate and Control By-law,No,,,,,,,"https://terracebay.civicweb.net/filepro/document/26390/By-law%2030-2005,%20A%20by-law%20to%20provide%20for%20the%20regulation%20and%20control%20of%20Dogs%20and%20certain%20other%20Animals.pdf",,,,,,,NO,,NO,,,,
"Thames Centre, M",,Yes,2) Development Charges as per this by- law shall not apply to land that is owned by and used for the purposes of:a non- residential farm building constructed for bona fide farm uses;,2022-03-07,,https://www.thamescentre.on.ca/sites/default/files/2022-03/017-2022-Development%20Charges%20By-law.pdf,,,,,,,,,,,,,BY- LAW NO. 63- 2022,No,,No,,No,Yes,No,,NOT KNOWN,2022-07-11,,https://www.thamescentre.on.ca/sites/default/files/2022-07/063-2022.pdf,,,,,,,,,,BY-LAW  5738,No,,2004-06-08,,https://www.middlesex.ca/sites/default/files/Woodlands_Bylaw.pdf,YES,NO,YES,YES,YES,YES,
"The Archipelago, Tp",,,,,,,,,,,,,Draft,No,,,,https://archipelago2021.municipalwebsites.ca/ckfinder/connector?command=Proxy?=en&amp;type=Files&amp;currentFolder=%2F&amp;hash=c245c263ce0eced480effe66bbede6b4d46c15ae&amp;fileName=Draft%20Site%20Alteration%20By-law%20(Nov%202023).pdf,,,,,,,,,,,,,,,,,,,,,,,,,,,,,NO,,NO,,,,
"The Blue Mountains, Tp",By-Law Number 2024 – 29,Yes,"Categories of Exempt Uses 20. The following categories of uses are hereby designated as being exempt from the payment of development charges: (3) land, buildings or structures for agricultural use which do not receive municipal sanitary sewer or water supply services;  where “agricultural use” means lands, buildings, or structures, excluding any portion thereof used as a dwelling unit, used, designed or intended to be used for the purpose of a bona fide farming operation including, but not limited to, animal husbandry, bee keeping, dairying, fallow, field crops, fish farming, forestry, fruit farming, horticulture, livestock, market gardening, pasturage, poultry keeping, the growing, raising, packing, treating, storing, and sale of produce produced on the premises, and other activities customarily carried on in the field of agriculture, including the cultivation of cannabis;",2024-04-15,,https://www.thebluemountains.ca/media/12215,,,,,,,BY-LAW NO. 2002 – 78,No,,2002-10-28,,https://www.thebluemountains.ca/sites/default/files/2021-09/Fill-By-law-2002-78-Office-Consolidation.pdf,BY-LAW NO. 2006-32,No,,No,,No,Yes,Yes,No,"none, 3 otherwise2.2 Section 2.2 shall not apply to prevent the keeping of hunting and/or working dogs in addition to the maximum set-out provided the dwelling unit and/or individual conveyable land is located in a rural area.",2006-04-24,,https://www.thebluemountains.ca/sites/default/files/2021-09/2006-32-By-law-to-Control-and-Regulate-Dogs-within-The-Blue-Mountains-Consolidated.pdf,,,,,,,,,,BY-LAW NO. 2010-68,Yes,3. EXEMPTIONSl) the destruction of trees occuring as an integral component of an active farm operation.,2010-10-13,,https://www.thebluemountains.ca/sites/default/files/2021-09/2010-68%20Tree%20Preservation%20By-Law.pdf,YES,YES,NO,YES,YES,NO,
The Nation Municipality,BY-LAW No. 63-2023,Yes,"4) Notwithstanding Section 3 of this By-law and in accordance with the statutory exemptions set out in the Act, Development Charges shall not be imposed with respect to: • Agricultural use buildings or structures.  where ""agricultural use"" is not explicitly defined.",2023-04-03,,https://nationmun.ca/wp-content/uploads/2023/04/63-2023-Dev-Chg-By-Law.pdf,,,,,,,,,,,,,BY-LAW NO. 61-2022,No,,No,,No,Yes,Yes,No,NOT KNOWN,2022-03-28,,https://nationmun.ca/wp-content/uploads/2023/01/61-2022-ID-96651.pdf,Animal Care and Control By-law,No,,,,,,,https://nationmun.ca/en/council-staff/by-laws-policies,,,,,,,YES,YES,NO,YES,YES,NO,https://nationmun.ca/wp-content/uploads/2021/11/By-law-134-2012-and-45-2014-Fence.pdf
"The North Shore, Tp",,,,,,,,,,,,,,,,,,,BY-LAW NO 23-57,No,,No,,No,Yes,Yes,No,No,2023-08-16,,https://townshipofthenorthshore.ca/documents/assets/uploads/files/en/23-57_with_approved_fines.pdf,,,,,,,,,,,,,,,,NO,,,,,,
"Thessalon, Tp",,,,,,,,,,,,,,,,,,,BY-LAW NUMBER 1248,No,,No,,No,No,No,No,,2004-10-04,,https://thessalon.ca/wp-content/uploads/2020/03/Animal-Control-Dogs-Bylaw-1248-7.pdf,,,,,,,,,,,,,,,,NO,,,,,,
"Thornloe, Tp",,,,,,,,,,,,,,,,,,,,,,,,,,,,,,,,,,,,,,,,,,,,,,,NO,,,,,,
"Thorold, C",BY-LAW NO. 41-2024,Yes,"Agricultural Uses22. Agricultural uses as well as farm buildings and other ancillary development to an agricultural use excluding any residential, commercial or industrial uses shall be exempt from the provisions of this By-law.",2024-06-03,,https://www.thorold.ca/en/city-hall/resources/Finance/By-Law-41-2024---Development-Charges.pdf,,,,,,,By-law No. 17-2021,Yes,PART VI — EXEMPTIONS (m) (ii) carried on by Owners or properties that have an active registration as a “farming business” as defined in the Farm Registration and Farms Organization Funding Act and are in good standing under that statute;,,,https://www.thorold.ca/en/resourcesGeneral/By-law-No.-17-2021-Site-Alteration.pdf,By-law No. 79-2017,No,,No,,No,Yes,No,,NOT KNOWN,2017-08-08,,https://www.thorold.ca/en/business-services/resources/BUILDING-/BY_LAWS/79-2017-Animal-Care-and-Control.pdf,Animal Care and Control By-law,No,,,,,,,https://www.thorold.ca/en/business-services/resources/BUILDING-/BY_LAWS/79-2017-Animal-Care-and-Control.pdf,,,,,,,YES,YES,YES,YES,YES,YES,https://www.thorold.ca/en/city-hall/resources/Documents/By-Law-28-2008.pdf
"Thunder Bay, C",,,,,,,,,,,,,BY-LAW NUMBER 135 1997,No,,1997-06-23,,given by emailhttp://given by email,Municpal CodeChapter 232ANIMAL - KEEPING,No,,No,,No,Yes,Yes,No,none,2005-07-12,,https://www.thunderbay.ca/en/city-hall/resources/Documents/By-laws/AnimalKeepingBylaw.pdf,,No,,,,,,,,,,,,,,YES,YES,YES,YES,NO,NO,https://www.thunderbay.ca/en/city-hall/resources/Documents/By-laws/FenceBy-law.pdf
"Tillsonburg, Tp",By-Law No. 2024-067,Yes,"3. Applicable Lands3) This by-law shall not apply to:a) Farm Buildings as defined herein, ""Farm Building"" means a Building or structure associated with and located on land devoted to the practice of farming and that is used essentially for the housing of farm equipment or livestock or the production, storage or processing of agricultural and horticultural produce or feeds and as part of or in connection with a bona fide farming operation and excludes residential uses.",2025-06-12,,https://www.tillsonburg.ca/media/yyclnqdd/tillsonburg-dc-by-law-june-13th-2024-update.pdf?id=46017&amp;dbid=0&amp;repo=Tillsonburg-Public,,,,,,,,,,,,,BY-LAW 2021-013,No,,No,,No,Yes,Yes,No,"none, 3 otherwisedoes not apply to d. The keeping of animals on lands zoned for agricultural purposes;",2021-01-25,,https://lfpp.oxfordcounty.ca/WebLink/edoc/47486/2021-013%20Consolidated.pdf?dbid=0&amp;repo=Tillsonburg-Public,Animal Licensing By-law,No,,,,,,,https://lfpp.oxfordcounty.ca/WebLink/edoc/47486/2021-013%20Consolidated.pdf?dbid=0&amp;repo=Tillsonburg-Public,,,,,,,YES,YES,YES,YES,NO,YES,https://www.tillsonburg.ca/media/anbhcnbo/doing-it-right-fences-2023.pdf
"Timmins, C",,,,,,,,,,,,,BY-LAW No. 2019-8343,No,,2019-06-25,,https://timmins.civicweb.net/filepro/documents/search/search?exact=site%20alteration%20by-law&amp;page=1&amp;location=67&amp;preview=20697,BY-LAW No. 2021- 8593,No,,No,,No,Yes,No,,,2021-08-10,,https://timmins.civicweb.net/filepro/documents/search/search?exact=animal%20control&amp;page=1&amp;preview=111269,Exotic Pets By-law,No,,,,,,,https://timmins.civicweb.net/filepro/document/20699/Exotic%20Pets%20By-Law.pdf,BY-LAW No. 2019-8298,No,,2019-03-19,,https://timmins.civicweb.net/filepro/documents/search/?keywords=tree&amp;location=67&amp;preview=74622,YES,YES,YES,YES,YES,YES,https://cdnsm5-hosted.civiclive.com/UserFiles/Servers/Server_11976345/File/Our%20Services/Enforcement%20Services/City%20of%20Timmins%20By-Law%202011-7128%20Fence.pdf
"Tiny, Tp",By-Law No. 20-084,Yes,"8. Exemptions for Certain Building/Uses 8.1 This By-law shall not apply to land that is owned by and used for the purposes of: (d) a non-residential farm building, save and except for the gross floor area within a greenhouse that is used for the purposes of carrying on retail sales to which development charges shall be imposed, calculated and collected in accordance with the rate set out in Schedule ""B""  where ""farm building"" means that part of a bona fide farm operation encompassing barns, grain bins, greenhouses, and other ancillary development to an agricultural use, but excludes residential uses, onfarm diversified uses and cannabis production facilities.",2020-12-21,2026-01-01,https://www.tiny.ca/media/3177,,,,,,,,,,,,,BY-LAW NO. 02-115,No,,No,,No,Yes,No,,,2002-12-09,,https://www.tiny.ca/media/3180,,No,,,,,,,,,,,,,,NO,,,,,,
"Toronto, C",BY-LAW 1137-2022,No,,2022-08-15,,https://www.toronto.ca/legdocs/bylaws/2022/law1137.pdf,,,,,,,,,,,,,"TORONTO MUNICIPAL CODECHAPTER 349, ANIMALS",Other,"GUARD DOG - A dog used for security purposes on land legally used for industrial or commercial purposes.  **LGD is not defined but they would likely be defined under ""guard dog"" since most farms in Toronto would be on  industrial/commerical land**",No,,No,Yes,Yes,No,NOT KNOWN,2023-07-27,,https://www.toronto.ca/legdocs/municode/1184_349.pdf,,No,,,,,,,,TORONTO MUNICIPAL CODEChapter 813TREES,No,,2022-05-12,,https://www.toronto.ca/legdocs/municode/1184_813.pdf,YES,YES,YES,NO,NO,NO,https://www.toronto.ca/legdocs/municode/1184_447.pdf
"Trent Hills, M",By-law No. 2024-024,Yes,"Other Exemptions 3.13. Notwithstanding the provisions of this By-law, development charges shall not be imposed with respect to: iii. Buildings or structure used as farm buildings;  where ""Farm Building"" means any part of a building which is not used for residential purposes and which building is located on 3 or more hectares of land and which building is used solely for farm and farm related activities carried out on the same farm and includes barns, implement sheds, seasonal roadside stands and silos but does not include processing or year round wholesale or retail facilities;",2024-02-20,2024-02-20,https://trenthills.civicweb.net/document/179228/,,,,,,,,,,,,,By-Law No. 2018-088,Yes,"a dog that is specifically trained to work and live with domestic farm animals (i.e. cattle, sheep) without causing them harm while aggressively repelling predators and is used exclusively for that purpose, and includes the following breeds; Akbash, Great Pyrenees, Komondor, and Maremma, and where the owner(s) can demonstrate that they are an active livestock farmer registered with one of the following associations; Ontario Federation of Agriculture (OFA), Christian Farms Federation of Ontario (CFFO), or the National Farmers Union (NFU),",Other,"""Farm Working Dog"" means a dog that is specifically trained to and actively assists its owner(s) with the herding of livestock and where the owner(s) can demonstrate that they are an active livestock farmer registered with one of the following associations; Ontario Federation of Agriculture (OFA), Christian Farmers Federation of Ontario (CFFO), or the National Farmers Union (NFU).",Yes,No,Yes,No,"3.2 Council will consider written requests for exemptions to the maximum number of dogs in special circumstances, and when the number of dogs exceeds the maximum when Farm Working Dog(s) and Livestock Guardian Dog(s) are included in the total number of dogs.",2018-11-06,,https://trenthills.civicweb.net/filepro/documents/112920/?preview=113013,,,,,,,,,,,,,,,,YES,YES,YES,,,YES,"https://trenthills.civicweb.net/filepro/documents/?expanded=66269,157902&amp;preview=160863"
"Trent Lakes, M",By-law No. B2019-041,Yes,"Categories of Exempt Uses18. The following categories of uses are hereby designated as being exempt from the payment of development charges:e) the development of bon-residential farm buildings constructed for bona fide farm uses, which qualify as a farm business, being that which operates with a valid FBRM and is assessed in the FRTC",2024-04-01,2034-04-01,https://www.trentlakes.ca/media/ewsjuc3e/development-charges-pamphlet.pdf,,,,,,,,,,,,,By-law No. B2023-064,No,,No,,No,Yes,Yes,Yes,NOT KNOWN,2023-08-08,,https://www.trentlakes.ca/en/government/resources/Short-Term-Rental-Resources/B2023-064---Dogs-and-Kennels.pdf,,,,,,,,,,,,,,,,NO,,,,,,
"Tudor and Cashel, Tp",,,,,,,,,,,,,,,,,,,BY-LAW 14-2003 (Dog License By-law),No,,No,,No,Yes,Yes,Yes,6,2003-10-07,,https://tudorandcashel.com/wp-content/uploads/2021/05/2003-0014-Dog-License-By-law.pdf,,,,,,,,,,,,,,,,NO,,,,,,
"Tweed, M",,,,,,,,,,,,,,,,,,,By-Law No. 2014-07,No,,No,,No,Yes,Yes,No,NOT KNOWN,2014-02-18,,https://www.tweed.ca/photos/custom/Animal%20Control%20By-Law%202014-07.pdf,,,,,,,,,,BY-LAW NO. 2019-09,No,,2019-03-13,,https://portal.laserfiche.ca/Portal/DocView.aspx?id=10157&amp;repo=r-00015e373396&amp;searchid=619600cf-3faa-46a4-96b4-fb0cf3c44974&amp;preview=XMQ4VIF&amp;ref=designer,NO,,,,,,
"Tyendinaga, Tp",,,,,,,,,,,,,,,,,,,By-law 04-2022,No,,No,,No,Yes,Yes,Yes,NOT KNOWN,2022-01-17,,https://tyendinagatownship.com/wp-content/uploads/2022/07/2021-60-Noise-Regulating.pdf,,,,,,,,,,,,,,,,NO,,,,,,
"Uxbridge, Tp",BY-LAW NUMBER 2024-039,Yes,"Agricultural Uses22. Agricultural uses as well as farm buildings and other ancillary development to an agricultural use excluding any residential, commercial or cannabis production facilities uses shall be exempt from the provisions of this By-law.",2024-05-06,,https://www.uxbridge.ca/en/business-and-development/resources/Documents/By-Law-No.-2019-076---Development-Charge-By-law.pdf,,,,,,,BY-LAW NUMBER 2010-084,No,,2010-05-10,,https://www.uxbridge.ca/en/your-local-government/resources/Documents/Fill-Site-Alteration-By-law-No.-2010-084---consolidated---2021-Fee-Chart-Update-Amendment.pdf,BY-LAW NUMBER 2009-081,No,,No,,No,Yes,Yes,No,"35.2.1 No household shall keep more than two (2) Dogs. 5.2.2 Notwithstanding the limit set forth in Section 5.2.1, a third Dog will be allowed on Lands Zoned Rural provided that the parcel is larger than four (4) hectares in size.",2009-06-22,,https://www.uxbridge.ca/en/resourcesGeneral/Documents/Animal-Control-By-law.pdf,,No,,,,,,,,By-law Number 30-2020,Yes,4. EXEMPTIONS(n) Any Normal Farm Practice as part of an Agricultural Operation.,2020-07-29,,https://www.durham.ca/Modules/Bylaws/Bylaw/Download/b8798a81-a8ba-48e2-b9a6-31837e06344ahttps://www.durham.ca/Modules/Bylaws/Bylaw/Download/b8798a81-a8ba-48e2-b9a6-31837e06344a,YES,YES,YES,NO,NO,YES,https://www.uxbridge.ca/en/business-and-development/fences.aspx
"Val Rita-Harty, Tp",,,,,,,,,,,,,,,,,,,BY-LAW 1011-15,No,,No,,No,Yes,Yes,No,none,2015-10-22,,https://valharty.ca/wp-content/uploads/2022/06/by-law-1011-15-REGISTRATION-OF-DOGS.pdf,,,,,,,,,,,,,,,,NO,,,,,,
"Vaughan, C",BY-LAW NUMBER 109-2022,Yes,"Rules – Application, Exemptions and Exceptions (8) Notwithstanding any other provisions of this By-law, a building or structure shall be exempt from the payment of development charges provided that it is for (d) an agricultural use;",2022-06-28,2028-06-01,https://www.vaughan.ca/sites/default/files/109-2022%20-%202022%20City-Wide%20DC%20By-Law.pdf?file-verison=1705329377439,BY-LAW NUMBER 224-2023Fees and Charges By-law,No,$806.77 annual for agricultural (fee is lower compared to other property types),2023-12-12,,https://www.vaughan.ca/sites/default/files/2024-01/Fees%20and%20Charges%20By-Law.pdf?file-verison=1705347465984&amp;file-verison=1706541466823,BY-LAW NUMBER 189-96amended byBY-LAW NUMBER 164-2019,No,"2. PROHIBITIONS Section (1) {No person shall remove, place or dump fill or cause fill to be removed, placed or dumped} does not apply where:(h) fill is dumped or placed on lands zoned ""Agricultural"" where there is a minor alteration to the grade of land as an incidental part of a commonly accepted agricultural practice.",2019-11-19,,https://www.vaughan.ca/sites/default/files/189-96.pdf?file-verison=1706023642024,BY-LAW 066-2020,No,,No,,No,Yes,Yes,No,NOT KNOWN,2015-10-22,,https://www.vaughan.ca/sites/default/files/066-2020%20%28Consolidated%29.pdf?file-verison=1707405198186,Animal Control By-law,No,,,,,,,https://www.vaughan.ca/sites/default/files/066-2020%20%28Consolidated%29.pdf?file-verison=1711482742039,By-law 052-2018,No,,2018-04-11,,https://www.vaughan.ca/sites/default/files/052-2018%20%28Consolidated%29.pdf?file-verison=1708539928708,YES,YES,YES,YES,NO,YES,https://www.vaughan.ca/sites/default/files/189-2020%20%28Consolidated%29.pdf?file-verison=1680013219598&amp;file-verison=1755025226162
"Wainfleet, Tp",BY-LAW No. 025-2021,Yes,"Exemptions 3.5 Notwithstanding the provisions of this by-law, development charges shall not be imposed with respect to: (b) bona fide farm (non-residential) buildings;  where ""farm building"" means that part of a bona fide farming operation encompassing barns, silos and other ancillary development to an agricultural use. This excludes BL025-2021 2021 07 27 Page4 ) a residential use, marijuana production facilities, wholesale greenhouse facilities, value added production uses, and value added marketing uses;",2021-07-27,2026-07-27,https://www.wainfleet.ca/en/build-and-invest/resources/Documents/Building/2024/BL025-2021-Signed.pdf,,,,,,,BY-LAW NO. 025-2022,Yes,"6. EXEMPTIONSo) the stockpiling of Fill in the ordinary course of the operation of a garden supply establishment that is legally established under the Zoning By-law, provided that such activity does not result in the permanent alteration of the existing grade of the land of the garden supply establishment. For this exemption to apply, the Owner must: (i) maintain records from the material source sites indicating that the imported Fill meets the requirements of the site condition standards for agricultural uses.",2022-05-31,,"https://www.wainfleet.ca/sites/24/files/2024-06/BL025-2022-Site-Alteration.pdf?field_types_target_id=63:~:text=THE%20CORPORATION%20OF%20THE%20TOWNSHIP,25%2C%20authorize",BY-LAW NO. 014-2016,No,,No,,No,Yes,Yes,No,"3 6. EXEMPTIONS 1. Notwithstanding section 5.10, a temporary exemption to own or possess or house more than three (3) dogs may be provided, upon Council approval, for compassionate reasons, working dogs or farming and/or herding dogs and must be applied for in writing to the Clerk.",2016-03-29,,https://www.wainfleet.ca/en/town-hall/resources/Documents/BL014-2016-Dog-Control-Bylaw-AS-AMENDED-by-BL041-2018-and-BL049-2019.pdf,,No,,,,,,,,,,,,,,YES,YES,NO,NO,YES,NO,https://www.wainfleet.ca/media/437
"Warwick, Tp",BY-LAW NUMBER 23 of 2023,Yes,"3.10 Other Exemptions/Reductions Notwithstanding the provision of this By-law, development charges shall not be imposed with respect to: • Non-residential farm buildings.  where “Farm building” means that part of a bona fide farming operation encompassing barns, silos, and other ancillary development to an agricultural use, but excluding a residential use and would include wholesale greenhouse facilities and structures;",2023-04-11,,https://www.warwicktownship.ca/en/our-government/resources/Documents/2023-By-Laws---By-Law-23-of-2023---Development-Charges-By-Law.pdf,,,,,,,,,,,,,BY-LAW NUMBER 93 of 2023,No,,No,,No,Yes,Yes,Yes,No,2023-09-11,,https://www.warwicktownship.ca/en/our-government/resources/Documents/By-law-93-of-2023---Responsible-Pet-Ownership-By-law-Animal-Control.pdf,Responsible Pet Ownership By-law,No,,,,,,,https://www.warwicktownship.ca/en/our-government/resources/Documents/By-law-93-of-2023---Responsible-Pet-Ownership-By-law-Animal-Control.pdf,,,,,,,NO,,,,,,
"Wasaga Beach, Tp",BY-LAW  2021-42,No,,2021-04-27,2026-05-24,https://www.wasagabeach.com/en/resources/Documents/-%20Bylaws%20and%20Policies/By-laws/Development%20Charge%20By-law%202021-42%20Town%20Wide.pdf,,,,,,,,,,,,,By-Law 2002-63,No,,No,,No,Yes,Yes,Yes,No,2002-11-12,,https://www.wasagabeach.com/en/town-and-government/resources/By-laws-and-Policies/Animal-Control-By-law.pdf,Animal Control By-law,No,,,,,,,https://www.wasagabeach.com/en/town-and-government/resources/By-laws-and-Policies/Animal-Control-By-law.pdf,BY-LAW 2019-82,Yes,3. EXEMPTIONS l) The destruction of trees occurring as an integral component of an active farm operation provided the trees are situated outside of areas designated as Part of the Natural Heritage System - Category 1 and Natural Heritage System - Category 2 lands;,2019-07-30,,,YES,YES,YES,NO,YES,YES,https://www.wasagabeach.com/en/resources/Documents/-%20Bylaws%20and%20Policies/By-laws/Exemption%20from%20Line%20Fences%20Act.pdf
"Waterloo, C",BY-LAW NO. 2019-064,No,,2019-12-16,,https://www.waterloo.ca/en/government/resources/Documents/By-law/Development-Charges-Bylaw-2019-064.pdf,By-Law No. 2020-058,No,,2020-09-21,,https://www.waterloo.ca/en/living/accounts-and-billing.aspxMonthly-stormwater-rates,Bylaw Number 2010 - 066,No,,2010-05-17,,https://www.waterloo.ca/en/living/site-alteration-bylaw.aspx,Bylaw Number 2009 - 047,No,,No,,No,Yes,Yes,Yes,No,2021-05-31,,https://www.city.waterloo.on.ca/en/living/animal-control-bylaw.aspx,By-law 2009-047Animal control By-law,Yes,,2021-05-31,,No,Yes,2;3;4,https://www.waterloo.ca/en/living/animals-and-pets.aspx?_ga=2.48218658.468852114.1711483154-1960759068.1705335888Hen-rules-and-regulations,Bylaw number: 2014 - 078,No,,2014-07-14,,https://www.waterloo.ca/en/living/city-tree-bylaw.aspx,YES,YES,YES,YES,YES,YES,https://www.waterloo.ca/en/living/fence-bylaw.aspx
"Waterloo, Regional M",By-Law Number 19-037,Yes,"Rules for the Application and Imposition of Development Charges: (4) This By-law does not apply to: (c) Development for any one or more of the following uses of land: (iii) Farming, excluding a Farm Occupation;  where ""Farming"" means the production of crops or the breeding, raising or maintaining of livestock, or both, and includes but is not limited to: (a) fur farming; (b) fruit and vegetable growing; (c) the keeping of bees; (d) fish farming; and (e) sod farming, and includes such buildings and structures located on a Farm that are designed and intended to be used solely for or in connection with: (i) storage or repair of farm equipment; (ii) storage of materials used in the production or maintenance of crops or livestock on the Farm; or (iii) storage of the products derived from the Farm’s production of crops or livestock.",2019-06-26,,https://www.regionofwaterloo.ca/en/doing-business/resources/Developmet-Charges-By-law-July-9-2019.pdf,,,,,,,,,,,,,,,,,,,,,,,,,,see local municipalities,,,,,,,,,BY-LAW NUMBER 08-026,No,,2008-06-18,,https://www.regionofwaterloo.ca/en/resources/Bylaws/By-law-08-026.PDF,NO,,,,,,
"Wawa, M",,,,,,,,,,,,,,,,,,,BY-LAW NO. 2512-11,No,,No,,No,Yes,Yes,No,NOT KNOWN,2011-11-01,,https://www.wawa.cc/en/your-government/resources/Documents/BL-2512-11-Dog-By-Law.pdf,Regulate Keeping of Animals,No,,,,,,,https://www.wawa.cc/en/your-government/resources/Documents/BL-891-93-Regulate-Keeping-of-Animals.pdf,BY-LAW NO.2674-13,No,,2013-04-16,,https://www.wawa.cc/en/your-government/resources/Documents/BL-2674-13-Planting-and-Trimming-of-Trees.pdf,NO,,,,,,
"Welland, C",BY-LAW NUMBER 2022 - 163,Yes,"22. This By-law shall not apply to: m) Agricultural development  where ""Agricultural Use"" means use or intended use for bona fide farming purposes: i. including but not limited to: 1. cultivation of crops, whether on open land or in greenhouses, including, but not limited, to fruit, vegetables, herbs, grains, field crops, sod, trees, shrubs, flowers and ornamental plants. 2. raising of animals, including, but not limited, to cattle, horses, pigs, poultry, livestock, fish, and 3. animal husbandry, dairying, equestrian activities, horticulture, fallowing, pasturing and market gardening ii. but excluding: 1. winery activities, retail sales activities, including, but not limited, to restaurants, banquet facilities, hospitality facilities and gift shops.",2022-08-18,2027-08-18,https://www.welland.ca/Bylaws/bylaw2022-163.pdf,,,,,,,BY -LAW NUMBER 2010- 81,No,,2010-06-15,,https://www.welland.ca/Bylaws/bylaw2010-88.pdf,BY-LAW NUMBER 2007-199,No,,No,,No,Yes,Yes,No,NOT KNOWN,2007-12-18,,https://www.welland.ca/Bylaws/Bylaw2007-199.pdf,,No,,,,,,,,,,,,,,YES,YES,NO,NO,NO,NO,https://www.welland.ca/bylaws/FenceBy-law2022-82.pdf
"Wellesley, Tp",BY-LAW NO. 48/2024,Yes,"3. APPLICATION OF DEVELOPMENT CHARGES 3.6 Subsection shall not apply to: d) an agricultural use;  where ""agricultural use"" means the use of land and buildings for apiaries, fish farming, animal husbandry or the cultivation of trees, shrubs, flowers, grains, sod, fruits, vegetables and other crops or ornamental plants;",2024-12-10,,https://www.wellesley.ca/media/dercjdqn/by-law-48-2024-a-by-law-to-improse-development-charges-in-the-corporation-of-the-township-of-wellesley.pdf,,,,,,,,,,,,,BY-LAW NO. 25/2022,No,,No,,No,Yes,Yes,Yes,NOT KNOWN,2022-07-05,,https://www.wellesley.ca/en/township-services/resources/By-laws/Dog-and-Dog-Kennel-By-law/C01---By-law-25-2022---Being-a-By-Law-to-Regulate-Dogs-and-Licence-Dog-Kennels-and-to-Repeal-By-Law-No.-37-2021.pdf,,No,,,,,,,,,,,,,,YES,YES,NO,NO,NO,NO,https://www.wellesley.ca/en/township-services/resources/By-laws/By-law-53-2017.pdf
"Wellington North, Tp",BY-LAW NUMBER 027-22(INCLUDING AMENDMENT IN BY-LAW 076-22)A By-law for the Imposition of Development Charge,Yes,"No twithstanding the provision of this by-law, development charges shall not be imposed with respect to: a) Bona fide farm uses used for farming purposes and includes ancillary agricultural uses such as non-residential accessory buildings or structures, storage buildings or structures and driving sheds, but does not include buildings or structures used for residential purposes;",2022-04-01,2027-03-31,https://www.wellington-north.com/sites/default/files/2022-08/By-law%20No.%20027-22%20CONSOLIDATED%20Development%20Charges%20By-law%20(002).pdf,,,,,,,,,,,,,BY-LAW NUMBER 004-17,Yes,"a dog that is specifically recognized and used to work and/or live with domestic farm animals, without causing them harm while aggressively repelling predators and is used exclusively for that purpose;",Other,"Farm Dog - shall mean a dog which is actively herding farm animals, such as cattle or sheep and such Dog is under the control of its Owner;",No,Yes,Yes,No,"106.2 No person or persons shall own, harbour or keep more than ten Dogs per dwelling unit in areas zoned agricultural.",2017-01-09,,https://www.wellington-north.com/sites/default/files/2021-12/dog-licencing-and-animal-control-by-law-004-17.pdf,,,,,,,,,,,,,,,,YES,YES,YES,YES,NO,NO,https://www.wellington-north.com/propertysafetyandguidelines
"Wellington, Co",By-law Number 5759-22Development Charge Bylaw,,,,,https://www.wellington.ca/en/government/resources/Budget_Finance_and_Taxes/FINAL-DC-By-law-5759-22.pdf,,,,,,,,,,,,,,,,,,,,,,,,,,,,,,,,,,,BY-LAW NUMBER 5115-09Forest Conservation By-law,7,"SEE SECTION 4K) the injuring or destruction of trees that is reasonably required in order to install a single lane driveway for vehicular access to a building or structure in respect of which a building permit has been issued;(n) the injuring or destruction of trees that are in a hazardous condition;(0) land previously cleared and used for agricultural purposes, which has become overgrown with young (less than 10 years old) early successional tree species (e.g. Sumac, Hawthorne, Apple, Scots Pine, Poplar, White Birch, Ash) and the land is intended to be used again as part of an agricultural operation (defined as land eligible for a Farm Business Registration Number);",2009-09-24,,https://www.wellington.ca/en/government/resources/Bylaw5115-09.pdf,NO,NO,,,,,
"West Elgin, M",,,,,,,,,,,,,,,,,,,By-Law No. 2020-74Animal Control By-law,No,,No,,No,Yes,Yes,No,"See Section 3.1A maximum number of three (3) dogs harboured at any one time in a dwelling unit, within West Elgin, with the following exceptions: a) A Municipally licenced kennel; b) An animal hospital; c) A pound or authorized facility; d) A pet store; e) A registered research facility or supply facility under the Animals for Research Act.",2020-10-22,,https://www.westelgin.net/en/living-here/resources/Documents/Animal-Control-By-Law.pdf,Exotic Animals By-law,No,,,,,,,https://www.westelgin.net/en/municipal-office/resources/Documents/Exotic-Animals.pdf,,Other,,,,,YES,NO,NO,YES,YES,NO,https://www.westelgin.net/en/municipal-office/resources/Documents/Boundary-Fences.pdf
"West Grey, M",By-law Number 31 - 2020,Yes,"Exemptions 3.3 This by-law shall not apply to lands that are owned by and used for the purposes of: (d) Non-residential buildings that are accessory to an agricultural operation;  where ""Agricultural use"" means the use of land and buildings for apiaries, fish farming, animal husbandry or the cultivation of trees, shrubs, flowers, grains, sod, fruits, vegetables and other crops or ornamental plants, but excludes marijuana;",2020-04-28,2025-04-28,https://www.westgrey.com/Modules/Bylaws/Bylaw/Download/cb251d53-7ea7-42dd-84e0-fb65823c2e86,,,,,,,BY-LAW 120-2018,No,,2018-10-15,,received by emailhttp://received by email,BY-LAW NUMBER 87 - 2009,No,,No,,No,Yes,Yes,No,none,2009-12-21,,https://www.westgrey.com/Modules/Bylaws/Bylaw/Download/2be947e9-8c2f-4e45-bdad-1e3b5fbff424,BY-LAW NUMBER 5 - 2020Keeping of Hens By-law,Yes,6,2020-01-28,,No,Yes,2;3;4,https://www.westgrey.com/Modules/Bylaws/Bylaw/Download/8364689b-8549-4dd4-85bb-5ccafcbc1fbe,,,,,,,YES,YES,YES,,,YES,https://www.westgrey.com/Modules/Bylaws/Bylaw/Details/453a9d60-3ee0-4862-8c7b-47a2788154ed
"West Lincoln, Tp",BY-LAW 2024-70,Yes,"3.7 Other Exemptionsc) agricultural uses; where ""agricultural use"" means use or intended use for bona fide farming purposes where the proposed development will qualify as a farm business operating with a valid FBRN issued by the OMA.",2024-10-29,2024-06-24,"https://www.westlincoln.ca/en/resourcesGeneral/By-Law-2024-70-Imposition-of-Development-Charges-signed.pdf:~:text=THE%20CORPORATION%20OF%20THE%20TOWNSHIP,will%20experience%20growth%20through%20development",,,,,,,BY-LAW 2016-41,Yes,"Part V- EXEMPTIONS 12. (i) A Permit is not required for: a) A Site Alteration involving an amount of Fill less than five hundred (500) cubic metres on a Lot within any one year period, for improved agricultural compatibility on agricultural lands or accessory to the permitted main use on other lands in the Township.",2016-06-27,,https://www.westlincoln.ca/en/resources/Site-Alteration-By-law-consolidated-no-fees.pdf,BY-LAW 2023-54,Yes,a dog that works and/or lives with domestic farm animals to protect them while repelling predatores and is used exclusively for that purpose;,No,,No,Yes,Yes,Yes,NOT KNOWN,2023-07-17,,https://www.westlincoln.ca/en/township-office/resources/By-law-2023-54---To-Regulate-Animal-Care-and-Control-Within-the-Township-of-West-Lincoln.pdf,Animal Care and Control By-law,No,,,,,,,https://www.westlincoln.ca/en/township-office/resources/By-law-2023-54---To-Regulate-Animal-Care-and-Control-Within-the-Township-of-West-Lincoln.pdf,,,,,,,YES,YES,NO,YES,YES,NO,https://www.westlincoln.ca/en/build-and-invest/resources/Fence-By-law.pdf
"West Nipissing, M",,,,,,,,,,,,,,,,,,,BY-LAW 2020/67,No,,No,,No,Yes,Yes,No,"none 5 for (agricultural and rural zones),exemption for vi) farm Dogs or farm Cats",2020-12-17,,https://www.westnipissing.ca/wp-content/uploads/2020/12/2020-67-Animal-Control-By-law-dogs-cats-Final-_-Nov-17-2020-003.pdf,,No,,,,,,,,,,,,,,YES,YES,NO,YES,YES,NO,https://www.westnipissing.ca/wp-content/uploads/2020/04/2009-38-Fences-WEB-EN.pdf
"West Perth, M",By-law 63-2024,Yes,"no development charge for ""bona fide farm uses""",2024-11-25,,https://www.westperth.com/en/resourcesGeneral/63-2024---DC-By-law.pdf,,,,,,,,Yes,,,,,By-Law 17-2017,No,,No,,No,Yes,Yes,No,"412.4 The three (3) dog limit in an urban zone and four (4) dog limit in a rural zone shall apply where the dog is a domestic pet and is not belonging to a kennel for the purposes of breeding, boarding or sporting/hunting.",2017-02-27,,https://www.westperth.com/en/municipal-office/resources/17-2017-Keeping-of-Dogs-and-Licencing-of-Kennels.pdf,,,,,,,,,,By-law No. 49-2022 Destruction or Injuring of Trees Bylaw,Yes,"See Section 3 for woodlot exceptions, see Section 6, part 12 (pg 8) for farm exemptions.Trees next to woodlot can be cut with some exceptions, and providedd the area to be cleared is inspected, approved and marked by an issuing officer",2021-11-02,,https://www.perthsouth.ca/en/resources/3557-2016-Destruction-or-Injuring-of-Trees.pdf,YES,NO,NO,YES,YES,NO,https://www.westperth.com/en/municipal-office/resources/By-laws/048-2006---Building-and-Maintaining-Privacy-Fence-on-Residentail-Property.pdf
"Westport, Tp",,,,,,,,,,,,,,,,,,,By-law Number 85-12,No,,No,,No,Yes,Yes,No,noe,1995-09-30,,https://villageofwestport.ca/wp-content/uploads/attachments/54980e_ec44998d0b624e319602f411c703d3b9.pdf,,,,,,,,,,,,,,,,YES,YES,NO,YES,YES,NO,https://villageofwestport.ca/wp-content/uploads/attachments/07b92f_d389720635af4f888f6c7ac03f71d814.pdf
"Whitby, Tp",By-law  7748-21,Yes,"Exemptions 12. (1) Notwithstanding the provisions of this by-law, development charges shall not be imposed under this by-law respecting: (a) the development of a non-residential farm building used for a bona fide farm use;  where “bona fide farm use” means the proposed development will qualify as a farm business operating with a valid Farm Business Registration Number issued by the Ontario Ministry of Agriculture, Food and Rural Affairs and be assessed in the Farmland Realty Tax Class by the Municipal Property Assessment Corporation, but “bona fide farm use” shall not include the growing of cannabis, cannabis production facilities, or any other cannabis operations;",2021-05-17,2026-06-01,https://www.whitby.ca/Modules/Bylaws/Bylaw/Download/ec851cee-0cec-416d-9591-17bec08070b6,,,,,,,By-law  7425 -18,No,,2018-06-25,,https://www.whitby.ca/Modules/Bylaws/Bylaw/Download/67fcc688-1dbd-4569-a65c-f88565f15a32,By-law  7861-22,No,,No,,No,Yes,Yes,No,"24.7. No person, being the owner, tenant or occupant of a dwelling unit shall own or harbour, or permit to be kept, owned or harboured more than 2 dogs in or about the dwelling unit.",2017-06-26,,https://www.whitby.ca/Modules/Bylaws/Bylaw/Download/4a412c83-1d1e-48a0-ad52-14f9489f4a2f,Prohibited and Regulated Animals By-law,No,,,,,,,https://www.whitby.ca/Modules/Bylaws/Bylaw/Download/0c454dec-4fcb-4712-ba96-7661d966e0c3,By-Law No. 4640-00,Yes,the destruction of trees occurring as an integral component of an active farm operation provided the trees are situated outside of areas designated Hazard Land on Schedule A of the official plan and outside of areas shown as “Mature Woodlands” or “Environmentally Sensitive Areas” on Schedule C of the official plan;,2000-06-20,,https://www.whitby.ca/Modules/Bylaws/Bylaw/Download/b8473144-d5ee-4a71-88da-8dbf7d23fe2b,YES,YES,YES,YES,YES,YES,https://www.whitby.ca/Enforcement-Services-Applications/Division-Fence-By-law-3657-95.pdf
"Whitchurch-Stouffville, Tp",BY-LAW NUMBER 2023-143-F,Yes,"3.9 Other Exemptions(a) The development of non-residential farm buildings constructed for an agricultural use.  ""agricultural use"" means use or intended use for bona fide farming purposes: (a) including (but not limited to):(i) cultivation of crops, whether on open land or in greenhouses, including (but not limited to) fruit, vegetables, herbs, grains, field crops, sod, trees, shrubs, flowers, and ornamental plants; (ii) raising of animals, including (but not limited to) cattle, horses, pigs, poultry, livestock, fish; (iii) agricultural animal husbandry, dairying, equestrian activities, horticulture, fallowing, pasturing, and market gardening; and (iv) services related to the boarding or breeding of household pets. (b) but excluding: (i) retail sales activities; including but not limited to restaurants, banquet facilities, hospitality facilities and gift shops; (ii) services related to grooming of household pets",2018-12-11,,https://whitchurch.civicweb.net/filepro/documents/107803/?preview=109280,,,,,,,BY-LAW NUMBER 2024-037-RE,No,,2024-01-01,,https://whitchurch.civicweb.net/filepro/documents/180253/?preview=184502,BY-LAW NUMBER 2019-047-RE,No,,No,,No,Yes,Yes,No,"3 if not agricultural/rural zone, otherwise none1. No owner(s) or tenant(s) within any residential, commercial, industrial, or institutional zoned property in the Town shall Keep more than three (3) Dogs per property or in the case of a multi-residential apartment building, per unit. This section does not apply to the following:e) All other zoned property",2019-04-02,,https://whitchurch.civicweb.net/filepro/documents/?preview=108566,,,,,,,,,,BY-LAW NUMBER 2023-060-RE,No,,2023-06-07,,https://whitchurch.civicweb.net/filepro/documents/search/?keywords=tree&amp;location=107803&amp;preview=176664,YES,YES,NO,NO,NO,NO,"https://www.buildingexpertscanada.com/assets/docs/POOL_PERMIT_STOUFVILLE.8364323.pdf:~:text=Experts%20www.buildingexpertscanada.com%20%20This%20By,Stouffville%2C%20as%20well%20as%20the"
"White River, Tp",,,,,,,,,,,,,,,,,,,,,,,,,,,,,,,,,,,,,,,,,,,,,,,NO,NO,,,,,
"Whitestone, M",,,,,,,,,,,,,,,,,,,BY-LAW 17-2022,No,,No,,No,Yes,Yes,No,"4 if in a residential or waterfront zone, otherwise none5.9 There shall be a maximum of 4 dogs per residence permitted in a residential or waterfront zone.",2022-03-15,,https://whitestone2023.municipalwebsites.ca/ckfinder/connector?command=Proxy?=en&amp;type=Files&amp;currentFolder=%2F&amp;hash=c245c263ce0eced480effe66bbede6b4d46c15ae&amp;fileName=17-2022.pdf,,,,,,,,,,,,,,,,NO,NO,,,,,
"Whitewater Region, Tp",By-law Number 21-05-1382,Yes,"3.10 Other Exemptions: Notwithstanding the provision of this by-law, development charges shall not be imposed with respect to: (b) bona fide farm uses and buildings, as defined by this By-law, are wholly exempted from the development charges imposed pursuant to this by-law.  where “Bona fide farm uses” means the proposed development that will qualify as a farm business operating with a valid Farm Business Registration Number issued by the Ontario Ministry of Agriculture, Food and Rural Affairs and be assessed in the Farmland Realty Tax Class by the Municipal Ontario Property Assessment Corporation;",2021-05-05,2026-06-30,https://www.whitewaterregion.ca/download.php?dl=YToyOntzOjI6ImlkIjtzOjM6IjM3NiI7czozOiJrZXkiO2k6Mjt9,,,,,,,,,,,,https://timmins.civicweb.net/filepro/document/20697/Site%20Alteration%20By-Law.pdf,By-law Number 20-07-1308,No,,No,,No,Yes,Yes,No,33.2 No more than a maximum of three (3) dogs are permitted per household and all must be licensed.,2020-06-17,,https://www.whitewaterregion.ca/userfiles/file/20-07-1308%20Animal%20Control.pdf,By-law Number 20-06-1308Animal Control By-law,Yes,,2020-06-17,,No,Yes,2;3;4;5,https://www.whitewaterregion.ca/download.php?dl=YToyOntzOjI6ImlkIjtzOjM6IjI1OCI7czozOiJrZXkiO2k6MTt9,,,,,,,NO,NO,,,,,
"Wilmot, Tp",BY-LAW NUMBER 2021-38,Yes,"3.9 Other Exemptions: Notwithstanding the provision of this by-law, development charges shall not be imposed with respect to: (d) Farming, excluding a Farm Occupation.  where “Farming” means the production of crops or the breeding, raising or maintaining of livestock, or both",2019-08-26,2024-08-31,https://www.wilmot.ca/en/doing-business/resources/Documents/Wilmot-DC-By-LAw-Consolidated-Version.pdf,,,,,,,,,,,,,BY-LAW NO. 2023-11,Other,"Farm Dog – means a dog whose role is to actively heard/guard livestock, such as cattle or sheep, on an agricultural property;",No,,No,Yes,Yes,No,"3, can appeal(ii) A farm property owner, who is actively using Farm Dogs to tend to livestock, may seek an exemption to part 13.1 of the Dog and Kennel By-law in writing to the Manager of Municipal Law Enforcement to consider having more than three (3) dogs registered on the property.",2023-03-06,,https://www.wilmot.ca/en/resourcesGeneral/By-Law-2023-11-Repeal-and-Replace-Dog---Kennell-ByLaw.pdf,"BY-LAW NO. 2023-19Animal Control By-law, Excluding Dogs",Yes,,2023-04-17,,No,Yes,NOT KNOWN,https://www.wilmot.ca/en/township-office/resources/Documents/By-Laws/By-Law-2023-19-Being-a-By-Law-to-Regulate-the-Prohibition-or-Restrtiction-of-Exotic-Animals.pdf,,,,,,,YES,YES,NO,NO,NO,NO,https://www.wilmot.ca/en/doing-business/resources/Documents/By-law-2009-36.pdf
"Windsor, C",BY-LAW NUMBER 1-2021,No,,2021-01-18,2026-01-18,https://www.citywindsor.ca/cityhall/By-laws-Online/Documents/By-law%201-2021.pdf,BY-LAW NUMBER 171-2024,No,,2024-11-25,,https://www.citywindsor.ca/documents/city-hall/by-laws-online/171-2024%20(Stormwater%20Service%20Charges).pdf,BY-LAW NUMBER 6938,No,,1981-05-04,,https://www.citywindsor.ca/cityhall/By-laws-Online/Documents/By-law%206938.pdf,"BY-LAW NUMBER 245 -2004 (registering and licensing of dogs)BY-LAW NUMBER 8156 (prohibiting, regulating, restricting of animals)",No,,No,,No,Yes,Yes,No,"none, 3 otherwiseSECTION 5 (5) more than three (3) dogs. 11. Sections 5 and 6 of this by-law shall not apply to: (5) any person who keeps animals in an agricultural area",2004-09-27,,https://www.citywindsor.ca/cityhall/By-laws-Online/Documents/By-law%20245-2004.pdf,Kepeing of Animals,No,,,,,,,https://www.citywindsor.ca/cityhall/By-laws-Online/Documents/By-Law-8156.pdf,,,,,,,YES,YES,NO,NO,YES,NO,https://www.citywindsor.ca/documents/city-hall/by-laws-online/fence%20by-law%20170-2012.pdf
"Wollaston, Tp",,,,,,,,,,,,,,,,,,,By-Law 27-09,No,,No,,No,Yes,Yes,No,NOT KNOWN,2009-03-04,,https://wollaston.ca/wp-content/uploads/2019/01/By-Law-27-09.pdf,,,,,,,,,,BY-LAW NO. 12-19,No,,2019-02-19,,https://wollaston.ca/wp-content/uploads/2023/07/2019-0012-Policy-to-Protect-Enhance-the-Tree-Canopy-and-Natural-Vegetation-in-the-Municipality.pdf,NO,NO,,NO,,,
"Woodstock, C",BY-LAW NUMBER 9538-22,Yes,"OTHER EXEMPTIONS FROM DEVELOPMENT CHARGES 6. (1) Notwithstanding any other provision of this By-law, development charges shall not be imposed with respect to (d) farm buildings as defined herein; where “Farm Building” means a Building or structure associated with and located on land devoted to the practice of farming and that is used essentially for the housing of farm equipment or livestock, or the production, storage or processing of agricultural and horticultural produce or feeds, and as part of or in connection with a bona fide farming operation and includes barns, silos and other buildings or structures ancillary to that farming operation. Excludes residential use.",2022-06-16,,https://www.cityofwoodstock.ca/en/resourcesGeneral/PDFs/Engineering/ReportsStudies/Development-Charges-Study/9538-22-A-by-law-to-establish-development-charges.pdf,,,,,,,,,,,,,AnimalsChapter 212 Dog – Cat Regulation,No,,No,,No,Yes,Yes,Yes,NOT KNOWN,2021-08-12,,https://www.cityofwoodstock.ca/en/resourcesGeneral/PDFs/Clerks/Bylaws/Animals/Chapter-0212---Dog-Registration-Regulation.pdf,Woodstock Municipal CodeChapter 0232 Fowl - Pigeons,No,,,,,,,https://www.cityofwoodstock.ca/en/resourcesGeneral/PDFs/Clerks/Bylaws/Animals/Chapter-0232---Fowl---Pigeons-Live-Stock---Keeping.pdf,Chapter 762 Trees - Protection,No,,2022-05-05,,https://www.cityofwoodstock.ca/en/resourcesGeneral/PDFs/Clerks/Bylaws/PropertyMaintenance/Chapter-0762---Trees---Protection.pdf,YES,YES,YES,YES,YES,YES,https://www.cityofwoodstock.ca/en/resourcesGeneral/PDFs/Clerks/Bylaws/PropertyMaintenance/Chapter-0722---Fence---Height---Description.pdf
"Woolwich, Tp",By-law No. 39-2024,Yes,"3.11 Other Exemptions: Notwithstanding the provision of this by-law development charges shall not be imposed with respect to c) The development of non-residential farm buildings constructed for bona-fide farm uses except for any building constructed to accommodate an On-Farm Business which shall be considered to be an industrial building.  where “bona fide farm uses"" means the proposed development will qua lify as a farm business operating with a valid Farm Business Registration Number issued by the Ontario Ministry of Agriculture, Food and Rural Affairs and be assessed in the Farmland Realty Tax Class by the Ontario Property Assessment Corporation ;",2024-07-02,,"https://www.woolwich.ca/media/crykrumt/39-2024-a-by-law-for-the-imposition-of-development-charges.pdf:~:text=By,development%3B%20and",,,,,,,By-law No. 51-2024,Yes,"Exemptions 7. In accordance with section 142 (5) and 142 (6) of the Municipal Act, this bylaw does not apply to: the removal of Topsoil as an incidental part of a normal agricultural practice as defined in the Farming and Food Production Protection Act, 1998, S.O. 1998, c.1., including such harvesting or removal as an incidental part of sod-farming, greenhouse operations and nurseries for horticultural products; i. the exception in Part III Section 7 (h) respecting the removal of Topsoil as an incidental part of a normal agricultural practice does not include the removal of Topsoil for sale, exchange or other disposition;",2024-08-24,,"https://www.woolwich.ca/media/2dcf2g5q/51-2024-a-by-law-to-prohibit-or-regulate-site-alteration.pdf:~:text=By,law%20is%20for%20convenient",By-law No. 31-2018,No,,No,,No,Yes,Yes,Yes,NOT KNOWN,2018-05-01,,https://www.woolwich.ca/en/township-services/resources/By-laws/AODA--2021/By-law_31-2018_-_Animal_Control_By-law_-_Website.pdf,,No,,,,,,,,BY-LAW NUMBER 08-026,No,,2008-06-18,,https://www.regionofwaterloo.ca/en/resources/Bylaws/By-law-08-026.PDFhttps://www.regionofwaterloo.ca/en/resources/Bylaws/By-law-08-026.PDF,YES,YES,NO,YES,YES,NO,
"York, Regional M",By-Law Number 2022-31,Yes,"Exemptions3.5.1 Notwithstanding the provisions of this bylaw, but subject to subsection 3.5.2, development charges shall not be imposed or may be deferred, on terms and conditions, satisfactory to the Region, with respect to:(g) agricultural uses; where “agricultural use” means lands, buildings or structures, excluding any portion thereof used as a dwelling unit, used or designed or intended for use for the purpose of a bona fide farming operation including, but not limited to, animal husbandry, dairying, livestock, fallow, field crops, removal of sod, forestry, fruit farming, horticulture, market gardening, pasturage, poultry keeping, equestrian facilities and any other activities customarily carried on in the field of agriculture;",2022-05-26,2027-06-16,https://www.york.ca/yorkregion/bylaws/development-charges-bylaw,,,,,,,,,,,,,,,,,,,,,,,,,,,,,,,,,,,BYLAW NO. 2013-68,No,,2013-09-26,,given by emailhttp://given by email,NO,NO,,,,,
"Zorra, Tp",BY-LAW NO. 30-24,Yes,"3.0. Applicable Lands 3.3. This by-law shall not apply to: (a) Farm Buildings as defined herein;  where “Farm Building” means a Building or structure associated with and located on land devoted to the practice of farming and that is used essentially for the housing of farm equipment or livestock or the production, storage or processing of agricultural and horticultural produce or feeds and as part of or in connection with a bona fide farming operation and includes barns, silos and other buildings or structures ancillary to that farming operation, but excludes a Residential Use",2024-06-19,,"https://www.woolwich.ca/media/crykrumt/39-2024-a-by-law-for-the-imposition-of-development-charges.pdf:~:text=By,development%3B%20and",BY-LAW No 12-23,Yes,EXEMPTIONS : 2) aAgricultural lands,2023-07-01,,https://zorra.ca/assets/documents/2023-19-Establish-Stormwater-Management-Utility-and-Provision-of-Rates.pdf,BY-LAW NO. 49-03,No,,2003-09-30,,https://www.zorra.ca/en/our-township/resources/By-Law-Policies/49-03-Site-Alteration-By-law.pdf,By-law 43-15,No,,No,,,Yes,Yes,No,"3+2.4 More than three (3) dogs may be kept on a property, subject to the classification of each additional dog as a livestock guardian or herding dog, as established by the following criteria: (Added by By-law 39-23) (a) The person is keeping sheep (or other livestock) upon the same premises; (b) The premises is on land that is zoned rural and agricultural; (c) The person provides proof of producer registration issued in the name recorded by the Ontario Sheep Farmers, Beef Farmers of Ontario, Ontario Goat; and (d) That the dogs are livestock guardian dogs and or herding dogs",2023-08-02,,https://www.zorra.ca/en/our-township/resources/By-Law-Policies/43-15-Animal-Control-By-Law-Consolidated.pdf,,,,,,,,,,By-law 13-19,No,,2019-04-03,,https://www.zorra.ca/en/our-township/resources/By-Law-Policies/13-19-Tree-By-law-CONSOLIDATED.pdf,NO,NO,,,,,
