muni_id,municipality,tier,region,website,bylaw_id,bylaw_name,bylaw_link,date_enacted,expiry_date,progress_label,other_notes,exemption_status,exemption_wording,detail_id,farm_exemption,special_provision,guidelines_wording,exception_wording
4,Adelaide-Metcalfe,Lower Tier,Middlesex,http://www.adelaidemetcalfe.on.ca/siteengine/acti,24,,,,,COMPLETE,,N/A,,4,N/A,N/A,,
5,Adjala-Tosorontio,Lower Tier,Simcoe,https://www.adjtos.ca/en/index.aspx,31,By-law 20-47,https://adjtos.ca/wp-content/uploads/2025/08/By-law-20-47-Site-Alteration-and-Fill-By-law-Consolidated.pdf,,,COMPLETE - FARM FRIENDLY,"""Agricultural"" shall mean land, buildings or structures used by a farming business registered under the Farm registration and Farm Organization Funding Act, 1993, Chapter 21, for the purpose of beekeeping, field crops, forestry, horticulture, pasturage, raising of livestock, cannabis, or any other farming use. Within the Oak Ridges Moraine Area, agricultural, shallmean, a) Growing crops, including nursery and horticultural crops, b) Raising livestock; c) Raising other animals, including poultry and fish, for food, fur or fibre d) Aquaculture, and e) Agroforestry and maple syrupproduction",Yes,,5,Yes,,,"Except as provided in Section 4, this By-law shall not apply to the following, notwithstanding requirements of 0. Reg 406/19: a) Any work constituting tillage of land pursuant to normal agricultural practices by a bona fide farmer, b) The removal of topsoil as an incidental part of a normal agricultural practice including such removal as an incidental part of sod-farming, greenhouse operations and nurseries for horticultural products; (Municipal Act, 2001, Section 142 (6)) provided: i) The exception in 5.1 (b) respecting the removal of topsoil as an incidental part of a normal agricultural practice does not include the removal of topsoil for sale, exchange or other disposition; (Municipal Act, 2001, Section 142 (7))."
6,Admaston-Bromley,Lower Tier,Renfrew,http://www.admastonbromley.com/,38,,,,,COMPLETE,,,,6,,,,
7,Ajax,Lower Tier,Durham,http://www.ajax.ca/en/,45,38-2021,"https://www.ajax.ca/Modules/bylaws/Bylaw/Download/f6898631-32b9-4ad8-803f-a43a1c61b734#:~:text=BY,or%20dumping%20of%20fill%2C%20the",2021-06-01,,COMPLETE,"“agricultural practices” means cultivating land for agricultural purposes, including sod-farming, greenhouse operations, nurseries for horticultural products and the raising of livestock.",Yes,,7,Yes,,,"This By-law shall not apply to: (f) The removal of topsoil as an incidental part of normal agricultural practices, but not including the removal of topsoil for sale, exchange or other disposition."
8,Alberton,Single Tier,Rainy River,http://www.alberton.ca/,52,,,,,NO BY-LAW IN PLACE,,,,8,,,,
9,Alfred and Plantagenet,Lower Tier,Prescott and Russell,http://www.alfred-plantagenet.com/en,59,,,,,COMPLETE,,,,9,,,,
10,Algonquin Highlands,Lower Tier,Haliburton,http://www.algonquinhighlands.ca/,66,,,,,COMPLETE,,,,10,,,,
11,Alnwick-Haldimand,Lower Tier,Northumberland,http://www.alnwickhaldimand.ca/,73,BY-LAW NO. 55-2011,given by email#http://given by email,2011-04-20,,COMPLETE,,No,to prohibit or regulate the placing or dumping of fill or the alteration of the grade of land,11,No,No,to prohibit or regulate the placing or dumping of fill or the alteration of the grade of land,
12,Amaranth,Lower Tier,Dufferin,http://www.amaranth.ca/en/index.aspx,80,BY-LAW NUMBER 65-2009,https://www.amaranth.ca/en/municipal-government/resources/By-laws/Site-Alteration-Office-Consolidation---November-2017.pdf,2009-12-09,,COMPLETE,,No,,12,No,No,,
13,Amherstburg,Lower Tier,Essex,http://www.amherstburg.ca/,87,BY-LAW NO. 2025-033,"https://pub-amherstburg.escribemeetings.com/filestream.ashx?DocumentId=19968#:~:text=THE%20CORPORATION%20OF%20THE%20TOWN,IN%20THE%20TOWN%20OF%20AMHERSTBURG",2025-05-01,,COMPLETE,"“Agricultural” means the cultivation of land, the production of crops and the selling of such product on the premises, and the breeding and care of livestock and the selling of such livestock or the product of such livestock raised on the premises, and without limiting the generality of the foregoing includes aviaries, apiaries, fish farming, animal husbandry, and the raising and harvesting of field, bush, or tree crops, market gardening, nurseries, greenhouses and an accessory air strip. However, “Agricultural” use does not include facilities for the permanent or temporary housing of persons employed on the lot, an abattoir or any premises used for the killing of livestock or the processing of meat.",Yes,"2.9 No Person shall undertake, cause, or permit any Site Alteration and Movement of Fill on any Property unless the activity is in accordance with: a) The Zoning By-Law No. 1999-52, as amended; b) The requirements of a Conservation Authority; and c) All other laws, policies and By-laws.",13,Yes,N/A,"2.9 No Person shall undertake, cause, or permit any Site Alteration and Movement of Fill on any Property unless the activity is in accordance with: a) The Zoning By-Law No. 1999-52, as amended; b) The requirements of a Conservation Authority; and c) All other laws, policies and By-laws.","Site Alterations incidental to a Normal Farm Practice that is legally established under the Town’s Zoning By-law, including the application of Topsoil for spreading over Agricultural Property provided that the Existing Grade of the Property is not increased by more than 200 millimetres at any given point. This exception is only available to those Owners or Properties that have an active registration as a ""farming business"" as defined in the Farm Registration and Farms Organization Funding Act (""FRFOFA""), and are in good standing under the FRFOFA"
14,Armour,Single Tier,Parry Sound,http://www.armourtownship.ca/,94,BY-LAW #41-2010,https://irp-cdn.multiscreensite.com/20e551fd/files/uploaded/Bylaw-Site_Alteration.pdf,2010-10-12,,COMPLETE,Expiry date unknown.,No,,14,No,No,,
15,Armstrong,Single Tier,Timiskaming,http://www.armstrongtownship.com/,101,,,,,COMPLETE,,,,15,,,,
16,Arnprior,Lower Tier,Renfrew,http://www.arnprior.ca/,108,,,,,COMPLETE,,,,16,,,,
17,Arran-Elderslie,Lower Tier,Bruce,http://www.arran-elderslie.com/,115,,,,,COMPLETE,,,,17,,,,
18,Ashfield-Colborne-Wawanosh,Lower Tier,Huron,http://www.acwtownship.ca/,122,BY-LAW NUMBER 28-2023,https://acwtownship.ca/content/government/by-laws/building-and-property/28-2023-site-alteration-by-law.pdf,2023-03-20,,COMPLETE,,Yes,,18,Yes,No,,"2.2 This By-law does not apply to: (g) Agricultural Lands ""agricultural lands"" includes all lands designated as an agricultural zone under the provisions of the Town's zoning By-law;"
19,Asphodel-Norwood,Lower Tier,Peterborough,http://www.asphodelnorwood.com/,129,,,,,COMPLETE - FARM FRIENDLY,,,,19,,,,
20,Assiginack,Single Tier,Manitoulin,http://www.assiginack.ca/,136,,,,,COMPLETE,,,,20,,,,
21,Athens,Lower Tier,Leeds and Grenville,http://www.athenstownship.ca/,143,,,,,COMPLETE,,,,21,,,,
22,Atikokan,Single Tier,Rainy River,http://www.atikokan.ca/siteengine/activepage.asp,150,,,,,COMPLETE,,,,22,,,,
1,Augusta,Lower Tier,Leeds and Grenville,http://www.augusta.ca/,3,,,,,COMPLETE,,,,1,,,,
2,Aurora,Lower Tier,York,https://www.aurora.ca/en/index.aspx,10,By-law Number 6226-19,https://records.aurora.ca/WebLink/edoc/17807/BYLAW%20-%20Site%20Alteration%20Bylaw%20-%2020191210%20-%20622619.pdf?dbid=0&repo=Public,2019-12-10,,COMPLETE,,Yes,"to regulate the removal of topsoil, the placing or dumping of fill and the alteration of the grade of land.",2,Yes,No,"to regulate the removal of topsoil, the placing or dumping of fill and the alteration of the grade of land.","6. EXEMPTIONS c) removal of topsoil as an incidental part of agricultural use, including such removal as an incidental part of sod-farming, greenhouse operations and nurseries for horticultural products."
23,Aylmer,Lower Tier,Elgin,http://www.aylmer.ca/,157,BY-LAW NUMBER 45-23,https://aylmer.ca/wp-content/uploads/2023/07/Town-Of-Aylmer-Site-Alteration-By-Law.pdf,2023-07-12,,COMPLETE,Only draft has been uploaded.,No,"BEING A BY-LAW TO PROHIBIT AND REGULATE THE PLACING OR DUMPING OF FILL, REMOVAL OF TOPSOIL, AND THE ALTERATION OF THE GRADE OF LAND IN THE TOWN OF AYLMER",23,No,No,"BEING A BY-LAW TO PROHIBIT AND REGULATE THE PLACING OR DUMPING OF FILL, REMOVAL OF TOPSOIL, AND THE ALTERATION OF THE GRADE OF LAND IN THE TOWN OF AYLMER",
24,Baldwin,Single Tier,Sudbury,https://www.baldwin.ca/,164,,,,,NO BY-LAW IN PLACE,,,,24,,,,
25,Bancroft,Lower Tier,Hastings,http://www.bancroft.ca/,171,,,,,COMPLETE - FARM FRIENDLY,,,,25,,,,
26,Barrie,Single Tier,Simcoe,http://www.barrie.ca/Pages/default.aspx,178,By-law 2014-100,https://www.barrie.ca/media/3973,2014-08-25,,COMPLETE,"NAP acknowledged. 5. PROHIBITIONS 5.7 No Site Alteration shall occur on any lands zoned Agricultural unless the owner provides a certificate, signed by a qualified person, confirming that the site aleration will result in maintaining or imporving the overall fertility of the agricultural lands.",No,"to prohibit and regulate the placing or dumping of fill, the removal of topsoil, and the alteration of the grade of land.",26,No,No,"to prohibit and regulate the placing or dumping of fill, the removal of topsoil, and the alteration of the grade of land.",
27,Bayham,Lower Tier,Elgin,http://www.bayham.on.ca/siteengine/activepage.asp,185,,,,,COMPLETE,,,,27,,,,
28,Beckwith,Lower Tier,Lanark,http://www.twp.beckwith.on.ca/,192,,,,,COMPLETE - FARM FRIENDLY,,,,28,,,,
29,Belleville,Single Tier,Hastings,http://www.belleville.ca/,199,,,,,COMPLETE,,,,29,,,,
30,Billings,Single Tier,Manitoulin,http://www.billingstwp.ca/,206,,,,,COMPLETE,,,,30,,,,
31,Black River-Matheson,Single Tier,Cochrane,http://www.blackriver-matheson.com/,213,,,,,NO BY-LAW IN PLACE,,,,31,,,,
32,Blandford-Blenheim,Lower Tier,Oxford,http://www.blandfordblenheim.ca/,220,BY-LAW NUMBER 1915-2015,https://www.blandfordblenheim.ca/en/township/resources/By-Laws/1915-2015RegulateFillCouncilJuly82015.pdf,2015-07-08,,COMPLETE - FARM FRIENDLY,,No,"A BY-LAW TO PROHIBIT AND REGULATE THE PLACING OR DUMPING OF FILL, THE REMOVAL OF TOPSOIL AND THE ALTERATION OF THE GRADE OF LAND IN THE TOWNSHIP OF BLANDFORD-BLENHEIM",32,No,No,"A BY-LAW TO PROHIBIT AND REGULATE THE PLACING OR DUMPING OF FILL, THE REMOVAL OF TOPSOIL AND THE ALTERATION OF THE GRADE OF LAND IN THE TOWNSHIP OF BLANDFORD-BLENHEIM",
33,Blind River,Single Tier,Algoma,http://www.blindriver.com/site/welcome/,227,,,,,COMPLETE,,,,33,,,,
34,Bluewater,Lower Tier,Huron,http://www.town.bluewater.on.ca/,234,,,,,COMPLETE,,,,34,,,,
35,Bonfield,Single Tier,Nipissing,https://www.bonfieldtownship.com/,241,,,,,COMPLETE,,,,35,,,,
36,Bonnechere Valley,Lower Tier,Renfrew,http://www.bonnecherevalleytwp.com/,248,,,,,COMPLETE,,,,36,,,,
37,Bracebridge,Lower Tier,Muskoka,http://www.bracebridge.ca/,255,,,,,COMPLETE,,,,37,,,,
38,Bradford West Gwillimbury,Lower Tier,Simcoe,https://www.townofbwg.com/,262,By-Law 2017-33,https://www.townofbwg.com/en/town-hall/fill-and-site-alteration-by-law-2017-33.aspx#18-Force-and-Effect,2017-04-04,2027-04-04,COMPLETE,,No,"to prohibit or regulate the placing or dumping of fill, prohibiting and to regulate the site alteration of the grade of land in any defined area or on any class of land in the municipality, and requiring that a permit be obtained for the placing or dumping of fill or the site alteration of the grade of land;",38,No,No,"to prohibit or regulate the placing or dumping of fill, prohibiting and to regulate the site alteration of the grade of land in any defined area or on any class of land in the municipality, and requiring that a permit be obtained for the placing or dumping of fill or the site alteration of the grade of land;",
39,Brampton,Lower Tier,Peel,http://www.brampton.ca/en/pages/welcome.aspx,269,By-law 119-2024,https://www.brampton.ca/EN/City-Hall/Bylaws/All%20Bylaws/Site%20Alteration%20By-law.pdf,2024-07-10,,COMPLETE,,Yes,To prohibit or regulate the placing or dumping of fill,39,Yes,No,To prohibit or regulate the placing or dumping of fill,The by-law excludes statutory exemptions and activities involving limited topsoil replacement for agriculture.
40,Brant,Single Tier,Brant,http://www.brant.ca/,276,BY-LAW NUMBER 87-24,"https://www.brant.ca/en/bylaws-and-animal-services/resources/Documents/2024-09-24-Site-Alteration-Bylaw-Update.pdf#:~:text=%5BPDF%5D%202024%2009%2024%20Site,2%29%20of%20the",2024-09-24,,COMPLETE,"Agricultural Lands includes all lands that are used by a farming business registered under the Farm Registration and Farm Organizations Funding Act, 1993, S.O. 1993, c.21 as amended, for growing of crops, including nursery and horticultural crops, raising livestock, raising of other animals for food, fur or fibre, including poultry and fish, aquaculture, apiaries, agro-forestry and maple syrup production; Agricultural Operation has the same meaning as under the Farming and Food Protection Act, 1998, which is, for ease of reference, an agricultural, aquacultural, horticultural or silvicultural operation that is carried on in the expectation of gain or reward Normal Farm Practice has the same means as under the Farming and Food Production Protection Act, 1998 which is, for ease of reference a practice that i) is conducted in a manner consistent with proper and acceptable customs and standards as established and followed by similar Agricultural Operations under similar circumstances, or ii) makes use of innovative technology in a manner consistent with proper advanced farm management practices",Yes,To Prohibit or Regulate Site Alteration,40,Yes,,To Prohibit or Regulate Site Alteration,"This By-law does not apply to: k) the removal of Topsoil as an incidental part of a Normal Farm Practice as defined in the Farming and Food Production Protection Act, 1998, S.O. 1998, c.1., including such removal as an incidental part of sod-farming, greenhouse operations and nurseries for horticultural products but not including the removal of Topsoil for sale, exchange or other disposition; l) replacement of Topsoil for restoration of Agricultural Lands used for normal agricultural practices and which is an incidental part of sod farming, greenhouse operations, and nurseries for horticultural practices and which shall not exceed one thousand (1,000) cubic metres annually and which shall not result in a landform change of more than 0.2m, or at the discretion of the Director; m)the placement or Dumping of Fill as a nutrient management activity for agricultural practices in compliance with the Nutrient Management Act, 2002;"
41,Brantford,Single Tier,Brant,http://www.brantford.ca/Pages/default.aspx,283,BY-LAW NUMBER 29-2023,https://www.brantford.ca/Modules/Bylaws/Bylaw/Download/9d402ae1-f189-4570-9da9-32d769ae7927,2023-02-28,2033-02-28,COMPLETE,,Yes,"TO PROHIBIT OR REGULATE THE REMOVAL OF TOPSOIL, THE PLACING OR DUMPING OF FILL AND, THE ALTERATION OF GRADE OF LAND",41,Yes,,"TO PROHIBIT OR REGULATE THE REMOVAL OF TOPSOIL, THE PLACING OR DUMPING OF FILL AND, THE ALTERATION OF GRADE OF LAND","SECTION 4 - EXEMPTIONS 4.1 The provisions of this by-law shall not apply to: 4.1.11 replacement of Topsoil for restoration of Agricultural Lands used for normal agricultural practices and which is an incidental part of sod farming , greenhouse operations, and nurseries for horticultural practices and which shall not exceed one thousand (1000) cubic metres annually and which shall not result in a landform change of more than 0.2m, or at the discretion of the Director; where ""Agricultural Lands"" includes all lands that are used by a farming business registered under the Farm Registration and Farm Organizations Funding Act, 1993"
42,Brethour,Single Tier,Timiskaming,VALUE!,290,,,,,,,,,42,,,,
43,Brighton,Lower Tier,Northumberland,http://www.brighton.ca/,297,By-Law 114-2016,https://www.brighton.ca/en/municipal-services/resources/By-law-114-2016-Fill-By-law.pdf,2016-11-07,,COMPLETE,,No,to control and regulate the dumping and moving of fill.,43,No,No,to control and regulate the dumping and moving of fill.,
44,Brock,Lower Tier,Durham,http://townshipofbrock.ca/,304,"BY-LAW NUMBER 2633-2015
AMENDED BY:
BY-LAW NUMBER 2703-2016-PP",https://www.townshipofbrock.ca/Modules/Bylaws/Bylaw/Download/f8ba8705-ce8f-4aae-a584-1cd419f2b300,2016-12-05,,COMPLETE - FARM FRIENDLY,,Yes,"TO PROHIBIT OR REGULATE THE REMOVAL OF TOPSOIL, THE PLACING OR DUMPING OF FILL AND THE ALTERATION OF THE GRADE OF LAND",44,Yes,No,"TO PROHIBIT OR REGULATE THE REMOVAL OF TOPSOIL, THE PLACING OR DUMPING OF FILL AND THE ALTERATION OF THE GRADE OF LAND","Section 3 - Exemptions 3.01 This By-law is not applicable to the following: (j) the removal of topsoil or fill from agricultural lands incidental to a normal agricultural practice including such removal as an incidental part of sod-farming, greenhouse operations and nurseries for horticultural products. This exception does not include the removal of topsoil for sale, exchange or other disposition;"
45,Brockton,Lower Tier,Bruce,http://www.brockton.ca/,311,,,,,COMPLETE,,,,45,,,,
46,Brockville,Single Tier,Leeds and Grenville,http://www.brockville.com/,318,,,,,COMPLETE,,,,46,,,,
47,Brooke-Alvinston,Lower Tier,Lambton,http://brookealvinston.com/home/,325,,,,,COMPLETE,,,,47,,,,
49,Bruce,Upper Tier,Bruce,http://www.brucecounty.on.ca/,339,,,,,NO BY-LAW IN PLACE,,,,49,,,,
48,Bruce Mines,Single Tier,Algoma,http://www.brucemines.ca/,332,,,,,COMPLETE,,,,48,,,,
50,"Brudenell, Lyndoch and Raglan",Lower Tier,Renfrew,http://www.blrtownship.ca/,346,,,,,NO BY-LAW IN PLACE,,,,50,,,,
51,Burk's Falls,Single Tier,Parry Sound,http://www.burksfalls.net/,353,,,,,COMPLETE,,,,51,,,,
52,Burlington,Lower Tier,Halton,http://cms.burlington.ca/site4.aspx,360,By-law 93-2020,https://www.burlington.ca/en/by-laws-and-animal-services/resources/By-laws/By-law-Search/2020-By-laws/093-2020-By-law.pdf,2020-11-23,,COMPLETE,,Yes,"to prohibit and regulate the placing, dumping, cutting or removal of fill or the altering of grades or drainage on any lands.",52,Yes,Yes,"to prohibit and regulate the placing, dumping, cutting or removal of fill or the altering of grades or drainage on any lands.",see section 3.06 for full exemption details - https://acrobat.adobe.com/id/urn:aaid:sc:US:640d7de0-d4f5-45a9-9d08-63775dcd423d
53,Burpee and Mills,Single Tier,Manitoulin,http://www.burpeemills.com/,367,,,,,COMPLETE,,,,53,,,,
54,Caledon,Lower Tier,Peel,http://www.town.caledon.on.ca/,374,BY-LAW NUMBER 2007-59,https://www.caledon.ca/uploads/14/Doc_637203057426383973.pdf?ts=638410145122754621,2007-05-15,,COMPLETE,"11. The Director shall not issue a permit (1) for the removal, placing or dumping of fill, for the removal of topsoil, or for the alteration of the grade of land unless (a) The land is zoned A-1, A-2 or A-3, and i. There is an active agricultural operation on the land, and ii. It can be demonstrated that the placement of fill or alteration of the grade is for the purpose of improving the agricultural viability and productivity of the agricultural operation",Yes,"to prohibit or regulate the placing or dumping of fill, the storage and removal of topsoil and the alteration of the grade of the land.",54,Yes,No,"to prohibit or regulate the placing or dumping of fill, the storage and removal of topsoil and the alteration of the grade of the land.","The by-law defines ""agricultural operation"" and town policy exempts ""Normal Farm Practice"" and alterations under the Drainage Act/Tile Drainage Act from requiring a permit."
55,Callander,Single Tier,Parry Sound,http://mycallander.ca/,381,,,,,COMPLETE,,,,55,,,,
56,Calvin,Single Tier,Nipissing,http://www.calvintownship.ca/,388,,,,,NO BY-LAW IN PLACE,,,,56,,,,
57,Cambridge,Lower Tier,Waterloo,http://www.cambridge.ca/,395,By-law 23-103,https://pub-cambridge.escribemeetings.com/filestream.ashx?DocumentId=8935,,,COMPLETE,,Yes,to regulate or prohibit the alteration of the grade of land and the placing or dumping of fill,57,Yes,No,to regulate or prohibit the alteration of the grade of land and the placing or dumping of fill,Any Site Alteration undertaken in accordance with Normal Farming Practices on designated agricultural land
58,Carleton Place,Lower Tier,Lanark,http://www.carletonplace.ca/,402,,,,,COMPLETE,"By-laws exist within each subdivision, but not in the township as a whole.",,,58,,,,
59,Carling,Single Tier,Parry Sound,http://www.carlingtownship.ca/,409,,,,,COMPLETE,,,,59,,,,
60,Carlow-Mayo,Lower Tier,Hastings,http://www.carlowmayo.ca/,416,,,,,COMPLETE,,,,60,,,,
61,Casey,Single Tier,Timiskaming,http://www.harley.ca/casey/,423,,,,,NO BY-LAW IN PLACE,,,,61,,,,
62,Casselman,Lower Tier,Prescott and Russell,http://www.en.casselman.ca/,430,,,,,COMPLETE,,,,62,,,,
63,Cavan Monaghan,Lower Tier,Peterborough,http://www.cavanmonaghan.net/siteengine/activepag,437,By-law No. 2020-19,https://www.cavanmonaghan.net/en/local-government/resources/By-law-No.-2020-19-being-a-by-law-to-control-the-dumping-of-fill-a.pdf,2020-04-06,,COMPLETE,,Yes,prohibiting and/or regulating the placing or dumping of fill of any kind and for prohibiting or regulating the alteration of the grade of land,63,Yes,,prohibiting and/or regulating the placing or dumping of fill of any kind and for prohibiting or regulating the alteration of the grade of land,"Part 3 Exemptions 3.01 This By-law is not applicable to the following: (I) The removal of topsoil from agricultural lands incidental to a normal agricultural practice including such removal as an incidental part of sod-farming, greenhouse operations and nurseries for horticultural products. This exception does not include the removal of topsoil for sale, exchange or other disposition; where “Agricultural Lands” includes all lands that are used by a farming business registered under the Farm Registration and Farm Organizations Act, 1993, S.O. 1993, c.21, as amended, for growing of crops, including nursery and horticultural crops; raising livestock; raising of other animals for food, fur, fibre, including poultry and fish; aquaculture; apiaries; agro-forestry; maple syrup production;"
71,Central Elgin,Lower Tier,Elgin,http://www.centralelgin.org/siteengine/activepage,493,,,,,COMPLETE,,,,71,,,,
72,Central Frontenac,Lower Tier,Frontenac,http://www.centralfrontenac.com/,500,,,,,COMPLETE,,,,72,,,,
73,Central Huron,Lower Tier,Huron,http://www.centralhuron.com/,507,,,,,COMPLETE,,,,73,,,,
74,Central Manitoulin,Single Tier,Manitoulin,http://www.centralmanitoulin.ca/,514,By-law 2008-04 (Topsoil Preservation,https://www.centralmanitoulin.ca/media/tkedcu2u/2008-04_topsoil_preservation_by-law_with_application_attached_0.pdf,2008-01-01,,COMPLETE,,Yes,,74,Yes,,,"Exempts activities as per Subsection 142 of the Municipal Act, which includes ""the removal of topsoil as an incidental part of a normal agricultural practice including such removal as an incidental part of sod-farming, greenhouse operations and nurseries for horticultural products."""
75,Centre Hastings,Lower Tier,Hastings,http://www.centrehastings.com/,521,,,,,COMPLETE - FARM FRIENDLY,,,,75,,,,
70,Centre Wellington,Lower Tier,Wellington,https://www.centrewellington.ca/en/index.aspx,486,"By-law 2019-25
Site Alteration By-Law",https://www.centrewellington.ca/en/township-services/resources/Documents/LegislativeServices/19-25-.pdf,2019-05-27,,COMPLETE,,Yes,See SECTION 3 - General Prohibitions and Regulations,70,Yes,NOT KNOWN,See SECTION 3 - General Prohibitions and Regulations,"See Section 2.2 c), e), & f): 2.2 This By-law does not apply to: (c) the removal of topsoil from agricultural lands incidental to a normal agricultural practice including such removal as an incidental part of sod-farming, greenhouse operations and nurseries for horticultural products but does not include the removal of topsoil for sale, exchange or other disposition; (e) construction of a building or structure pursuant to a valid building permit issued under the Building Code Act, 1992, S.O. 1992, c. 23, as amended and the site plan accompanying the building permit application provides sufficient information to determine that the placing or dumping of fill conforms with the provisions of this By-"
76,Chamberlain,Single Tier,Timiskaming,https://www.chamberlaintownship.com/,528,,,,,NO BY-LAW IN PLACE,,,,76,,,,
77,Champlain,Lower Tier,Prescott and Russell,http://www.champlain.ca/en/index.aspx,535,,,,,,,,,77,,,,
78,Chapleau,Single Tier,Sudbury,http://www.chapleau.ca/portal/en/community/townsh,542,,,,,COMPLETE,,,,78,,,,
79,Chapple,Single Tier,Rainy River,http://www.chapple.on.ca/,549,,,,,NO BY-LAW IN PLACE,,,,79,,,,
80,Charlton-Dack,Single Tier,Timiskaming,http://www.charltonanddack.com/,556,,,,,NO BY-LAW IN PLACE,,,,80,,,,
81,Chatham-Kent,Single Tier,Chatham-Kent,http://www.chatham-kent.ca/default.htm,563,,,,,COMPLETE,,,,81,,,,
82,Chatsworth,Lower Tier,Grey,http://www.chatsworth.ca/,570,By-Law Number 2018-49,https://chatsworth.ca/wp-content/uploads/2019/05/2018-49-Site-Alteration-By-law.pdf,2018-07-04,,COMPLETE,NAP acknoweldged.,No,"to prohibit and regulate the placing or dumping of fill, the removal of topsoil, and the alteration of the grade of lands",82,No,No,"to prohibit and regulate the placing or dumping of fill, the removal of topsoil, and the alteration of the grade of lands",
83,Chisholm,Single Tier,Nipissing,http://www.chisholm.ca/,577,,,,,COMPLETE,,,,83,,,,
84,Clarence-Rockland,Lower Tier,Prescott and Russell,http://www.clarence-rockland.com/,584,,,,,COMPLETE,"By-law was proposed in 2022, no updates from that, no active by-law in place",,,84,,,,
85,Clarington,Lower Tier,Durham,http://www.clarington.net/,591,By-law 2024-017,https://weblink.clarington.net/WebLink/ElectronicFile.aspx?docid=427168&dbid=0&repo=Clarington,2024-04-22,,COMPLETE,,Yes,"Being a by-law to regulate the placing or dumping of fill, removal of topsoil, and the alteration of the grade of land",85,Yes,No,"Being a by-law to regulate the placing or dumping of fill, removal of topsoil, and the alteration of the grade of land","This By-law does not apply to the removal of Topsoil as an incidental part of a normal agricultural practice including such removal as an incidental part of sodfarming, greenhouse operations, and nurseries for horticultural products provided it does not include the removal of Topsoil for sale, exchange or other disposition."
86,Clearview,Lower Tier,Simcoe,http://www.clearview.ca/,598,Fill By-law 25-67,https://www.clearview.ca/file/25-67-site-alteration-and-movement-fill-lawpdf,2025-11-24,,COMPLETE,,Yes,Being a By-law to regulate site alteration and movement of fill in the Township of Clearview,86,Yes,,Being a By-law to regulate site alteration and movement of fill in the Township of Clearview,"A by-law respecting the removal of topsoil does not apply to the removal of topsoil as an incidental part of a normal agricultural practice including such removal as an incidental part of sod-farming, greenhouse operations and nurseries for horticultural products."
87,Cobalt,Single Tier,Timiskaming,http://www.cobalt.ca/,605,,,,,COMPLETE - FARM FRIENDLY,,,,87,,,,
88,Cobourg,Lower Tier,Northumberland,http://www.cobourg.ca/,612,BY.LAW NUMBER 035-2012,https://www.cobourg.ca/en/our-government/resources/Frequently-requested-bylaws/035-2012-Control-Dumping-of-Fill-and-Removal-of-Fill-Bylaw.pdf,2012-04-30,,COMPLETE,"NAP acknowledged. Name of by-law is ""Control Dumping of Fill and Removal of Fill Bylaw"".",No,TO CONTROL THE DUMPING OF FILL AND THE REMOVAL OF FILL.,88,No,No,TO CONTROL THE DUMPING OF FILL AND THE REMOVAL OF FILL.,
89,Cochrane,Single Tier,Cochrane,http://www.town.cochrane.on.ca/,619,,,,,COMPLETE,,,,89,,,,
90,Cockburn Island,Single Tier,Manitoulin,VALUE!,626,,,,,NO BY-LAW IN PLACE,,,,90,,,,
91,Coleman,Single Tier,Timiskaming,http://www.colemantownship.ca/,633,,,,,COMPLETE,,,,91,,,,
92,Collingwood,Lower Tier,Simcoe,http://www.collingwood.ca/,640,Fill By-law 03-103,,,,COMPLETE,"Need to follow up with Clerk for copy of the bylaw, its stated it exists but not avaliable online.. Fill By-law 03-103 confirmed. PDF not posted online — contact clerk@collingwood.ca.",NOT KNOWN,,92,NOT KNOWN,,,
93,Conmee,Single Tier,Thunder Bay,http://www.conmee.com/,647,,,,,NO BY-LAW IN PLACE,,,,93,,,,
94,Cornwall,Single Tier,"Stormont, Dundas and Glengarry",http://www.cornwall.ca/,654,,,,,COMPLETE,,,,94,,,,
95,Cramahe,Lower Tier,Northumberland,http://www.visitcramahe.ca/,661,By-law 2017-18,given by email#http://given by email,2017-05-16,,NO BY-LAW IN PLACE,NAP acknowledged,No,"to control the dumping of fill, removal of fill and alteration of grades",95,No,No,"to control the dumping of fill, removal of fill and alteration of grades",
96,Dawn-Euphemia,Lower Tier,Lambton,http://www.dawneuphemia.ca/Pages/Dawn-Euphemia.as,668,Site Alteration By-Law 2021-039,https://www.lambtonshores.ca/en/our-government/resources/Documents/sitealterationbylawwithfines.pdf,2021-04-26,,COMPLETE,"Confirmed via eScribe. Amended by 2023-050, 2024-011, 2024-034. PDF from Clerk only.",Yes,,96,Yes,,,
97,Dawson,Single Tier,Rainy River,VALUE!,675,,,,,NO BY-LAW IN PLACE,,,,97,,,,
98,Deep River,Lower Tier,Renfrew,http://www.deepriver.ca/,682,,,,,COMPLETE,draft - https://deepriver.civicweb.net/filepro/documents/search/?keywords=site%20alteration&preview=14466,,,98,,,,
99,Deseronto,Lower Tier,Hastings,http://www.deseronto.ca/,689,BY-LAW NO. 47-2023,https://ofa4-my.sharepoint.com/:w:/g/personal/claire_shepherd_ofa_on_ca/ERsO3x5qYS5Mlsqo0Ykc6-sBM_rZN0k1GjbgSYEVvbQLrw?e=JiujdB,2023-10-11,,NO BY-LAW IN PLACE,,Yes,"“Normal Agricultural Practice” includes sod-farming, greenhouse operations and nurseries for horticultural products but does not include the sale, exchange or other disposition of Topsoil.",99,Yes,Yes,"“Normal Agricultural Practice” includes sod-farming, greenhouse operations and nurseries for horticultural products but does not include the sale, exchange or other disposition of Topsoil.",The provisions of this By-law do not apply to the extent that Topsoil is removed as an incidental part of a Normal Agricultural Practice.
100,Dorion,Single Tier,Thunder Bay,http://www.doriontownship.ca/,696,,,,,NO BY-LAW IN PLACE,,,,100,,,,
101,Douro-Dummer,Lower Tier,Peterborough,http://www.dourodummer.on.ca/,703,,,,,COMPLETE,,,,101,,,,
102,Drummond-North Elmsley,Lower Tier,Lanark,http://www.drummondnorthelmsley.com/,710,BY-LAW 2012-056,https://www.dnetownship.ca/component/edocman/top-soil-removal-by-law/viewdocument/285?Itemid=0,2012-10-23,,COMPLETE,NAP acknowledged.,No,to regulate and prohibit the removal of topsoil.,102,No,No,to regulate and prohibit the removal of topsoil.,
103,Dryden,Single Tier,Kenora,http://www.dryden.ca/,717,,,,,COMPLETE,,,,103,,,,
104,Dubreuilville,Single Tier,Algoma,http://www.dubreuilville.ca/,724,,,,,COMPLETE,,,,104,,,,
105,Dufferin,Upper Tier,Dufferin,http://www.dufferincounty.on.ca/,731,,,,,NO BY-LAW IN PLACE,,,,105,,,,
106,Durham,Upper Tier,Durham,http://www.durham.ca/,738,,,,,NO BY-LAW IN PLACE,,,,106,,,,
107,Dutton-Dunwich,Lower Tier,Elgin,http://www.duttondunwich.on.ca/,745,,,,,COMPLETE,"no specific by-law for site alteration. However, this by-law discesses site alteration: https://www.duttondunwich.on.ca/en/municipal-services/resources/Planning-and-Zoning/220087-Dutton-Dunwich-Construction-Design-Standards-August-2021.pdf",,,107,,,,
108,Dysart et al,Lower Tier,Haliburton,http://www.dysartetal.ca/,752,By-Law No. 2023-101,https://www.dysartetal.ca/en/build-and-invest/Building%20Department/By-Law%202023-101%20-%20Site%20Alteration%20By-Law.pdf,2023-11-28,,COMPLETE,,No,to Regulate Site Alteration,108,No,No,to Regulate Site Alteration,
109,Ear Falls,Single Tier,Kenora,http://www.ear-falls.com/,759,,,,,COMPLETE,,,,109,,,,
110,East Ferris,Single Tier,Nipissing,http://eastferris.ca/,766,,,,,COMPLETE,,,,110,,,,
111,East Garafraxa,Lower Tier,Dufferin,http://www.amaranth-eastgary.ca/ta/a_home.htm,773,BYLAW NUMBER 14-2015,https://www.eastgarafraxa.ca/en/municipal-government/resources/By-Laws/egsitealt15.pdf,2015-04-14,,COMPLETE,Normal farm practice topsoil removal exempt.,Yes,"to regulate site alterations, placement of fill and removal of topsoil",111,Yes,No,"to regulate site alterations, placement of fill and removal of topsoil",
112,East Gwillimbury,Lower Tier,York,http://www.eastgwillimbury.ca/,780,BY-LAW # 2013-066,https://www.eastgwillimbury.ca/en/government/resources/Documents/Fill-By-law-2013-066---Updated.pdf,2018-10-02,,COMPLETE - FARM FRIENDLY,"NFP exempt. ≤200mm grade, ≤10,000m³/36mo.",Yes,to Regulate and Prohibit the Placing or Dumping of Fill and Site Alterations,112,Yes,No,to Regulate and Prohibit the Placing or Dumping of Fill and Site Alterations,
113,East Hawkesbury,Lower Tier,Prescott and Russell,http://www.easthawkesbury.ca/,787,,,,,COMPLETE,,,,113,,,,
114,East Zorra-Tavistock,Lower Tier,Oxford,https://www.ezt.ca/en/index.aspx,794,,,,,COMPLETE,,,,114,,,,
115,Edwardsburgh-Cardinal,Lower Tier,Leeds and Grenville,http://www.edwardsburghcardinal.ca/,801,,,,,COMPLETE,,,,115,,,,
116,Elgin,Upper Tier,Elgin,http://www.elgin-county.on.ca/,808,,,,,NO BY-LAW IN PLACE,,,,116,,,,
117,Elizabethtown-Kitley,Lower Tier,Leeds and Grenville,http://www.elizabethtown-kitley.on.ca/,815,,,,,COMPLETE,,,,117,,,,
118,Elliot Lake,Single Tier,Algoma,http://www.cityofelliotlake.com/,822,,,,,COMPLETE,,,,118,,,,
119,Emo,Single Tier,Rainy River,http://www.twspemo.on.ca/,829,,,,,NO BY-LAW IN PLACE,,,,119,,,,
120,Englehart,Single Tier,Timiskaming,http://www.englehart.ca/,836,,,,,COMPLETE,,,,120,,,,
121,Enniskillen,Lower Tier,Lambton,http://www.enniskillen.ca/,843,,,,,COMPLETE,,,,121,,,,
122,Erin,Lower Tier,Wellington,http://www.erin.ca/,850,"BY.LAW NUMBER 16-30
Site Alteration By-Law",https://www.erin.ca/media/1229/16-30-site-alteration.pdf,2016-05-03,,COMPLETE,no enactment/expiration date listed,Yes,"A by-law to prohibit or regulate the removal of topsoil, the placing or dumping of fill 'and the alteration of the grade of land in areas within the Town of Erin.",122,Yes,Yes,"A by-law to prohibit or regulate the removal of topsoil, the placing or dumping of fill 'and the alteration of the grade of land in areas within the Town of Erin.","The provisions of this by-law do not apply to; the removal of topsoil as an incidental part of a normal agricultural practice, including such removal as an incidental part of sod-farming, greenhouse operations and nurseries for horticultural products, provided however that this provision shall not exempt from the by-law the removal of topsoil for sale, exchange or other disposition."
123,Espanola,Single Tier,Sudbury,https://www.espanola.ca/,857,,,,,COMPLETE,,,,123,,,,
124,Essa,Lower Tier,Simcoe,http://www.essatownship.on.ca/,864,BY-LAW NO. 2019-84,https://www.essatownship.on.ca/media/lqxoo15o/2019-84-fill-bylaw-r1.pdf,2019-12-18,,COMPLETE - FARM FRIENDLY,,Yes,,124,Yes,No,,"5. EXCEPTIONS 5.2 A Bona Fide Farmer for a Bona Fide Farming Purpose carrying out an Agricultural Operation on Agricultural Lands Place or Dumping of Fill, Removing of Soil or Topsoil, Altering the Grade of Lands or storing Soil."
125,"Essex, Co",Upper Tier,Essex,http://www.countyofessex.on.ca/,871,,,,,NO BY-LAW IN PLACE,S.5.2(h) normal ag topsoil exempt.,Yes,,125,Yes,,,
126,"Essex, T",Lower Tier,Essex,http://www.townofessex.on.ca/,878,By-Law Number 1799,https://www.essex.ca/en/build/resources/By-Law-No.-1799-Fill-Permit.pdf,2019-08-06,,COMPLETE - FARM FRIENDLY,,No,to Provide for the Regulation of the Placing and/or Dumping of Fill and the Alteration of Grade and/or removal of topsoil,126,No,No,to Provide for the Regulation of the Placing and/or Dumping of Fill and the Alteration of Grade and/or removal of topsoil,
127,Evanturel,Single Tier,Timiskaming,http://www.evanturel.com/,885,,,,,NO BY-LAW IN PLACE,,,,127,,,,
128,Faraday,Lower Tier,Hastings,http://www.faraday.ca/,892,,,,,COMPLETE,,,,128,,,,
129,Fauquier-Strickland,Single Tier,Cochrane,http://www.fauquierstrickland.com/,899,,,,,NO BY-LAW IN PLACE,,,,129,,,,
130,Fort Erie,Lower Tier,Niagara,http://www.forterie.on.ca/,906,BY-LAW NO. 201-96,https://www.forterie.ca/F-S-Alteration-Bylaw-201-96.pdf,1996-10-28,,COMPLETE,Law is old but appears to still be valid.,Yes,to regulate the placing of fill and site alteration.,130,Yes,No,to regulate the placing of fill and site alteration.,"2. APPLICATION OF BY-LAW AND EXEMPTION 2.4 This by-law does not apply to or where: (g) properties are being actively farmed in their entirety and are in agricultural production, failing which a permit shall be obtained."
131,Fort Frances,Single Tier,Rainy River,http://www.fort-frances.com/,913,,,,,COMPLETE - FARM FRIENDLY,,,,131,,,,
132,French River,Single Tier,Sudbury,http://www.frenchriver.ca/,920,,,,,COMPLETE,,,,132,,,,
133,Front of Yonge,Lower Tier,Leeds and Grenville,http://www.frontofyonge.com/,927,,,,,COMPLETE,,,,133,,,,
135,Frontenac,Upper Tier,Frontenac,http://frontenacislands.ca/,941,,,,,COMPLETE,Ongoing process to create one--double check with them.,,,135,,,,
134,Frontenac Islands,Lower Tier,Frontenac,http://municipality.frontenacislands.on.ca/,934,,,,,NO BY-LAW IN PLACE,"By-law draft was deferred as of 2022, but they do have plans to pass a by-law.",,,134,,,,
136,Gananoque,Single Tier,Leeds and Grenville,http://www.gananoque.ca/,948,"BY-LAW 2016-050
Regulate Placing or Dumping of Fill or the Alteration of Grade of Land",https://www.gananoque.ca/sites/gananoque.ca/files/by-laws/2016-050%20-%20Regulate%20Placing%20or%20Dumping%20of%20Fill%20or%20the%20Alteration%20of%20Grade%20of%20Land.pdf,2016-06-07,,COMPLETE,"By-law name is not ""fill"" or ""site alteration"". Ag practice on Prime Agricultural/Rural zones exempt.",Yes,to prohibit or regulate the placing or dumping of fill or the alteration of the grade of land,136,Yes,Yes,to prohibit or regulate the placing or dumping of fill or the alteration of the grade of land,"PROHIBITIONS 2. a) No person shall remove, place or dump fill on land, or cause fill to be removed, placed or dumped on land, or alter the grade of land in the Town without having first obtained a permit issued by the Director. c) The provisions of subsection (a) of this section do not apply in those areas of the Town where: viii) fill is dumped or placed on lands zoned ""Prime Agricultural or Rural"" where there is an alteration to the grade of land as an incidental part of a commonly accepted agricultural practice;"
137,Gauthier,Single Tier,Timiskaming,https://211ontario.ca/service/81731575/gauthier-township-of-town-council/,955,,,,,NO BY-LAW IN PLACE,,,,137,,,,
138,Georgian Bay,Lower Tier,Muskoka,http://www.gbtownship.ca/,962,BY-LAW NO. 2014-72,https://georgianbay.civicweb.net/filepro/document/122141/2014-072%20To%20prohibit%20and%20regulate%20the%20placing%20or%20dumping%20or%20removal%20of%20fill%20in%20areas%20of%20the%20Township%20of%20Georgian%20Bay.pdf,2014-11-10,,COMPLETE,,No,to prohibit and regulate the placing or dumping or removal of fill in areas,138,No,No,to prohibit and regulate the placing or dumping or removal of fill in areas,
139,Georgian Bluffs,Lower Tier,Grey,http://www.georgianbluffs.on.ca/,969,,,,,COMPLETE,,,,139,,,,
140,Georgina,Lower Tier,York,http://www.georgina.ca/,976,BY-LAW NUMBER 2022-0038,https://www.georgina.ca/sites/default/files/2022-09/By-Law_2022-0038%20%28REG-1%29.pdf,2022-05-11,,COMPLETE,NAP acknowledged.,Yes,"to prohibit or regulate the removal of topsoil, the placing or dumping of fill material and the alteration of the grade of land",140,Yes,Yes,"to prohibit or regulate the removal of topsoil, the placing or dumping of fill material and the alteration of the grade of land",
141,Gillies,Single Tier,Thunder Bay,http://www.gilliestownship.com/,983,,,,,NO BY-LAW IN PLACE,,,,141,,,,
142,Goderich,Lower Tier,Huron,http://www.goderich.ca/,990,,,,,COMPLETE,,,,142,,,,
143,Gordon-Barrie Island,Single Tier,Manitoulin,http://gordontownship.manitoulin-link.com/index.h,997,,,,,COMPLETE,,,,143,,,,
144,Gore Bay,Single Tier,Manitoulin,http://www.gorebay.ca/,1004,,,,,COMPLETE,,,,144,,,,
145,Grand Valley,Lower Tier,Dufferin,http://www.eastluthergrandvalley.ca/,1011,BY-LAW # 2022-60,"https://www.townofgrandvalley.ca/media/matlmre1/2022-60.pdf#:~:text=4,law",2022-09-27,,COMPLETE,NFP acknowledged.,Yes,Being a bylaw to prohibit placing or dumping of fill or site alterations.,145,Yes,,Being a bylaw to prohibit placing or dumping of fill or site alterations.,"This by-law is not applicable to the following uses: (m) the removal of topsoil incidental as part of a normal farm practice including such removal as an incendidatal aprt of sod farming, greenhouse operations and nurseries for horticultural products, but this by-law is applicable to the removal of topsoil and removal, placement or re-placement of sub-strata for sale, exchange or other disposition."
146,Gravenhurst,Lower Tier,Muskoka,http://www.gravenhurst.ca/,1018,BY-LAW 2014-27,https://gravenhurst.civicweb.net/document/34350/,2014-03-25,,COMPLETE - FARM FRIENDLY,,No,to regulate and prohibit modifications to the landscape on properties,146,No,No,to regulate and prohibit modifications to the landscape on properties,
147,Greater Madawaska,Lower Tier,Renfrew,http://www.greatermadawaska.com/,1025,,,,,COMPLETE,,,,147,,,,
148,Greater Napanee,Lower Tier,Lennox and Addington,http://www.town.greaternapanee.on.ca/,1032,,,,,COMPLETE,,,,148,,,,
149,Greater Sudbury,Single Tier,Sudbury,http://www.city.greatersudbury.on.ca/,1039,"BY-LAW 2009-170
amended by BY-LAW 2021-118",https://www.greatersudbury.ca/sites/sudburyen/assets/content/div_clerks/documents/Regulate_Removal_of_Topsoil_Bylaw_2009-170.pdf,2021-06-29,,COMPLETE,,No,"to Regulate the Removal of Topsoil, the Placing or Dumping of Fill, and the Alteration of Grades of Land",149,No,No,"to Regulate the Removal of Topsoil, the Placing or Dumping of Fill, and the Alteration of Grades of Land",
150,Greenstone,Single Tier,Thunder Bay,http://www.greenstone.ca/,1046,,,,,COMPLETE,,,,150,,,,
152,Grey,Upper Tier,Grey,http://www.grey.ca/,1060,,,,,NO BY-LAW IN PLACE,,,,152,,,,
151,Grey Highlands,Lower Tier,Grey,http://www.greyhighlands.ca/,1053,By-law No. 2023-083,https://greyhighlands.civicweb.net/document/319965/,2023-06-21,,COMPLETE,Farm exemption in 2023-083.,Yes,to permit Site Alteration projects and to regulate the hauling of fill within the Municipality of Grey Highlands and to be known as the Site Alteration and Fill By-law,151,Yes,No,to permit Site Alteration projects and to regulate the hauling of fill within the Municipality of Grey Highlands and to be known as the Site Alteration and Fill By-law,
153,Grimsby,Lower Tier,Niagara,http://www.town.grimsby.on.ca/,1067,BY-LAW NO. 2020-44,https://www.grimsby.ca/en/town-hall/resources/Documents/2020-044-002-Fill.pdf,2020-05-19,,COMPLETE,S.15(m) NFP with active farm registration.,Yes,"to regulate the removal, placing or dumping of fill",153,Yes,No,"to regulate the removal, placing or dumping of fill","PART IV - EXEMPTIONS 15. (m) (ii) carried on by Owners or properties that have an active registration as a ""farming business"" as defined in the Farm Registration and Farms Organization Funding Act and are in good standing udner that statute"
154,Guelph,Single Tier,Wellington,http://www.guelph.ca/,1074,By-Law Number (2016)- 20097,https://guelph.ca/wp-content/uploads/Site_Alteration_Bylaw.pdf,2016-09-26,,COMPLETE,NAP acknowledged.,Yes,"1) the removal of Topsoil as an incidental part of a normal agricultural practice,
including such removal as an incidental part of sod-farming, greenhouse
operations and nurseries for horticultural products, provided however that this
provision shall not exempt from the by-law the removal of Topsoil for sale,
exchange or other disposition; ",154,Yes,Yes,for prohibiting or regulating the alteration of property.,"1) the removal of Topsoil as an incidental part of a normal agricultural practice,
including such removal as an incidental part of sod-farming, greenhouse
operations and nurseries for horticultural products, provided however that this
provision shall not exempt from the by-law the removal of Topsoil for sale,
exchange or other disposition; "
155,Guelph-Eramosa,Lower Tier,Wellington,http://www.get.on.ca/,1081,"By-law Number 22/2021
Site Alteration By-law Consolidated August 2021",https://www.get.on.ca/uploads/userfiles/files/By-laws/Consolidations/22-2021%20-%20Site%20Alteration%20By-law%20Consolidated%20August%202021.pdf,2021-05-03,,COMPLETE,NAP acknowledged.,Yes,"(c) the removal of topsoil from agricultural lands incidental to a normal
agricultural practice including such removal as an incidental part of sodfarming, greenhouse operations and nurseries for horticultural products but
does not include the removal of topsoil for sale, exchange or other disposition;",155,Yes,Yes,"A by-law to prohibit or regulate the removal
of topsoil, the placing or dumping of fill and
the alteration of the grade of land","(c) the removal of topsoil from agricultural lands incidental to a normal
agricultural practice including such removal as an incidental part of sodfarming, greenhouse operations and nurseries for horticultural products but
does not include the removal of topsoil for sale, exchange or other disposition;"
156,Haldimand,Single Tier,Haldimand,http://www.haldimandcounty.on.ca/,1088,By-law No. 1664/16,https://www.haldimandcounty.ca/wp-content/uploads/2023/08/Site-Alteration-By-law-1664-16-Consolidated-January-2020.pdf,2016-05-02,,COMPLETE,NAP acknowledged.,No,to regulate the placing or dumping of fill.,156,No,No,to regulate the placing or dumping of fill.,
157,Haliburton,Upper Tier,Haliburton,http://haliburtoncounty.ca/,1095,,,,,NO BY-LAW IN PLACE,,,,157,,,,
159,Halton,Upper Tier,Halton,http://www.halton.ca/,1109,,,,,NO BY-LAW IN PLACE,,,,159,,,,
158,Halton Hills,Lower Tier,Halton,http://www.haltonhills.ca/,1102,BY-LAW NO. 2025-0009,https://haltonhills.ic12.esolg.ca/en/your-government/By-Laws/BY-LAW%20NO.%202025-0009.pdf,2025-04-01,,COMPLETE,,Yes,A By-law to prohibit or regulate Site Alteration,158,Yes,Yes,A By-law to prohibit or regulate Site Alteration,"This By-law does not apply to: (d) the removal of topsoil as an incidental part of a normal farm practice taking place as part of an agricultural operation, provided that the removal is not for sale, exchange or disposal of the topsoil. 3. Permit Exemptions - Land Use – Rural – Agricultural Use Zoning 3.1. Notwithstanding Section 4.1 of this By-law, a site alteration permit is not required for a site alteration on a property zoned for an agriculture use within the Rural Area of the Town, that is undertaken in compliance with this By-law and provided the requirements below are met: (a) dumping, placing or removal of topsoil for an agricultural operation provided that the approved grade (or existing grade, where there is no approved grade) of the lands is not increased by more than 0.15m, there is no significant change in the direction or rate of drainage to or from adjacent lands; the site alteration does not take place within 0.6m of any property line, and the cumulative total of the topsoil to be placed or dumped pursuant to all applicable permit exemptions does not exceed in any consecutive six (6) month period 29m³; (b) the dredging of an existing pond on a property zoned for an agricultural use within the Rural Area, provided the surface area of the pond in not increased and the pond depth is not increased beyond its original depth and no piles or berms of dredged material is created adjacent to the pond. Where possible, the dredged material should be worked into adjacent fields without changing drainage patterns."
160,"Hamilton, C",Single Tier,Hamilton,http://www.hamilton.ca/,1116,By-law 2012-10,https://www.hamiltontownship.ca,2019-11-28,,NO BY-LAW IN PLACE,"Normal farm practice topsoil exempt (sod, greenhouse, nurseries).",Yes,"for Prohibiting and Regulating the Alteration of Property Grades, the Placing or Dumping of Fill, and The Removal of Topsoil.",160,Yes,Yes,"for Prohibiting and Regulating the Alteration of Property Grades, the Placing or Dumping of Fill, and The Removal of Topsoil.",Rural Area Exceptions from Permit Requirement Minor Agricultural Application Requirements
161,"Hamilton, Tp",Lower Tier,Northumberland,http://www.hamiltontownship.ca/,1123,BY-LAW 2012-10,https://acrobat.adobe.com/id/urn:aaid:sc:US:e98eb9d4-4a5b-42ee-9b86-164a9df09adf,2012-01-24,,NO BY-LAW IN PLACE,PROHEBITION WORDING: fill is dumped or placed on lands zoned Permanent Agriculture and Marginal Agriculture where there is an alteration to the grade of land as an incidental part of a commonly accepted agricultural practice.,No,,161,No,Yes,,
162,Hanover,Lower Tier,Grey,http://www.hanover.ca/,1130,,,,,COMPLETE,,,,162,,,,
163,Harley,Single Tier,Timiskaming,http://www.harley.ca/,1137,,,,,NO BY-LAW IN PLACE,,,,163,,,,
164,Harris,Single Tier,Timiskaming,https://harristownship.weebly.com/,1144,,,,,NO BY-LAW IN PLACE,,,,164,,,,
166,Hastings,Upper Tier,Hastings,http://www.hastingscounty.com/,1158,,,,,NO BY-LAW IN PLACE,,,,166,,,,
165,Hastings Highlands,Lower Tier,Hastings,http://www.hastingshighlands.ca/,1151,,,,,COMPLETE,,,,165,,,,
167,Havelock-Belmont-Methuen,Lower Tier,Peterborough,http://www.hbmtwp.ca/,1165,,,,,COMPLETE,,,,167,,,,
168,Hawkesbury,Lower Tier,Prescott and Russell,http://www.hawkesbury.ca/en/,1172,,,,,COMPLETE,,,,168,,,,
169,"Head, Clara and Maria",Lower Tier,Renfrew,http://townshipsofheadclaramaria.ca/,1179,,,,,NO BY-LAW IN PLACE,,,,169,,,,
170,Hearst,Single Tier,Cochrane,http://www.hearst.ca/,1186,,,,,COMPLETE,,,,170,,,,
171,Highlands East,Lower Tier,Haliburton,http://www.highlandseast.ca/,1193,,,,,COMPLETE,,,,171,,,,
172,Hilliard,Single Tier,Timiskaming,VALUE!,1200,,,,,NO BY-LAW IN PLACE,,,,172,,,,
174,Hilton,Single Tier,Algoma,http://www.hiltontownship.ca/,1214,,,,,NO BY-LAW IN PLACE,,,,174,,,,
173,Hilton Beach,Single Tier,Algoma,http://www.hiltonbeach.com/,1207,,,,,COMPLETE,,,,173,,,,
175,Hornepayne,Single Tier,Algoma,http://www.townshipofhornepayne.ca/,1221,,,,,COMPLETE,,,,175,,,,
176,Horton,Lower Tier,Renfrew,http://www.hortontownship.ca/,1228,,,,,COMPLETE,,,,176,,,,
177,Howick,Lower Tier,Huron,https://howick.ca/,1235,,,,,COMPLETE,,0,,177,0,0,,
178,Hudson,Single Tier,Timiskaming,http://www.harley.ca/hudson/,1242,,,,,NO BY-LAW IN PLACE,,,,178,,,,
179,Huntsville,Lower Tier,Muskoka,http://www.town.huntsville.on.ca/,1249,Community Planning Permit By-law 2022-97,https://www.huntsville.ca,2022-07-25,,COMPLETE,CPP system. Rural Precinct SA exempt outside Natural Constraint/Flood Zone. Mentions hobby farms.,,,179,,,,
182,Huron,Upper Tier,Huron,http://www.huroncounty.ca/,1270,,,,,NO BY-LAW IN PLACE,,,,182,,,,
180,Huron East,Lower Tier,Huron,http://www.huroneast.com/,1256,,,,,COMPLETE,,,,180,,,,
181,Huron Shores,Single Tier,Algoma,http://www.huronshores.ca/,1263,,,,,COMPLETE - FARM FRIENDLY,,,,181,,,,
183,Huron-Kinloss,Lower Tier,Bruce,http://www.huronkinloss.com/,1277,,,,,COMPLETE,,,,183,,,,
184,Ignace,Single Tier,Kenora,http://town.ignace.on.ca/,1284,,,,,COMPLETE,,,,184,,,,
185,Ingersoll,Lower Tier,Oxford,http://www.ingersoll.ca/,1291,,,,,COMPLETE,,,,185,,,,
186,Innisfil,Lower Tier,Simcoe,https://innisfil.ca/,1298,"BY-LAW 050-13 
As Amended by By-law 045-14",https://innisfil.ca/Modules/Bylaws/Bylaw/Download/72ff9de9-b84e-477e-8bf9-3314e2a5ea81,2014-05-21,,COMPLETE - FARM FRIENDLY,NFP exempt determined by NFPPB.,Yes,"to prohibit and regulate the placing or dumping of fill, the removal of topsoil, and the alteration of the grade of land",186,Yes,No,"to prohibit and regulate the placing or dumping of fill, the removal of topsoil, and the alteration of the grade of land",
187,Iroquois Falls,Single Tier,Cochrane,https://www.iroquoisfalls.com/home,1305,,,,,COMPLETE,,,,187,,,,
188,James,Single Tier,Timiskaming,http://www.elklake.ca/,1312,,,,,NO BY-LAW IN PLACE,,,,188,,,,
189,Jocelyn,Single Tier,Algoma,http://www.stjosephisland.net/jocelyntownship/,1319,,,,,NO BY-LAW IN PLACE,,,,189,,,,
190,Johnson,Single Tier,Algoma,http://www.johnsontwp.ca/,1326,,,,,NO BY-LAW IN PLACE,,,,190,,,,
191,Joly,Single Tier,Parry Sound,http://www.townshipofjoly.com/,1333,,,,,NO BY-LAW IN PLACE,,,,191,,,,
192,Kapuskasing,Single Tier,Cochrane,http://www.kapuskasing.ca/,1340,,,,,COMPLETE,,,,192,,,,
193,Kawartha Lakes,Single Tier,Kawartha Lakes,http://www.city.kawarthalakes.on.ca/,1347,By-Law Number 2019-105,https://www.kawarthalakes.ca/Modules/Bylaws/Bylaw/Details/db8f2545-58b3-4620-8e16-d941f7a21417,2019-07-16,,COMPLETE,NFP acknowledged. Protection of Agricultural Resources and Preservation of Drainage See link for more details as agricultural is mentioned in many sections.,Yes,"To Repeal and Replace By-law 2018-214, Being a By-law Regulating the Removal of Topsoil, Placement of Fill,and the Alteration of Grades.",193,Yes,Yes,"To Repeal and Replace By-law 2018-214, Being a By-law Regulating the Removal of Topsoil, Placement of Fill,and the Alteration of Grades.","2.0 Building and Development Exemptions A one-time Placing or Dumping of Fill within a 100 metre radius and associated with the construction of agricultural or farm buildings or structures shall be permitted, through the issuance of a Building Permit where applicable. 3.0 Agricultural Exemptions"
194,Kearney,Single Tier,Parry Sound,http://www.townofkearney.com/,1354,,,,,COMPLETE,,,,194,,,,
195,Kenora,Single Tier,Kenora,http://www.kenora.ca/,1361,,,,,COMPLETE,,,,195,,,,
196,Kerns,Single Tier,Timiskaming,https://kerns.ca/,1368,,,,,NO BY-LAW IN PLACE,,,,196,,,,
197,"Killaloe, Hagarty and Richards",Lower Tier,Renfrew,http://www.killaloe-hagarty-richards.ca/,1375,,,,,COMPLETE,,,,197,,,,
198,Killarney,Single Tier,Sudbury,http://www.municipality.killarney.on.ca/,1382,,,,,COMPLETE,,,,198,,,,
199,Kincardine,Lower Tier,Bruce,http://www.kincardine.net/,1389,,,,,COMPLETE,,,,199,,,,
200,King,Lower Tier,York,http://www.king.ca/,1396,BY-LAW NUMBER 2021-039,https://www.king.ca/sites/default/files/uploads/bylaws/2021-039%20%20-%20A%20By-law%20to%20Prohib....tion%20and%20Movement%20of%20Fill%20Consolidated%20CR%202023%2005%2031.pdf,2021-04-26,,COMPLETE,"Exception A by-law respecting the removal of topsoil does not apply to the removal of topsoil as an incidental part of a normal agricultural practice including such removal as an incidental part of sod-farming, greenhouse operations and nurseries for horticultural products. Exclusion The exception in respecting the removal of topsoil as an incidental part of a normal agricultural practice does not include the removal of topsoil for sale, exchange or other disposition. “Normal Farm Practice” means a practice that, (a) is conducted in a manner consistent with proper and acceptable customs and standards as established and followed by similar agricultural operations under similar circumstances, or (b) makes use of innovative technology in a manner consistent with proper advanced farm management practices.",Yes,to prohibit and Regulate Site Alteration and Movement of Fill.,200,Yes,No,to prohibit and Regulate Site Alteration and Movement of Fill.,"Exception A by-law respecting the removal of topsoil does not apply to the removal of topsoil as an incidental part of a normal agricultural practice including such removal as an incidental part of sod-farming, greenhouse operations and nurseries for horticultural products. Exclusion The exception in respecting the removal of topsoil as an incidental part of a normal agricultural practice does not include the removal of topsoil for sale, exchange or other disposition."
201,Kingston,Single Tier,Frontenac,http://www.cityofkingston.ca/,1403,BY-LAW NO. 2008-128,https://www.cityofkingston.ca/documents/10180/16904/Site+Alteration+Bylaw/5149d586-e1db-4da4-9a40-b35c0e72168d,2008-06-17,,COMPLETE,NFP acknowledged.,No,"TO PROHIBIT OR REGULATE THE PLACING OR DUMPING OF FILL, THE REMOVAL OF TOPSOIL, AND THE ALTERATION OF THE GRADE OF THE LAND.",201,No,No,"TO PROHIBIT OR REGULATE THE PLACING OR DUMPING OF FILL, THE REMOVAL OF TOPSOIL, AND THE ALTERATION OF THE GRADE OF THE LAND.",
202,Kingsville,Lower Tier,Essex,http://www.town.kingsville.on.ca/,1410,By-law 64-2025,https://www.kingsville.ca,2025-11-03,,COMPLETE,Normal ag practices exempt. Listed under commonly requested bylaws.,Yes,,202,Yes,,,
203,Kirkland Lake,Single Tier,Timiskaming,http://www.discoverkl.ca/,1417,,,,,COMPLETE,,,,203,,,,
204,Kitchener,Lower Tier,Waterloo,http://www.kitchener.ca/,1424,By-law 2010-043,https://www.kitchener.ca/en/resourcesGeneral/Documents/DSD_ENG_Site_Alteration_bylaw.pdf,2010-03-08,,NO BY-LAW IN PLACE,,Yes,Site Alteration by-law,204,Yes,No,Site Alteration by-law,"633.3.7 Agricultural practices Article 2 does not apply to a by-law respecting the removal of soil as an incidental part of a normal agricultural practice including such removal as an incidental part of sod-farming, greenhouse operations and nurseries for horticultural products."
205,La Vallee,Single Tier,Rainy River,http://www.lavallee.ca/,1431,,,,,NO BY-LAW IN PLACE,,,,205,,,,
215,LaSalle,Lower Tier,Essex,http://www.town.lasalle.on.ca/,1501,By-Law No. 7080,https://acrobat.adobe.com/id/urn:aaid:sc:US:a75db036-eb62-4b06-9109-4db76a5b8104,2009-09-08,,COMPLETE,,Yes,"A by-law to prohibit and/or regulate the placing or dumping of fill, the alteration of grades and the removal of topsoil from land withtin the Town of LaSalle",215,Yes,No,"A by-law to prohibit and/or regulate the placing or dumping of fill, the alteration of grades and the removal of topsoil from land withtin the Town of LaSalle","where the removal of topsoil is an incidental part of a normal agricultural practice, including such removal as in incidental part of sod-farming, greenhouse operations and nurseries for horticultural products, but this exception does not apply to the removal of topsoil for sale, exchange or other disposition"
206,Laird,Single Tier,Algoma,http://www.lairdtownship.ca/,1438,,,,,COMPLETE,,,,206,,,,
207,Lake of Bays,Lower Tier,Muskoka,http://www.lakeofbays.on.ca/,1445,Community Planning Permit By-law 2021-111,https://www.lakeofbays.on.ca,2022,,COMPLETE,CPP system. Ag uses exempt in Rural area. References normal farm practices for bona-fide farm op.,Yes,,207,Yes,,,
208,Lake of the Woods,Single Tier,Rainy River,http://www.lakeofthewoods.ca/,1452,,,,,NO BY-LAW IN PLACE,,,,208,,,,
209,Lakeshore,Lower Tier,Essex,http://www.townoflakeshore.on.ca/,1459,By-Law 60-2020,"https://pub-lakeshore.escribemeetings.com/filestream.ashx?DocumentId=2882#:~:text=Section%202%20%E2%80%93%20Site%20Alteration%20Prohibitions,of%20Land%20without%20a%20Permit.",2020-08-11,,COMPLETE,No signatures.,Yes,Being a By-Law to Regulate Site Alterations of Land or Private Drain Alterations in the Town Of Lakeshore,209,Yes,No,Being a By-Law to Regulate Site Alterations of Land or Private Drain Alterations in the Town Of Lakeshore,"This by-law shall not apply to: the removal of Topsoil as an incidental part of a normal agricultural practice including such removal as an incidental part of sod-farming, greenhouse operations and nurseries for horticultural products"
211,Lambton,Upper Tier,Lambton,http://www.lambtononline.ca/,1473,,,,,NO BY-LAW IN PLACE,,,,211,,,,
210,Lambton Shores,Lower Tier,Lambton,http://www.lambtonshores.ca/,1466,BY-LAW 27 of 2004,https://www.lambtonshores.ca/en/our-government/resources/Documents/sitealterationbylawwithfines.pdf,2004-05-17,,COMPLETE,NAP acknowledged.. Farm exemption in By-Law 27-2004.,Yes,to prohibit and regulate the placing or dumping of fill and the alteration of the grade of land,210,Yes,No,to prohibit and regulate the placing or dumping of fill and the alteration of the grade of land,
213,Lanark,Upper Tier,Lanark,http://www.county.lanark.on.ca/,1487,,,,,NO BY-LAW IN PLACE,,,,213,,,,
212,Lanark Highlands,Lower Tier,Lanark,http://www.lanarkhighlands.ca/,1480,,,,,COMPLETE,,,,212,,,,
214,Larder Lake,Single Tier,Timiskaming,https://www.larderlake.ca/,1494,,,,,COMPLETE,,,,214,,,,
216,Latchford,Single Tier,Timiskaming,http://www.latchford.ca/,1508,,,,,COMPLETE,,,,216,,,,
217,Laurentian Hills,Lower Tier,Renfrew,http://www.laurentianhills.ca/,1515,,,,,NO BY-LAW IN PLACE,,,,217,,,,
218,Laurentian Valley,Lower Tier,Renfrew,http://www.laurentianvalleytwsp.on.ca/,1522,,,,,COMPLETE,,,,218,,,,
64,Leamington,Lower Tier,Essex,http://www.leamington.ca/,444,,,,,COMPLETE,,,,64,,,,
65,Leeds and Grenville,Upper Tier,Leeds and Grenville,http://www.leedsandgrenville.ca/,451,,,,,NO BY-LAW IN PLACE,,,,65,,,,
66,Leeds and the Thousand Islands,Lower Tier,Leeds and Grenville,http://www.townshipleeds.on.ca/,458,,,,,COMPLETE,,,,66,,,,
219,Lennox and Addington,Upper Tier,Lennox and Addington,http://www.lennox-addington.on.ca/,1529,,,,,NO BY-LAW IN PLACE,,,,219,,,,
220,Limerick,Lower Tier,Hastings,http://www.township.limerick.on.ca/,1536,,,,,NO BY-LAW IN PLACE,,,,220,,,,
221,Lincoln,Lower Tier,Niagara,http://www.lincoln.ca/,1543,BY-LAW NO. 2024-50,https://hdp-ca-prod-app-linc-speakup-files.s3.ca-central-1.amazonaws.com/2417/3268/1910/7632e088eca63f61f47bb558db7936b1_2024-50_A_By-law_for_prohibiting_and_regulating_alteration_of_property_grades__placing_or_dumping_of_fill__removal_of_topsoil__injuring_or_rdestruction_of_trees.pdf,2020-11-16,,COMPLETE,,Yes,"PROHIBITING AND REGULATING THE ALTERATION OF PROPERTY GRADES, THE PLACING OR DUMPING OF FILL, THE REMOVAL OF TOPSOIL AND THE INJURING OR DESTRUCTION OF TREES.",221,Yes,No,"PROHIBITING AND REGULATING THE ALTERATION OF PROPERTY GRADES, THE PLACING OR DUMPING OF FILL, THE REMOVAL OF TOPSOIL AND THE INJURING OR DESTRUCTION OF TREES.","In addition to the exemptions prescribed in Section 4.3, the following activities are exempt from the prohibitions of the Class 2 tree permits as set out in sections 5.5-5.12 of this By-law: (g) Trees that are removed as part of normal farm practices."
222,London,Single Tier,Middlesex,http://www.london.ca/,1550,By-law C.P.-1363-381,https://london.ca/by-laws/site-alteration-law-cp-1363-381,2021-09-14,,COMPLETE,,Yes,to prohibit and regulate the placing or dumping of fill and the alteration of the grade of land.,222,Yes,No,to prohibit and regulate the placing or dumping of fill and the alteration of the grade of land.,"PART 2 EXEMPTIONS g) to the ploughing of land associated with planting, cultivation or harvesting of agricultural crops, and routine maintenance of existing drains;"
223,Loyalist,Lower Tier,Lennox and Addington,http://www.loyalist.ca/,1557,By-Law 2003-22,https://loyalist.civicweb.net/filepro/documents/44850/?preview=45382,2003-03-10,,COMPLETE,,Yes,A by-law to prohibit or regulate the placing or dumping offill or the alteration of the grade ofland in Loyalist Township,223,Yes,No,A by-law to prohibit or regulate the placing or dumping offill or the alteration of the grade ofland in Loyalist Township,"The provisions of subsection (a) of this section do not apply in those areas of the Township where fill is dumped or placed on lands zoned ""Prime Agricultural or Rural"" where there is a alteration to the grade of land as an incidental part of a commonly accepted agricultural practice;"
224,Lucan Biddulph,Lower Tier,Middlesex,http://www.lucanbiddulph.on.ca/,1564,BY-LAW NO. 38-2022,https://www.lucanbiddulph.on.ca/sites/default/files/2022-07/38-2022-%20Site%20Alteration%20By-law.pdf,,,COMPLETE,NFP acknowledged. Exact day missing (2022 sometime).. NFP exempt per FFPPA s.1.1.,Yes,,224,Yes,No,,
225,Macdonald Meredith et al,Single Tier,Algoma,http://www.echobay.ca/,1571,,,,,NO BY-LAW IN PLACE,,,,225,,,,
226,Machar,Single Tier,Parry Sound,http://www.machartownship.net/,1578,,,,,COMPLETE,"no by-law in place, but sometimes Site Alteration is done via a Site Plan Development Agreement if it’s a condition of Minor Variance or Zoning Amendment",,,226,,,,
227,Machin,Single Tier,Kenora,http://www.visitmachin.com/,1585,,,,,NO BY-LAW IN PLACE,,,,227,,,,
228,Madawaska Valley,Lower Tier,Renfrew,http://www.madawaskavalley.ca/,1592,,,,,COMPLETE,,,,228,,,,
229,Madoc,Lower Tier,Hastings,http://www.madoc.ca/,1599,,,,,NO BY-LAW IN PLACE,,,,229,,,,
230,Magnetawan,Single Tier,Parry Sound,http://www.magnetawan.com/,1606,,,,,COMPLETE,,,,230,,,,
231,Malahide,Lower Tier,Elgin,http://www.malahide.ca/,1613,Site Alteration By-law 08-59,https://www.malahide.ca,,,COMPLETE,Listed under Development Services. Farm exemption likely per FFPPA.,,,231,,,,
232,Manitouwadge,Single Tier,Thunder Bay,http://www.manitouwadge.ca/,1620,,,,,COMPLETE,,,,232,,,,
233,Mapleton,Lower Tier,Wellington,http://www.mapleton.ca/,1627,,,,,COMPLETE,,,,233,,,,
234,Marathon,Single Tier,Thunder Bay,http://www.marathon.ca/,1634,,,,,COMPLETE,,,,234,,,,
235,Markham,Lower Tier,York,http://www.markham.ca/,1641,BY-LAW 2011-232,https://www.markham.ca/wps/wcm/connect/markham/2237fac4-5f60-4aeb-b556-ee4bc1f44e2e/2011-232-Consolidated.pdf?MOD=AJPERES&amp;CONVERT_TO=url&amp;CACHEID=ROOTWORKSPACE.Z18_2QD4H901OGV160QC8BLCRJ1001-2237fac4-5f60-4aeb-b556-ee4bc1f44e2e-nx0MLBj,2021-02-09,,COMPLETE,"NAP acknowledged. 3.0 PROHIBITIONS 3.13 Subject to section 4.1.10, no person shall carry out any Site Alteration on Agricultural Lands to an average depth greater than 300 mm. 5 REQUIREMENTS FOR ISSUANCE OF A PERMIT 5.2.10 for Site Alteration on Agricultural Lands, a soil fertility report, signed by an Engineer/soil scientist, confirming that the Site Alteration will not result in a reduction in the overall soil fertility;. Normal ag ≤300mm exempt. Sod, greenhouse, nurseries.",Yes,"TO REGULATE OR PROHIBIT REMOVAL OF TOPSOIL, PLACING OR DUMPING OF FILL, AND ALTERATION OF THE GRADE OF LAND.",235,Yes,No,"TO REGULATE OR PROHIBIT REMOVAL OF TOPSOIL, PLACING OR DUMPING OF FILL, AND ALTERATION OF THE GRADE OF LAND.",
236,Markstay-Warren,Single Tier,Sudbury,http://www.markstay-warren.ca/,1648,,,,,NO BY-LAW IN PLACE,,,,236,,,,
237,Marmora and Lake,Lower Tier,Hastings,http://www.marmoraandlake.ca/,1655,BY-LAW NUMBER 2003-22,https://acrobat.adobe.com/id/urn:aaid:sc:US:2259cfed-21ca-487f-987d-20fa9554ce50,2004-01-06,,COMPLETE,,Yes,,237,Yes,NOT KNOWN,,"(6) A by-law respecting the removal of topsoil does not apply to the removal of topsoil as an incidental part of a normal agricultural practice including such removal as an incidental part of sod-farming, greenhouse operations and nurseries for horticultural products. 2001, c. 25, s. 142 (6). (7) The exception in subsection (6) respecting the removal of topsoil as an incidental part of a normal agricultural practice does not include the removal of topsoil for sale, exchange or other disposition. 2001, c. 25, s. 142 (7)."
238,Matachewan,Single Tier,Timiskaming,http://www.matachewan.com/,1662,,,,,COMPLETE,,,,238,,,,
239,Mattawa,Single Tier,Nipissing,http://www.mattawa.ca/,1669,,,,,COMPLETE,,,,239,,,,
240,Mattawan,Single Tier,Nipissing,VALUE!,1676,,,,,NO BY-LAW IN PLACE,,,,240,,,,
241,Mattice-Val Cote,Single Tier,Cochrane,http://www.matticevalcote.ca/,1683,,,,,COMPLETE,,,,241,,,,
242,McDougall,Single Tier,Parry Sound,http://www.municipalityofmcdougall.com/,1690,,,,,COMPLETE,,,,242,,,,
243,McGarry,Single Tier,Timiskaming,http://www.mcgarry.ca/,1697,,,,,COMPLETE,,,,243,,,,
244,McKellar,Single Tier,Parry Sound,http://www.township.mckellar.on.ca/,1704,,,,,NO BY-LAW IN PLACE,,,,244,,,,
245,McMurrich-Monteith,Single Tier,Parry Sound,http://www.mcmurrichmonteith.com/,1711,,,,,COMPLETE,,,,245,,,,
246,McNab-Braeside,Lower Tier,Renfrew,http://mcnabbraeside.com/,1718,,,,,COMPLETE,,,,246,,,,
247,Meaford,Lower Tier,Grey,http://meaford.ca/,1725,BY‐LAW NUMBER 058 ‐ 2010,https://www.meaford.ca/en/living-here/resources/Documents/Building---058-2010-Grading-By-law.pdf,2010-06-21,,COMPLETE,"By-law name is ""Grading By-law"".",No,"TO PROHIBIT OR REGULATE THE PLACING OR DUMPING OF FILL, AND/OR THE ALTERATION OF THE GRADE OF LAND",247,No,No,"TO PROHIBIT OR REGULATE THE PLACING OR DUMPING OF FILL, AND/OR THE ALTERATION OF THE GRADE OF LAND",
248,Melancthon,Lower Tier,Dufferin,http://melancthontownship.ca/,1732,BY-LAW NUMBER 29-2004,https://melancthontownship.ca/wp-content/uploads/2017/03/site-alteration.pdf,2004-06-03,,COMPLETE,NAP acknowledged.,No,to prohibit or regulate the placing or dumping of fill and the alteration of the grade of land.,248,No,No,to prohibit or regulate the placing or dumping of fill and the alteration of the grade of land.,
249,Merrickville-Wolford,Lower Tier,Leeds and Grenville,http://www.merrickville-wolford.ca/,1739,,,,,COMPLETE,,,,249,,,,
251,Middlesex,Upper Tier,Middlesex,http://www.middlesex.ca/,1753,,,,,NO BY-LAW IN PLACE,,,,251,,,,
250,Middlesex Centre,Lower Tier,Middlesex,http://www.middlesexcentre.on.ca/,1746,BY-LAW NUMBER 2016-087,https://www.middlesexcentre.on.ca/sites/default/files/2019-10/2016-087%20Site%20Alteration%20By-law.pdf,2016-08-24,,COMPLETE,Farm exemption verified per 2016-087 text.,Yes,,250,Yes,No,,
252,Midland,Lower Tier,Simcoe,http://www.midland.ca/,1760,,,,,COMPLETE,,,,252,,,,
253,Milton,Lower Tier,Halton,http://www.milton.ca/,1767,BY-LAW NO. 094-2022,https://www.milton.ca/en/business-and-development/resources/094-2022-Prohibit-and-Regulate-Fill-or-Altering-of-Grades-or-Drainage-on-any-Lands.pdf,2022-09-12,,COMPLETE,"NFP acknowledged. 5. Permit Review and Issuance 5.2) (6) the site alteration is not likely to result in negative effects to nearby properties, surface water, ground water, drainage, erosion, the natural environment, agricultural production, soil quality or public and municipal infrastructure. Additional Terms and Conditions (9) ensure if the site is designated agriculture or rural that the site alteration does not result in a reduction of the soil quality of the site;",Yes,"TO PROHIBIT AND REGULATE THE PLACING, DEPOSITING, CUTTING OR REMOVAL OF FILL OR THE ALTERING OF GRADES OR DRAINAGE ON ANY LANDS.",253,Yes,No,"TO PROHIBIT AND REGULATE THE PLACING, DEPOSITING, CUTTING OR REMOVAL OF FILL OR THE ALTERING OF GRADES OR DRAINAGE ON ANY LANDS.",3. Exemptions 3.5. A permit is not required on any lot zoned for agricultural use within the Rural Area of the Town
254,Minden Hills,Lower Tier,Haliburton,http://www.mindenhills.ca/,1774,,,,,NO BY-LAW IN PLACE,,,,254,,,,
255,Minto,Lower Tier,Wellington,http://www.town.minto.on.ca/,1781,By-law No. 2020-16,https://minto.nyc3.cdn.digitaloceanspaces.com/By-Laws/Site-Alteration-By-Law.pdf,2020-03-03,,COMPLETE,NAP acknowledged.,Yes,"(c) the removal of topsoil from agricultural lands incidental to a normal
agricultural practice including such removal as an incidental part of sodfarming, greenhouse operations and nurseries for horticultural products but
does not include the removal of topsoil for sale, exchange or other disposition;",255,Yes,Yes,"to Prohibit or Regulate the Removal of Topsoil, the Placing or Dumping of Fill and the Alteration of the Grade of Land.",
256,Mississauga,Lower Tier,Peel,http://www.mississauga.ca/,1788,"By-law 0512-1991
Erosion and Sediment Control",https://www.mississauga.ca/wp-content/uploads/2020/07/10122128/Erosion-and-Sediment-Control-By-law-0512-1991.pdf,1991-10-21,,COMPLETE,,No,to regulate or prohibit the removal of Topsoil.,256,No,No,to regulate or prohibit the removal of Topsoil.,
257,Mississippi Mills,Lower Tier,Lanark,http://www.mississippimills.ca/,1795,,,,,COMPLETE,,,,257,,,,
258,Mono,Lower Tier,Dufferin,http://www.townofmono.com/,1802,BYLAW NUMBER 2014 - 31,https://mono.civicweb.net/document/26719/,2014-08-27,,COMPLETE,NAP acknowledged.. NFP generally exempt. Under review/update.,Yes,"TO REGULATE SITE ALTERATIONS, PLACEMENT OF FILL AND REMOVAL OF TOPSOIL.",258,Yes,Yes,"TO REGULATE SITE ALTERATIONS, PLACEMENT OF FILL AND REMOVAL OF TOPSOIL.","6. Requests for Variance or Exception 6.6 Upon reviewing a request under Section 6.2, Council shall consider whether the requested Variance or Exception: a) will result in maintaining or improving the overall agricultural capability of the Site;"
259,Montague,Lower Tier,Lanark,http://www.township.montague.on.ca/,1809,,,,,COMPLETE,,,,259,,,,
260,Moonbeam,Single Tier,Cochrane,http://www.moonbeam.ca/,1816,,,,,COMPLETE,,,,260,,,,
261,Moosonee,Single Tier,Cochrane,http://www.moosonee.ca/,1823,,,,,COMPLETE,,,,261,,,,
262,Morley,Single Tier,Rainy River,http://www.townshipofmorley.ca/,1830,,,,,NO BY-LAW IN PLACE,,,,262,,,,
263,Morris-Turnberry,Lower Tier,Huron,https://morristurnberry.ca/,1837,,,,,COMPLETE,,,,263,,,,
264,Mulmur,Lower Tier,Dufferin,http://www.mulmurtownship.ca./,1844,BY-LAW NO. 4–15,https://mulmur.ca/content/town-hall/bylaws/fill-by-law-4-2015-consolidated-1.pdf,2015-02-04,,COMPLETE,"NAP acknowledged. 5. APPLICATION FOR PERMIT g) Contains a report or reports prepared by a qualified person or persons which conclude(s) that the proposed fill operation will not have a negative impact on the environment, surface and groundwater resources, important recharge areas or source water protection areas, drainage patterns including those affecting adjacent properties, prime agricultural lands or areas, existing agricultural operations, sensitive land uses on adjacent lands, significant views and vistas and the rural character of the Township generally. 9. CRITERIA FOR CONSIDERING APPLICATIONS Applications may not be approved if The lands are prime agricultural lands or within a prime agricultural area;. NFP exempt. PDF at mulmur.ca.",Yes,"to prohibit or regulate the placing or dumping of fill, the stripping of topsoil and alteration to the grade of lands.",264,Yes,No,"to prohibit or regulate the placing or dumping of fill, the stripping of topsoil and alteration to the grade of lands.",
266,Muskoka,Upper Tier,Muskoka,http://www.muskoka.on.ca/,1858,,,,,NO BY-LAW IN PLACE,,,,266,,,,
265,Muskoka Lakes,Lower Tier,Muskoka,http://www.muskokalakes.ca/,1851,BY- LAW NUMBER 2022- 108,https://muskokalakes.civicweb.net/filepro/documents/78263/?preview=172774,2022-09-14,,COMPLETE - FARM FRIENDLY,NAP acknowledged.,No,to regulate and prohibit the modifications being made to the landscape on properties.,265,No,No,to regulate and prohibit the modifications being made to the landscape on properties.,
267,Nairn and Hyman,Single Tier,Sudbury,http://www.nairncentre.ca/,1865,,,,,COMPLETE,,,,267,,,,
268,Neebing,Single Tier,Thunder Bay,http://www.neebing.org/,1872,,,,,COMPLETE,,,,268,,,,
269,New Tecumseth,Lower Tier,Simcoe,http://www.town.newtecumseth.on.ca/,1879,By-law Number 2020 - 007,https://www.newtecumseth.ca/en/town-hall/resources/Documents/Site-Alteration-Fill-By-Law.pdf,2020-01-27,,COMPLETE - FARM FRIENDLY,,Yes,"A By-law of the Corporation of the Town of New Tecumseth to prohibit or regulate the placing or dumping of fill, soil stripping and/ or alteration to the grade of lands in areas of the Town of New Tecumseth the 'Town"")",269,Yes,Yes,"A By-law of the Corporation of the Town of New Tecumseth to prohibit or regulate the placing or dumping of fill, soil stripping and/ or alteration to the grade of lands in areas of the Town of New Tecumseth the 'Town"")","Except as provided in Section 5.2, this By- law shall not apply to the following: a) any work constituting the tillage of land pursuant to normal agricultural practices by a bona fide farmer b) the removal of topsoil as an incidental part of a normal agricultural practice including such removal as an incidental part of sod -farming, greenhouse operations and nurseries for horticultural products Municipal Act, 2001, Section 142 (6)) provided: i) the exception in 5. 1( b) respecting the removal of topsoil as an incidental part of a normal agricultural practice does not include the removal of topsoil for sale, exchange or other disposition; Municipal Act, 2001, Section142 (7)); ii) the importation of replacement topsoil will be subject to the permit requirements set out in section 11."
270,Newbury,Lower Tier,Middlesex,http://www.newbury.ca/,1886,"BY-LAW NO. 692, BEING THE RESTRICTED AREA 
(LAND USE) BY-LAW, AS AMENDED
(January 1, 2017 consolidated version)",https://newbury.ca/Zoning_BL-Consolidated_Version.pdf,1978-11-06,,COMPLETE,"No special provision other than allowing for use of land for agriculture purposes. Consult Zoning bylaw for additional information. (Minimum yard depth, frontage, ect.)",Other,,270,Other,Other,,"Agricultural (A1) Zone This zone permits the full range of agricultural activities. See SEC 5.1 PERMITTED USES No land, building, or structure shall be used or erected in the Agricultural (A) Zone except for the following purposes: agricultural use, agricultural home occupation, commercial greenhouse, ect."
271,Newmarket,Lower Tier,York,http://www.newmarket.ca/,1893,BY-LAW NUMBER 2016-58,https://www.newmarket.ca/LivingHere/Documents/2016-58%20Site%20Alteration%20By-law.pdf,2016-11-14,,COMPLETE,,Yes,"to prohibit or regulate the placing or dumping of fill, the removal of topsoil and the alteration of the grade of lands.",271,Yes,No,"to prohibit or regulate the placing or dumping of fill, the removal of topsoil and the alteration of the grade of lands.","6. EXEMPTIONS AND EXCEPTIONS 6.2 Routine agricultural activity such as tilling, plantingm harvesting and associated activities. Other agricultural activities are not exempt including activities such as construction of structures."
273,Niagara,Upper Tier,Niagara,http://www.niagararegion.ca/,1907,,,,,NO BY-LAW IN PLACE,,,,273,,,,
272,Niagara Falls,Lower Tier,Niagara,http://www.niagarafalls.ca/,1900,By- law No. 2015 - 08,pdf recevied by email#http://pdf recevied by email,2015-01-27,,COMPLETE,"25. The provisions of this By- law respecting the removal of topsoil do not apply to the removal of topsoil as an incidental part of a normal agricultural practice including such removal as an incidental part of sod -farming, greenhouse operations and nurseries for horticultural products. 26. The exception in section 25 respecting the removal of topsoil as an incidental part of a normal agricultural practice does not include the removal of topsoil for sale, exchange or other disposition.",No,"to prohibit or regulate the placing or dumping of fill, the removal of topsoil and the alteration of the grade of land",272,No,No,"to prohibit or regulate the placing or dumping of fill, the removal of topsoil and the alteration of the grade of land",
274,Niagara-on-the-Lake,Lower Tier,Niagara,http://www.notl.org/,1914,BY-LAW 3941-05,https://www.notl.com/media/2206,2005-06-13,,COMPLETE,"""Normal Agricultural Practices"" means any activity performed on private lands by the owner or owner's agent that is considered by the Normal Farm Practices Protection Board to be routine or common procedure for the type of crop, soil type or general climatic conditions related to the subject property, and (i) Is conducted in a manner consistent with proper and acceptable customs and standards as established and followed by similar circumstances, or (ii) Makes use of innovative technology in a manner consistent with proper advanced farm management practices.""",Yes,"A BY-LAW TO PROHIBIT OR REGULATE THE REMOVAL OF TOPSOIL, THE PLACING OR DUMPING OF FILL, AND THE ALTERATION OF THE GRADE OF LAND WITHIN THE ENTIRE TOWN OF NIAGARA-ON-THE-LAKE",274,Yes,No,"A BY-LAW TO PROHIBIT OR REGULATE THE REMOVAL OF TOPSOIL, THE PLACING OR DUMPING OF FILL, AND THE ALTERATION OF THE GRADE OF LAND WITHIN THE ENTIRE TOWN OF NIAGARA-ON-THE-LAKE","This By-law is not applicable to the following activities: The removal of topsoil as an incidental part of normal agricultural practice does not include the removal of topsoil for sale, exchange or other disposition; Any work pursuant to normal agricultural practices with a setback of 7.62 m (25ft) or greater from all property lines that does not change the direction, rate or quality of runoff that results in a detrimental effect on neighbouring properties:"
275,Nipigon,Single Tier,Thunder Bay,http://www.nipigon.net/,1921,,,,,COMPLETE,,,,275,,,,
276,Nipissing,Single Tier,Parry Sound,http://nipissingtownship.com/,1928,,,,,COMPLETE,,,,276,,,,
277,Norfolk,Single Tier,Norfolk,http://www.norfolkcounty.on.ca/,1935,,,,,COMPLETE,Mentions site alterations in Zoning by-law but it's for public property.,,,277,,,,
278,North Algona Wilberforce,Lower Tier,Renfrew,http://www.nalgonawil.com/,1942,,,,,NO BY-LAW IN PLACE,,,,278,,,,
279,North Bay,Single Tier,Nipissing,http://www.cityofnorthbay.ca/,1949,,,,,COMPLETE,,,,279,,,,
280,North Dumfries,Lower Tier,Waterloo,http://www.northdumfries.ca/,1956,BY-LAW 2612-14,https://www.northdumfries.ca/en/township-services/resources/Documents/By-laws/Consolidated-Fill-By-Law-2612-14-as-amended-9-consolidated-on-Oct-15-2021.pdf,2014-02-03,,COMPLETE,NAP acknowledged.,Yes,"to regulate the placing or dumping of fill, alteration of the grade of, or removal of topsoil from land.",280,Yes,No,"to regulate the placing or dumping of fill, alteration of the grade of, or removal of topsoil from land.","3. PERMIT 3.1(c) above, a person shall be exempt from providing a lot- grading plan in the following circumstance: (a) if the purpose of the Alteration is to improve the agricultural land use of the land and the quantity of the Fill being added is less than 1,000 cubic metres."
281,North Dundas,Lower Tier,"Stormont, Dundas and Glengarry",http://www.northdundas.com/,1963,,,,,COMPLETE,,,,281,,,,
282,North Frontenac,Lower Tier,Frontenac,http://www.northfrontenac.ca/,1970,,,,,COMPLETE,,,,282,,,,
67,North Glengarry,Lower Tier,"Stormont, Dundas and Glengarry",http://www.northglengarry.ca/,465,,,,,COMPLETE,,,,67,,,,
68,North Grenville,Lower Tier,Leeds and Grenville,http://www.northgrenville.ca/,472,,,,,COMPLETE,,,,68,,,,
69,North Huron,Lower Tier,Huron,http://www.northhuron.ca/,479,,,,,COMPLETE,,,,69,,,,
283,North Kawartha,Lower Tier,Peterborough,http://www.northkawartha.on.ca/,1977,,,,,COMPLETE,,,,283,,,,
284,North Middlesex,Lower Tier,Middlesex,http://www.northmiddlesex.on.ca/,1984,,,,,COMPLETE - FARM FRIENDLY,,,,284,,,,
285,North Perth,Lower Tier,Perth,http://www.northperth.ca/,1991,BY-LAW NO. 7-2023,https://www.northperth.ca/media/e3mlvxx4/building-and-site-alteration-by-law.pdf,2023-01-30,,COMPLETE,,No,"A By-law respecting Construction, Demolition and Change of Use Permits, Site Alteration and Inspections",285,No,No,"A By-law respecting Construction, Demolition and Change of Use Permits, Site Alteration and Inspections",
286,North Stormont,Lower Tier,"Stormont, Dundas and Glengarry",http://www.northstormont.ca/,1998,,,,,COMPLETE,,,,286,,,,
287,Northeastern Manitoulin & The Isl,Single Tier,Manitoulin,http://www.townofnemi.on.ca/,2005,,,,,COMPLETE,,,,287,,,,
288,Northern Bruce Peninsula,Lower Tier,Bruce,http://www.northbrucepeninsula.ca/,2012,,,,,COMPLETE,,,,288,,,,
289,Northumberland,Upper Tier,Northumberland,http://northumberland.ca/,2019,see local municipalities,,,,NO BY-LAW IN PLACE,,,,289,,,,
290,Norwich,Lower Tier,Oxford,http://www.twp.norwich.on.ca/,2026,,,,,COMPLETE,,,,290,,,,
291,O'Connor,Single Tier,Thunder Bay,http://www.oconnortownship.ca/,2033,,,,,NO BY-LAW IN PLACE,,,,291,,,,
292,Oakville,Lower Tier,Halton,http://www.oakville.ca/,2040,BY-LAW NUMBER 2023-047,https://www.oakville.ca/getmedia/080f8f52-4d20-431f-a318-12b3b05b9b5f/bylaw-2023-047-site-alteration.pdf?ext=.pdf,2023-05-23,,COMPLETE,NAP acknowledged.. Schedule B exemptions include farm provision.,Yes,to regulate site alterations.,292,Yes,No,to regulate site alterations.,
293,Oil Springs,Lower Tier,Lambton,http://www.oilsprings.ca/,2047,,,,,NO BY-LAW IN PLACE,,,,293,,,,
294,Oliver Paipoonge,Single Tier,Thunder Bay,http://www.oliverpaipoonge.on.ca/,2054,,,,,COMPLETE,,,,294,,,,
295,Opasatika,Single Tier,Cochrane,http://opasatika.net/,2061,,,,,COMPLETE,,,,295,,,,
296,Orangeville,Lower Tier,Dufferin,http://www.orangeville.ca/,2068,By-Law Number 2024-001,https://www.orangeville.ca/Modules/Bylaws/Bylaw/Download/0b5568ee-7caa-4367-8665-4f9a356d5a0a,2024-01-08,,COMPLETE,,Yes,"Being a By-law to prohibit or regulate the removal of topsoil, the placing or dumping of fill and the alteration of the grade of land in the Town of Orangeville (the ""Site Alteration By-law"")",296,Yes,NOT KNOWN,"Being a By-law to prohibit or regulate the removal of topsoil, the placing or dumping of fill and the alteration of the grade of land in the Town of Orangeville (the ""Site Alteration By-law"")","Prior to commencing Site Alteration, notification shall be provided where required by parts (2) and (3) below, except in the case of: Site Alteration that is incidental to a Normal Farm Practice carried out by an Agricultural Operation;"
297,Orillia,Single Tier,Simcoe,http://www.orillia.ca/,2075,"Development
Chapter 373 
Site Alteration",https://www.orillia.ca/Modules/Bylaws/Bylaw/Download/ac7c4c23-5cf8-4147-b650-9fd3abfff045,2020-01-01,,COMPLETE,"NFP acknowledged. 2 - Background Studies f) confirm wording with Janice, but doesn’t look farm friendly.",No,n/a,297,No,No,n/a,4. GENERAL PROVISIONS 373.4.12 Topsoil Replacement - Agricultural Land
298,Oro-Medonte,Lower Tier,Simcoe,http://www.oro-medonte.ca/,2082,By-law No. 2016-056,https://docs.oro-medonte.ca/WebLink/docview.aspx?id=45475&cr=1,2017-04-28,,COMPLETE - FARM FRIENDLY,NAP acknowledged.. NFP exempt per FFPPA. Amended by 2017-046.,Yes,"to Prohibit and Regulate the placing, dumping or removal of fill and the alteration of the grade.",298,Yes,No,"to Prohibit and Regulate the placing, dumping or removal of fill and the alteration of the grade.",
299,Oshawa,Lower Tier,Durham,http://www.city.oshawa.on.ca/,2089,By-Law 85-2006,https://www.oshawa.ca/en/Document-Feeds/General-By-Laws/SiteAlterationBy-law85-2006.pdf,2006-06-12,,COMPLETE,NAP acknowledged.. Normal Agricultural Practice explicitly exempt per bylaw text.,Yes,"to control the dumping of fill, removal of topsoil and alteration of grades.",299,Yes,No,"to control the dumping of fill, removal of topsoil and alteration of grades.",
300,Otonabee-South Monaghan,Lower Tier,Peterborough,http://www.osmtownship.ca/,2096,,,,,NO BY-LAW IN PLACE,,,,300,,,,
301,Ottawa,Single Tier,Ottawa,http://ottawa.ca/en,2103,By-law 2024-448,https://ottawa.ca/en/living-ottawa/laws-licences-and-permits/laws/laws-z/site-alteration-law-no-2024-448,2024-10-30,,COMPLETE,,Yes,"A by-law of the City of Ottawa to protect its agricultural resources and natural heritage features from negative impacts caused by site alteration, and to prevent drainage issues and public nuisances resulting from site alteration activities.",301,Yes,No,"A by-law of the City of Ottawa to protect its agricultural resources and natural heritage features from negative impacts caused by site alteration, and to prevent drainage issues and public nuisances resulting from site alteration activities.","(2) Despite subsection (1) the following activities are permitted: (a) Site Alteration that is incidental to a Normal Farm Practice carried out by an Agricultural Operation, including, but not limited to, sod-farming, greenhouse operations, nurseries, field and forage crop or livestock production, but not including the removal of Topsoil or peat for sale, exchange or other disposition; (b) Site Alteration associated with the implementation of a development that has been approved by the City under either the Planning Act or the Building Code Act, subject to the other provisions of this by-law and any applicable conditions of approval; and, (c) Site Alteration associated with the maintenance of services, including septic systems or wells, the installation and maintenance of fences, or the Landscaping and maintenance of yards, subject to the other provisions of this by-law. Despite subsection (1) the following activities are permitted: e) In designated Agricultural Resource Area or Rural Countryside lands, the clearing or stripping of trees and other vegetation by an Agricultural Operation in order to return lands to agricultural production in accordance with Normal Farm Practice. The provisions of this by-law do not apply where, topsoil removal is an incidental part of a normal agricultural practice including such removal as an incidental part of sod-farming, greenhouse operations and nurseries for horticultural products, but not including the removal of Topsoil for sale, exchange or other disposition"
302,Owen Sound,Lower Tier,Grey,http://www.owensound.ca/,2110,,,,,COMPLETE,,,,302,,,,
303,Oxford,Upper Tier,Oxford,http://www.oxfordcounty.ca/,2117,,,,,NO BY-LAW IN PLACE,,,,303,,,,
304,Papineau-Cameron,Single Tier,Nipissing,http://www.papineaucameron.ca/,2124,,,,,COMPLETE,,,,304,,,,
305,Parry Sound,Single Tier,Parry Sound,http://www.townofparrysound.com/,2131,,,,,COMPLETE,,,,305,,,,
306,Peel,Upper Tier,Peel,http://www.peelregion.ca/,2138,,,,,NO BY-LAW IN PLACE,,,,306,,,,
307,Pelee,Single Tier,Essex,http://www.pelee.org/,2145,,,,,COMPLETE,,,,307,,,,
308,Pelham,Lower Tier,Niagara,http://www.pelham.ca/,2152,"BY-LAW #624
Removal of Topsoil from Lands Bylaw",https://www.pelham.ca/en/town-hall/resources/Documents/bylaws/Removal-of-Topsoil-from-Lands-Bylaw.pdf,1980-07-28,,COMPLETE,"By-law 624(1980) is still active, with the exception that it was amended in 1987 with the attached By-law 1113(1987) to appoint a topsoil inspector.",No,to control the removal of topsoil from lands in the Town of Pelham.,308,No,No,to control the removal of topsoil from lands in the Town of Pelham.,
309,Pembroke,Single Tier,Renfrew,http://www.pembrokeontario.com/,2159,,,,,COMPLETE,,,,309,,,,
310,Penetanguishene,Lower Tier,Simcoe,http://www.penetanguishene.ca/,2166,By-law 2012-69,https://penetanguishene.civicweb.net/filepro/documents/search/?keywords=site%20alteration&location=14938&preview=172728,2012-11-28,,COMPLETE,NFP acknowledged.,No,"to Prohibit or Regulate the Removal, Placing or Dumping of Fill or the Alteration of the Grade of Property.",310,No,No,"to Prohibit or Regulate the Removal, Placing or Dumping of Fill or the Alteration of the Grade of Property.",
311,Perry,Single Tier,Parry Sound,http://www.townshipofperry.ca/,2173,,,,,COMPLETE,,,,311,,,,
312,Perth East,Lower Tier,Perth,https://www.pertheast.ca/en/index.aspx,2180,BY-LAW NUMBER 76-2002,https://www.pertheast.ca/Modules/Bylaws/Bylaw/Download/30ebea07-ee97-447b-bb30-0b64b3604c0b,2002-12-16,,COMPLETE - FARM FRIENDLY,,No,TO PROHIBIT AND/OR REGULATE THE REMOVAL OF TOPSOIL FROM LAND,312,No,No,TO PROHIBIT AND/OR REGULATE THE REMOVAL OF TOPSOIL FROM LAND,
313,Perth South,Lower Tier,Perth,https://www.perthsouth.ca/en/index.aspx,2187,,,,,COMPLETE,,,,313,,,,
314,"Perth, Co",Upper Tier,Perth,http://www.perthcounty.ca/,2194,,,,,COMPLETE,,,,314,,,,
315,"Perth, T",Lower Tier,Lanark,http://www.perth.ca/en/index.aspx,2201,,,,,COMPLETE,,,,315,,,,
316,Petawawa,Lower Tier,Renfrew,http://www.petawawa.ca/,2208,,,,,COMPLETE,,,,316,,,,
317,"Peterborough, C",Single Tier,Peterborough,http://www.peterborough.ca/,2215,By-law No. 25-108,https://www.peterborough.ca,,,COMPLETE,"Normal ag practices exempt: tilling, seeding, harvesting, topsoil removal.",Yes,,317,Yes,,,
318,"Peterborough, Co",Upper Tier,Peterborough,http://www.ptbocounty.ca/en/index.aspx,2222,,,,,NO BY-LAW IN PLACE,,,,318,,,,
319,Petrolia,Lower Tier,Lambton,http://town.petrolia.on.ca/,2229,,,,,NO BY-LAW IN PLACE,,,,319,,,,
320,Pickering,Lower Tier,Durham,https://www.pickering.ca/en/index.aspx,2236,By-Law Number 6060-02,https://www.pickering.ca/en/city-hall/resources/ENG/Design-Guidelines/Fill--Topsoil-Disturbance-By-law.pdf,2003-01-20,,COMPLETE,"NAP acknowledged.. Normal ag topsoil removal exempt (sod, greenhouse, nurseries).",Yes,"to prohibit or regulate the placing or dumping of fill, the removal of topsoil and the alteration of the grade of land.",320,Yes,No,"to prohibit or regulate the placing or dumping of fill, the removal of topsoil and the alteration of the grade of land.",
321,Pickle Lake,Single Tier,Kenora,http://www.picklelake.ca/,2243,,,,,COMPLETE,,,,321,,,,
322,Plummer Additional,Single Tier,Algoma,http://copperbaywebdesign.com/plummer_index.html,2250,,,,,COMPLETE,,,,322,,,,
323,Plympton-Wyoming,Lower Tier,Lambton,http://plympton-wyoming.com/,2257,,,,,COMPLETE,,,,323,,,,
324,Point Edward,Lower Tier,Lambton,http://www.villageofpointedward.com/,2264,,,,,NO BY-LAW IN PLACE,,,,324,,,,
325,Port Colborne,Lower Tier,Niagara,http://www.portcolborne.ca/,2271,BY-LAW NO. 5528-125-10,https://www.portcolborne.ca/en/business-and-development/resources/Documents/Planning/By-law%205528%20125%2010.pdf,2010-09-13,,COMPLETE,NFP and NAP acknowledged.,No,"to prohibit or regulate the removal of topsoil, the placing or dumping of fill and the alteration of the grade of land.",325,No,No,"to prohibit or regulate the removal of topsoil, the placing or dumping of fill and the alteration of the grade of land.",
326,Port Hope,Lower Tier,Northumberland,http://www.porthope.ca/,2278,,,,,COMPLETE,,,,326,,,,
327,Powassan,Single Tier,Parry Sound,http://www.powassan.net/,2285,,,,,COMPLETE - FARM FRIENDLY,,,,327,,,,
329,Prescott,Single Tier,Leeds and Grenville,http://www.prescott.ca/,2299,,,,,COMPLETE,,,,329,,,,
328,Prescott and Russell,Upper Tier,Prescott and Russell,http://www.prescott-russell.on.ca/,2292,,,,,NO BY-LAW IN PLACE,Not under Prescott and Russell jurisdiction; local municipalities’ responsibility,,,328,,,,
331,Prince,Single Tier,Algoma,http://www.princetwp.ca/,2313,,,,,COMPLETE,,,,331,,,,
330,Prince Edward County,Single Tier,Prince Edward,http://www.pecounty.on.ca/,2306,,,,,COMPLETE,,,,330,,,,
332,Puslinch,Lower Tier,Wellington,http://twp.puslinch.on.ca/,2320,BY-LAW NUMBER 2023-057,https://puslinch.ca/wp-content/uploads/2025/01/BL2023-057-Site-Alteration.pdf,2012-04-04,,COMPLETE,"5.1 Normal Farm Practice Waiver (a) A Normal Farm Practice Waiver may be applied for where: (i) The Site Alteration is deemed to be a Normal Farm Practice in accordance with the Ministry of Agriculture, Food and Rural Affairs and to the satisfaction of the Designated Official; (ii) All disputes will follow the Farm Practices Conflict Resolution Process as prescribed by the Ministry of Agriculture, Food and Rural Affairs; (b) Application Requirements for a Normal Farm Practice Waiver: (i) A complete Normal Farm Practice Site Alteration Waiver Application must be submitted to the Township using the prescribed form, as amended from time to time; (ii) No application fee is required; however, the Owner shall be responsible for any third-party cost and recoveries if an external review is required as determined by the Designated Official; (iii) A justification report prepared by a qualified person must be submitted demonstrating that the Site Alteration is considered a Normal Farm Practice in accordance with the Ministry of Agriculture, Food and Rural Affairs and to the satisfaction of the Designated Official and demonstrating the need for the proposed volume of Fill being imported to the Site; (iv) Security shall be provided to the Township in a form and amount to be determined in accordance with Schedule “C” to this By-law; 12 (v) Sufficient documentation must be submitted, to the satisfaction of the Designated Official, to demonstrate that the Site Alteration will not cause an Adverse Effect; (vi) Where the Site Alteration will involve the importation of Fill from off-site, documentation is to be provided to the Township to the satisfaction of the Designated Official including but not limited to: i. The volume of Fill being imported from off-site in cubic metres; ii. Documentation that the Fill complies with the parameters as set out in Section 3.8 of this By-law; iii. Documentation pertaining to the collection and laboratory analysis of samples of the Fill; iv. Documentation setting out the evaluation of the Fill sample results; v. Quality Control/Quality Assurance Program; and vi. Source Site confirmation; vii. Documentation demonstrating that the proposed Site Alteration meets the definition of Beneficial Purpose; (vii) A Control Plan must be completed per Schedule B, or aspects of the Control Plan as determined by the Designated Official; (viii) All required permits or approvals by any external agency having jurisdiction are required in order for a Normal Farm Practice Site Alteration Waiver to be issued, including but not limited to the Conservation Authority, Wellington Source Water Protection, and the County of Wellington; (ix) Submission of an approved haul route including road maintenance obligations, in accordance with the Township Road Activity By-law for the importation of Fill to or the removal of Fill from the Property; (x) Submission of an approved schedule and timing of the Site Alteration activities such that no activities occur, at a minimum: i. Between the hours of 7:00 p.m. and 7:00 a.m.; ii. During any period in which a wind warning has been issued by Environment Canada; iii. During any weather conditions where the ability to mitigate Site Alteration activity impacts is severely compromised (e.g., heavy rain, etc.); and iv. During any situation where Site Alteration activities can unduly impact adjacent landowners (e.g., brush fires, floods, unsuitable road conditions, etc.); (c) Approval/Refusal Process for a Normal Farm Practice Waiver: (i) All Normal Farm Practice Site Alteration Waiver applications are subject to a staff review and comment period. Conditions not described in this By-law may form part of the Waiver; (ii) The Normal Farm Practice Site Alteration Waiver shall be provided to the Owner by the Township’s Designated Official in writing and posted on the Township website; (iii) All Normal Farm Practice Waivers are subject to a staff review and comment period, which may form part of the Site Alteration Agreement and may include conditions not described in this By-law.",Yes,A By-law to prohibit and regulate the alteration of property and movement of fill within the Township of Puslinch,332,Yes,No,A By-law to prohibit and regulate the alteration of property and movement of fill within the Township of Puslinch,"Exemptions in this By-law: The removal of Topsoil as an incidental part of a normal Agricultural practice including such removal as an incidental part of sod-farming, greenhouse operations and nurseries for horticultural products except for the removal of Topsoil for sale, exchange, or other disposition"
333,Quinte West,Single Tier,Hastings,http://www.quintewest.ca/,2327,BY-LAW N0. 08-30,https://quintewest.ca/wp-content/uploads/2021/02/Bylaw-08-30-Site-Alteration-By-law.pdf,2008-05-03,,COMPLETE,"NAP acknowledged.. Normal Agricultural Practice defined: sod, greenhouse, nurseries.",Yes,"TO CONTROL THE DUMPING OF FILL, REMOVAL OF TOPSOIL AND ALTERATION OF GRADES.",333,Yes,No,"TO CONTROL THE DUMPING OF FILL, REMOVAL OF TOPSOIL AND ALTERATION OF GRADES.",
334,Rainy River,Single Tier,Rainy River,http://www.rainyriver.ca/,2334,,,,,NO BY-LAW IN PLACE,,,,334,,,,
335,Ramara,Lower Tier,Simcoe,http://www.ramara.ca/,2341,BYLAW NUMBER 2O18,https://www.ramara.ca/en/business-and-development/resources/Documents/Fill-Bylaw.pdf,2018-10-09,,COMPLETE,NAP acknowledged.,No,TO PROHIBIT OR REGULATE THE PLACING OR DUMPING OF FILL.,335,No,No,TO PROHIBIT OR REGULATE THE PLACING OR DUMPING OF FILL.,
336,Red Lake,Single Tier,Kenora,http://www.red-lake.com/,2348,,,,,COMPLETE,,,,336,,,,
337,Red Rock,Single Tier,Thunder Bay,http://www.redrocktownship.com/,2355,,,,,COMPLETE,,,,337,,,,
338,"Renfrew, Co",Upper Tier,Renfrew,http://www.countyofrenfrew.on.ca/,2362,,,,,NO BY-LAW IN PLACE,,,,338,,,,
339,"Renfrew, T",Lower Tier,Renfrew,http://www.renfrewontario.com/,2369,,,,,COMPLETE,,,,339,,,,
340,Richmond Hill,Lower Tier,York,http://www.richmondhill.ca/,2376,Chapter 967 / By-law 47-25,https://www.richmondhill.ca,2025-05-14,,COMPLETE,Replaced By-law 166-07. Ag topsoil removal exempt.,Yes,n/a,340,Yes,No,n/a,
341,Rideau Lakes,Lower Tier,Leeds and Grenville,http://www.twprideaulakes.on.ca/,2383,,,,,COMPLETE,,,,341,,,,
342,Russell,Lower Tier,Prescott and Russell,http://www.russell.ca/,2390,,,,,COMPLETE,,,,342,,,,
343,Ryerson,Single Tier,Parry Sound,http://www.ryersontownship.ca/,2397,BY-LAW NO. 11-12,https://www.ryersontownship.ca/content/town-hall/bylaws/fill-by-law-11-12.pdf,2012-04-03,,NO BY-LAW IN PLACE,,No,TO PERMANENTLY REGULATE THE PLACEMENT OF FILL.,343,No,NOT KNOWN,TO PERMANENTLY REGULATE THE PLACEMENT OF FILL.,
344,Sables-Spanish Rivers,Single Tier,Sudbury,http://www.sables-spanish.ca/,2404,,,,,COMPLETE,,,,344,,,,
345,Sarnia,Lower Tier,Lambton,http://www.sarnia.ca/,2411,,,,,COMPLETE,,,,345,,,,
346,Saugeen Shores,Lower Tier,Bruce,http://www.saugeenshores.ca/,2418,,,,,COMPLETE,,,,346,,,,
347,Sault Ste Marie,Single Tier,Algoma,https://saultstemarie.ca/Government/City-Departments/Legal/City-By-laws.aspx?ext=.,2425,,,,,COMPLETE,,,,347,,,,
348,Schreiber,Single Tier,Thunder Bay,http://www.schreiber.ca/,2432,,,,,COMPLETE,,,,348,,,,
349,Scugog,Lower Tier,Durham,http://www.township.scugog.on.ca/,2439,BY-LAW NUMBER 62-15,https://www.scugog.ca/media/5xrd1lh0/62-15-site-alteration-by-law-consolidation.pdf,2015-11-02,,COMPLETE,"NAP acknowledged. Section 4 - Requirements for Issuance of an Agricultural Permit 4.02 An owner applying for a permit under this By-law shall provide the following, as specified by the Director: (a) a completed application form including an active Farm Registration Number from Farm Registration and Farms Organization Funding Act (""FRFOFA""), and are in good standing under the FRFOFA; 5.09 (f) any possible effects of the large site alteration on existing agricultural resources; Confirm with Janice, many mentions of agriculture.. NFP per FFPPA. ≤500m³/yr, ≤20cm landform change.",Yes,"TO PROHIBIT OR REGULATE THE REMOVAL OF TOPSOIL, THE PLACING OR DUMPING OF FILL AND THE ALTERATION OF THE GRADE OF LAND.",349,Yes,No,"TO PROHIBIT OR REGULATE THE REMOVAL OF TOPSOIL, THE PLACING OR DUMPING OF FILL AND THE ALTERATION OF THE GRADE OF LAND.",
350,Seguin,Single Tier,Parry Sound,http://www.twp.seguin.on.ca/,2446,BY-LAW No. 2008-105,https://www.seguin.ca/en/township-services/resources/BL_By-law_Enforcement/BL-Bylaw2008105Fill.PDF,2008-08-05,,COMPLETE,,No,,350,No,No,,
351,Selwyn,Lower Tier,Peterborough,http://www.selwyntownship.ca/en/index.asp,2453,,,,,COMPLETE,,,,351,,,,
352,Severn,Lower Tier,Simcoe,http://www.townshipofsevern.com/,2460,,,,,COMPLETE,,,,352,,,,
353,Shelburne,Lower Tier,Dufferin,http://www.townofshelburne.on.ca/,2467,,,,,COMPLETE,,,,353,,,,
354,Shuniah,Single Tier,Thunder Bay,http://www.shuniah.org/,2474,,,,,COMPLETE,,,,354,,,,
355,Simcoe,Upper Tier,Simcoe,http://www.simcoe.ca/,2481,,,,,NO BY-LAW IN PLACE,,,,355,,,,
356,Sioux Lookout,Single Tier,Kenora,http://www.siouxlookout.ca/,2488,,,,,COMPLETE,,,,356,,,,
357,Sioux Narrows-Nestor Falls,Single Tier,Kenora,http://www.siouxnarrows-nestorfalls.ca/,2495,,,,,NO BY-LAW IN PLACE,,,,357,,,,
358,Smiths Falls,Single Tier,Lanark,http://www.smithsfalls.ca/,2502,,,,,COMPLETE,,,,358,,,,
359,Smooth Rock Falls,Single Tier,Cochrane,http://www.townofsmoothrockfalls.ca/,2509,,,,,COMPLETE,,,,359,,,,
360,South Algonquin,Single Tier,Nipissing,http://www.township.southalgonquin.on.ca/,2516,,,,,COMPLETE,,,,360,,,,
362,South Bruce,Lower Tier,Bruce,http://www.town.southbruce.on.ca/,2530,,,,,COMPLETE,,,,362,,,,
363,South Dundas,Lower Tier,"Stormont, Dundas and Glengarry",http://www.southdundas.com/,2537,,,,,NO BY-LAW IN PLACE,,,,363,,,,
364,South Frontenac,Lower Tier,Frontenac,http://www.township.southfrontenac.on.ca/,2544,,,,,COMPLETE - FARM FRIENDLY,,,,364,,,,
365,South Glengarry,Lower Tier,"Stormont, Dundas and Glengarry",http://southglengarry.com/,2551,,,,,COMPLETE,,,,365,,,,
366,South Huron,Lower Tier,Huron,http://www.southhuron.ca/,2558,"South Huron Zoning By-law 69-2018 
MUNICIPALITY OF SOUTH HURON ZONING BY-LAW",https://www.southhuron.ca/en/government/resources/Commonly-Requested-By-Laws/South-Huron-Consolidated-ZBL.pdf,,,COMPLETE,,No,,366,No,No,,"Building includes any structure whether temporary or permanent, used or built for any purpose other than a lawful boundary, wall or fence. Any enclosure, fixed non-retractable awning, bin, bunk or other container, or platform, used upon any land or in conjunction with or connected to any structure for any purpose shall be deemed a building"
367,South River,Single Tier,Parry Sound,http://www.southriverontario.com/,2565,,,,,COMPLETE,,,,367,,,,
368,South Stormont,Lower Tier,"Stormont, Dundas and Glengarry",http://southstormont.ca/,2572,,,,,COMPLETE,,,,368,,,,
371,South-West Oxford,Lower Tier,Oxford,http://www.swox.org/,2593,BY-LAW NO. 25-2005,given by email#http://given by email,2005-07-05,,COMPLETE,,No,to regulate or prohibit the removal of topsoil,371,No,No,to regulate or prohibit the removal of topsoil,
369,Southgate,Lower Tier,Grey,http://www.town.southgate.on.ca/,2579,By-law Number 2017-049,https://www.southgate.ca/en/local-government/resources/documents/By-laws-and-Policies/By-law-Listing/2017-049.pdf,2017-07-19,,COMPLETE,Farm exemption verified.,Yes,"to Regulate the Placement of Fill, Removal of Topsoil and Site Alteration.",369,Yes,No,"to Regulate the Placement of Fill, Removal of Topsoil and Site Alteration.",
370,Southwest Middlesex,Lower Tier,Middlesex,http://www.southwestmiddlesex.ca/,2586,,,,,COMPLETE,,,,370,,,,
372,Southwold,Lower Tier,Elgin,http://www.twp.southwold.on.ca/,2600,2023-27 Site Alteration By-Law,https://www.southwold.ca/en/municipal-office/2023-27-site-alteration-by-law.aspx,2023-04-24,,COMPLETE,NFP acknowledged.. NFP exempt per FFPPA s.1.1.,Yes,,372,Yes,No,,
373,Spanish,Single Tier,Algoma,http://www.townofspanish.com/,2607,,,,,NO BY-LAW IN PLACE,,,,373,,,,
374,Springwater,Lower Tier,Simcoe,http://www.springwater.ca/,2614,By-law 2022- 105,https://www.springwater.ca/en/township-hall/resources/Documents/By-laws/2022-105-Fill-and-Site-Alteration-By-Law---Signed.pdf,2022-12-21,,COMPLETE,"NFP acknowledged.. Normal farm practice topsoil exempt (sod, greenhouse, nurseries).",Yes,to regulate and prohibit the placing or dumping of fill and site alterations,374,Yes,No,to regulate and prohibit the placing or dumping of fill and site alterations,
375,St Catharines,Lower Tier,Niagara,http://www.stcatharines.ca/,2621,,,,,COMPLETE,,,,375,,,,
377,St Clair,Lower Tier,Lambton,http://www.twp.stclair.on.ca/,2635,,,,,COMPLETE,,,,377,,,,
378,St Joseph,Single Tier,Algoma,http://www.stjosephtownship.com/,2642,,,,,COMPLETE,,,,378,,,,
379,St Marys,Single Tier,Perth,http://www.townofstmarys.com/,2649,"BY-LAW 72-2018
Site Alteration By-Law",https://stmarys.civicweb.net/filepro/document/3154/72-2018%20Site%20Alteration.pdf,2018-08-28,,COMPLETE,This Bylaw was very hard to track down - only found it because of correspondance with the clerk - 7/13,Yes,"to prohibit or regulate the removal of topsoil, the placing or dumping of fill, and the alteration of grade of land",379,Yes,No,"to prohibit or regulate the removal of topsoil, the placing or dumping of fill, and the alteration of grade of land","SEE SECTION 4.1 EXCEPTIONS (h) (h) the Removal of Soil as an incidental part of a normal agricultural practice, provided however that this provision shall not exempt from the provisions of this By-law the Removal of Topsoil for sale, exchange or other disposition."
380,St Thomas,Single Tier,Elgin,https://www.stthomas.ca/,2656,BY-LAW NO. 161-2010,https://cdnsm5-hosted.civiclive.com/UserFiles/Servers/Server_12189721/File/City%20Hall/Planning%20and%20Building%20Services/Building%20Services/Site%20Alteration%20By-law/Site%20Alteration%20By-law%20161-2010.pdf,2010-11-01,,COMPLETE,NAP (normal agricultural practice) acknowledged.,No,"to prohibit or regulate the removal of topsoil, the placing or dumping of fill, and the alteration of the grade of land.",380,No,No,"to prohibit or regulate the removal of topsoil, the placing or dumping of fill, and the alteration of the grade of land.",
376,St-Charles,Single Tier,Sudbury,http://www.stcharlesontario.ca/,2628,,,,,COMPLETE,,,,376,,,,
381,Stirling-Rawdon,Lower Tier,Hastings,http://www.stirling-rawdon.com/,2663,,,,,NO BY-LAW IN PLACE,,,,381,,,,
382,Stone Mills,Lower Tier,Lennox and Addington,http://www.stonemills.com/,2670,,,,,COMPLETE,,,,382,,,,
383,"Stormont, Dundas and Glengarry",Upper Tier,"Stormont, Dundas and Glengarry",http://www.sdg.on.ca/,2677,,,,,NO BY-LAW IN PLACE,,,,383,,,,
384,Stratford,Single Tier,Perth,https://www.stratford.ca/en/index.aspx,2684,By-Law No. 102-2022,given by email#http://given by email,2022-08-08,,COMPLETE,NFP exempt,No,,384,No,No,,"to prohibit and regulate the placing or dumping of fill, removal of topsoil and the alteration of the grade of land"
385,Strathroy-Caradoc,Lower Tier,Middlesex,https://www.strathroy-caradoc.ca/en/index.aspx,2691,"BYLAW NO. 07-22
Site Alteration By-Law",https://www.strathroy-caradoc.ca/en/city-hall/resources/BYLAWS/07-22-Site-Alteration-By-law.pdf,2022-01-17,,COMPLETE,,Yes,"BEING A BY-LAW TO PROHIBIT AND REGULATE THE PLACING OR DUMPING OF FILL, REMOVAL OF TOPSOIL, AND THE ALTERATION OF THE GRADE OF LAND IN THE MUNICIPALITY OF STRATHROY-CARADOC",385,Yes,Yes,"BEING A BY-LAW TO PROHIBIT AND REGULATE THE PLACING OR DUMPING OF FILL, REMOVAL OF TOPSOIL, AND THE ALTERATION OF THE GRADE OF LAND IN THE MUNICIPALITY OF STRATHROY-CARADOC","c) Normal farm practices as defined in section 1.1 of the Farming and Food Production Protection Act, 1998, S.O. 1998, c. 1, as amended or replaced."
386,Strong,Single Tier,Parry Sound,http://www.strongtownship.com/,2698,,,,,COMPLETE,,,,386,,,,
387,Sundridge,Single Tier,Parry Sound,http://www.sundridge.ca/,2705,,,,,COMPLETE,,,,387,,,,
388,Tarbutt,Single Tier,Algoma,http://www.tarbutttownship.com/,2712,24-2016,https://tarbutt.ca/wp-content/uploads/2023/11/24-2016-Topsoil-Removal.pdf,2016-12-14,,COMPLETE - FARM FRIENDLY,,No,,388,No,,,
390,Tay,Lower Tier,Simcoe,http://www.tay.ca/,2726,BY-LAW NO. 98-43,https://www.tay.ca/media/m1afc4u2/dumping-fill-by-law.pdf,2012-06-13,,COMPLETE,,No,to prohibit or regulate the placing or Dumping of Fill.,390,No,No,to prohibit or regulate the placing or Dumping of Fill.,
389,Tay Valley,Lower Tier,Lanark,http://www.tayvalleytwp.ca/,2719,,,,,COMPLETE,,,,389,,,,
391,Tecumseh,Lower Tier,Essex,http://www.tecumseh.ca/,2733,BY-LAW 2004-29,https://www.tecumseh.ca/en/town-hall/resources/Documents/BYLAW-2004-29-Dumping-and-Grading.pdf,2004-05-18,,COMPLETE,,No,"to provide for the regulation of the placing or dumping of fill, alteration of the grade of, or removal of topsoil.",391,No,Yes,"to provide for the regulation of the placing or dumping of fill, alteration of the grade of, or removal of topsoil.",SECTION 5 - ADDITIONAL AGRICULTURAL ZONE PROVISIONS
392,Tehkummah,Single Tier,Manitoulin,https://tehkummah.ca/,2740,,,,,COMPLETE,,,,392,,,,
393,Temagami,Single Tier,Nipissing,http://www.temagami.ca/,2747,,,,,COMPLETE,,,,393,,,,
394,Temiskaming Shores,Single Tier,Timiskaming,http://www.temiskamingshores.ca/,2754,,,,,COMPLETE - FARM FRIENDLY,,,,394,,,,
395,Terrace Bay,Single Tier,Thunder Bay,http://www.terracebay.ca/,2761,,,,,COMPLETE,,,,395,,,,
396,Thames Centre,Lower Tier,Middlesex,http://www.thamescentre.on.ca/,2768,,,,,COMPLETE,As of 2022,,,396,,,,
397,The Archipelago,Single Tier,Parry Sound,http://www.thearchipelago.on.ca/,2775,Draft,https://archipelago2021.municipalwebsites.ca/ckfinder/connector?command=Proxy&lang=en&type=Files&currentFolder=%2F&hash=c245c263ce0eced480effe66bbede6b4d46c15ae&fileName=Draft%20Site%20Alteration%20By-law%20(Nov%202023).pdf,,,NO BY-LAW IN PLACE,Draft available as of November 2023. NAP acknowledged.,No,"TO PROHIBIT OR REGULATE THE REMOVAL OF TOPSOIL, THE PLACING OR DUMPING OF FILL AND THE ALTERATION OF THE GRADE OF LAND.",397,No,No,"TO PROHIBIT OR REGULATE THE REMOVAL OF TOPSOIL, THE PLACING OR DUMPING OF FILL AND THE ALTERATION OF THE GRADE OF LAND.",
398,The Blue Mountains,Lower Tier,Grey,http://www.thebluemountains.ca/,2782,BY-LAW NO. 2002 – 78,https://www.thebluemountains.ca/sites/default/files/2021-09/Fill-By-law-2002-78-Office-Consolidation.pdf,2002-10-28,,COMPLETE,Cretaed in 2002 but still active as of 2021.,No,"to prohibit or regulate the placing or dumping of fill, and/or the alteration of the grade of land.",398,No,No,"to prohibit or regulate the placing or dumping of fill, and/or the alteration of the grade of land.",
399,The Nation,Lower Tier,Prescott and Russell,http://www.nationmun.ca/,2789,,,,,COMPLETE,,,,399,,,,
400,The North Shore,Single Tier,Algoma,http://www.townshipofthenorthshore.ca/,2796,,,,,COMPLETE,,,,400,,,,
361,The South Bruce Peninsula,Lower Tier,Bruce,http://www.southbrucepeninsula.com/,2523,,,,,COMPLETE,,,,361,,,,
401,Thessalon,Single Tier,Algoma,http://www.thessalon.ca/,2803,,,,,COMPLETE,,,,401,,,,
402,Thornloe,Single Tier,Timiskaming,https://211ontario.ca/service/65314375/thornloe-village-of-administration/,2810,,,,,NO BY-LAW IN PLACE,,,,402,,,,
403,Thorold,Lower Tier,Niagara,http://www.thorold.com/,2817,By-law No. 17-2021,https://www.thorold.ca/en/resourcesGeneral/By-law-No.-17-2021-Site-Alteration.pdf,,,COMPLETE,Signatures and exact date missing. NFP acknowedged.,Yes,"to regulate the removal, placing or dumping of fill.",403,Yes,No,"to regulate the removal, placing or dumping of fill.",PART VI — EXEMPTIONS (m) (ii) carried on by Owners or properties that have an active registration as a “farming business” as defined in the Farm Registration and Farms Organization Funding Act and are in good standing under that statute;
404,Thunder Bay,Single Tier,Thunder Bay,http://www.thunderbay.ca/,2824,BY-LAW NUMBER 135 1997,given by email#http://given by email,1997-06-23,,COMPLETE,,No,none,404,No,No,none,
405,Tillsonburg,Lower Tier,Oxford,http://www.town.tillsonburg.on.ca/,2831,,,,,COMPLETE,,,,405,,,,
406,Timmins,Single Tier,Cochrane,http://www.timmins.ca/,2838,BY-LAW No. 2019-8343,https://timmins.civicweb.net/filepro/documents/search/search?exact=site%20alteration%20by-law&page=1&location=67&preview=20697,2019-06-25,,COMPLETE,NAP acknowledged.. S.3.4 normal ag practice topsoil exempt. Administered by MRCA.,Yes,"to prohibit or regulate any alteration to the grade (topography) of land, the dumping or placement of fill, the removal of topsoil, soil or fill, the inferference with and damage to watercourses, drainage systems and water supplies, alterations to drainage and site alterations, and the use ofmunicipal highways for the movement of topsoil, soil or fill.",406,Yes,No,"to prohibit or regulate any alteration to the grade (topography) of land, the dumping or placement of fill, the removal of topsoil, soil or fill, the inferference with and damage to watercourses, drainage systems and water supplies, alterations to drainage and site alterations, and the use ofmunicipal highways for the movement of topsoil, soil or fill.",
407,Tiny,Lower Tier,Simcoe,http://www.township.tiny.on.ca/,2845,,,,,COMPLETE,,,,407,,,,
408,Toronto,Single Tier,Toronto,http://www.toronto.ca/,2852,,,,,COMPLETE,,,,408,,,,
409,Trent Hills,Lower Tier,Northumberland,http://www.trenthills.ca/,2859,,,,,COMPLETE - FARM FRIENDLY,,,,409,,,,
410,Trent Lakes,Lower Tier,Peterborough,http://www.trentlakes.ca/,2866,,,,,COMPLETE,,,,410,,,,
411,Tudor and Cashel,Lower Tier,Hastings,http://www.tudorandcashel.com/,2873,,,,,COMPLETE,,,,411,,,,
412,Tweed,Lower Tier,Hastings,http://www.tweed.ca/,2880,,,,,COMPLETE,,,,412,,,,
413,Tyendinaga,Lower Tier,Hastings,http://www.tyendinagatownship.com/,2887,,,,,COMPLETE,,,,413,,,,
414,Uxbridge,Lower Tier,Durham,http://www.town.uxbridge.on.ca/,2894,BY-LAW NUMBER 2010-084,https://www.uxbridge.ca/en/your-local-government/resources/Documents/Fill-Site-Alteration-By-law-No.-2010-084---consolidated---2021-Fee-Chart-Update-Amendment.pdf,2010-05-10,,COMPLETE,"NAP acknowledged.. S.3.2(f) farm exemption verified. ≤20cm/yr, ≤1000m³ storage.",Yes,"TO PROHIBIT OR REGULATE THE REMOVAL OF TOPSOIL, THE PLACING OR DUMPING OF FILL AND THE ALTERATION OF THE GRADE OF LAND.",414,Yes,No,"TO PROHIBIT OR REGULATE THE REMOVAL OF TOPSOIL, THE PLACING OR DUMPING OF FILL AND THE ALTERATION OF THE GRADE OF LAND.",
415,Val Rita-Harty,Single Tier,Cochrane,http://valharty.ca/en/,2901,,,,,COMPLETE,,,,415,,,,
416,Vaughan,Lower Tier,York,http://www.city.vaughan.on.ca/,2908,Site Alteration By-law 031-2024,https://www.vaughan.ca,2024,,COMPLETE,Replaced 189-96 & 164-2019. NFP topsoil exempt on ag lands.,Yes,To prohibit or regulate the placing or dumping of fill.,416,Yes,Yes,To prohibit or regulate the placing or dumping of fill.,"2. PROHIBITIONS Section (1) {No person shall remove, place or dump fill or cause fill to be removed, placed or dumped} does not apply where: (h) fill is dumped or placed on lands zoned ""Agricultural"" where there is a minor alteration to the grade of land as an incidental part of a commonly accepted agricultural practice."
417,Wainfleet,Lower Tier,Niagara,http://www.wainfleet.ca/,2915,BY-LAW NO. 025-2022,"https://www.wainfleet.ca/sites/24/files/2024-06/BL025-2022-Site-Alteration.pdf?field_types_target_id=63#:~:text=THE%20CORPORATION%20OF%20THE%20TOWNSHIP,25%2C%20authorize",2022-05-31,,COMPLETE,NFP acknowledged.,Yes,"to regulate the removal, placing or dumping of fill.",417,Yes,No,"to regulate the removal, placing or dumping of fill.","6. EXEMPTIONS o) the stockpiling of Fill in the ordinary course of the operation of a garden supply establishment that is legally established under the Zoning By-law, provided that such activity does not result in the permanent alteration of the existing grade of the land of the garden supply establishment. For this exemption to apply, the Owner must: (i) maintain records from the material source sites indicating that the imported Fill meets the requirements of the site condition standards for agricultural uses."
418,Warwick,Lower Tier,Lambton,http://www.warwicktownship.ca/,2922,,,,,COMPLETE,,,,418,,,,
419,Wasaga Beach,Lower Tier,Simcoe,http://www.wasagabeach.com/,2929,,,,,COMPLETE,,,,419,,,,
420,"Waterloo, C",Lower Tier,Waterloo,http://www.city.waterloo.on.ca/,2936,Bylaw Number 2010 - 066,https://www.waterloo.ca/en/living/site-alteration-bylaw.aspx,2010-05-17,,COMPLETE,NAP acknowledged.. Normal ag practice exempt per Municipal Act s.142.6.,Yes,"to prohibit and regulate the placing or dumping of fill, the removal of topsoil and the alteration of the grade of lands.",420,Yes,No,"to prohibit and regulate the placing or dumping of fill, the removal of topsoil and the alteration of the grade of lands.",
421,"Waterloo, R",Upper Tier,Waterloo,http://www.region.waterloo.on.ca/,2943,,,,,NO BY-LAW IN PLACE,,,,421,,,,
422,Wawa,Single Tier,Algoma,http://www.wawa.cc/,2950,,,,,COMPLETE,Confirmed over phone call.,,,422,,,,
423,Welland,Lower Tier,Niagara,http://www.welland.ca/,2957,BY -LAW NUMBER 2010- 81,https://www.welland.ca/Bylaws/bylaw2010-88.pdf,2010-06-15,,COMPLETE,"NAP acknowledged. PROHIBITIONS: 2.8 Subject to section 3.10, no person shall carry out any site alteration on Agricultural Lands to an average depth greater than 300mm. REQUIREMENTS FOR ISSUANCE OF A PERMIT 4.1.9 for site alteration on agricultural lands, a soil fertility report, signed by a professional engineer/soil scientist, confirming that the site alteration will not result in a reduction in the overall soil fertility;",No,"TO REGULATE OR PROHIBIT REMOVAL OF TOPSOIL, PLACING OR DUMPING OF FILL, AND ALTERATION OF THE GRADE OF LAND.",423,No,No,"TO REGULATE OR PROHIBIT REMOVAL OF TOPSOIL, PLACING OR DUMPING OF FILL, AND ALTERATION OF THE GRADE OF LAND.",
424,Wellesley,Lower Tier,Waterloo,https://www.wellesley.ca/en/Index.aspx,2964,,,,,COMPLETE,,,,424,,,,
426,Wellington,Upper Tier,Wellington,http://www.wellington.ca/,2978,,,,,NO BY-LAW IN PLACE,,,,426,,,,
425,Wellington North,Lower Tier,Wellington,http://www.wellington-north.com/,2971,BY-LAW NUMBER 011-2025,https://www.wellington-north.com/sites/default/files/2025-03/011-2025%20Site%20Alteration%20and%20Fill%20By-law.pdf,,,COMPLETE,"“Agriculture and agricultural” shall means a use of land, building or structure for
the purpose of animal husbandry, raising of livestock and other animals for food or
fur including poultry, bee-keeping, fish, aqua-culture and dairy, the growing of field
crops, vegetables, agro-forestry, forestry, fruit farming, sod farming, greenhouses
and horticulture crops, pasturage, fallow, maple syrup production or any other
farming use; and includes the growing, raising, packing, treating, storing, and sale
of agricultural products produced on the premises but does not include an abattoir,
a kennel or a rendering plant, commercial greenhouse and/or nursery or garden
centre;
“Applicant",Yes,"(k) Any work constituting the tillage of Land pursuant to normal agricultural
practices in accordance with the Ministry of Agriculture, Food and Rural Affairs
by a bona fide farmer on Lands for which agricultural activities are lawfully
permitted; ",425,Yes,Yes,"TO PROHIBIT OR REGULATE THE ALTERATION
OF PROPERTY THROUGH MOVEMENT OF FILL, PLACING OR
DUMPING OF FILL, SOIL STRIPPING AND/OR ALTERATION TO THE
GRADE OF LANDS","(k) Any work constituting the tillage of Land pursuant to normal agricultural
practices in accordance with the Ministry of Agriculture, Food and Rural Affairs
by a bona fide farmer on Lands for which agricultural activities are lawfully
permitted; "
427,West Elgin,Lower Tier,Elgin,http://www.westelgin.net/,2985,,,,,COMPLETE,,,,427,,,,
428,West Grey,Lower Tier,Grey,http://www.westgrey.com/,2992,BY-LAW 120-2018,received by email#http://received by email,2018-10-15,,COMPLETE,NFP exempt. Notes already said NFP exempt. Correcting exemption status.,Yes,"to regulate the placement of fill, removal of topsoil and site alteration",428,Yes,No,"to regulate the placement of fill, removal of topsoil and site alteration",
429,West Lincoln,Lower Tier,Niagara,http://www.westlincoln.ca/,2999,BY-LAW 2016-41,https://www.westlincoln.ca/en/resources/Site-Alteration-By-law-consolidated-no-fees.pdf,2016-06-27,,COMPLETE,NFP acknowledged. 1. SITE ALTERATION OF PROPERTY 1.6 It is the responsibility of the owner to ensure the lands are returned to agricultural production and the owner acknowledges and agrees that security shall not be returned until an agricultural operation is evident on the affected lands.,Yes,TO REGULATE THE PLACING OR DUMPING OF FILL.,429,Yes,No,TO REGULATE THE PLACING OR DUMPING OF FILL.,"Part V- EXEMPTIONS 12. (i) A Permit is not required for: a) A Site Alteration involving an amount of Fill less than five hundred (500) cubic metres on a Lot within any one year period, for improved agricultural compatibility on agricultural lands or accessory to the permitted main use on other lands in the Township."
430,West Nipissing,Single Tier,Nipissing,http://www.westnipissing.ca/,3006,,,,,COMPLETE,,,,430,,,,
431,West Perth,Lower Tier,Perth,http://www.westperth.com/,3013,,,,,COMPLETE,,Yes,,431,Yes,Yes,,
432,Westport,Lower Tier,Leeds and Grenville,http://www.village.westport.on.ca/,3020,,,,,COMPLETE,,,,432,,,,
433,Whitby,Lower Tier,Durham,http://www.whitby.ca/en/,3027,By-law # 7425 -18,https://www.whitby.ca/Modules/Bylaws/Bylaw/Download/67fcc688-1dbd-4569-a65c-f88565f15a32,2018-06-25,,COMPLETE,NAP acknowledged.. S.3.5 (amended by 7511-19) ag topsoil exempt.,Yes,"to prohibit or regulate any alteration to the grade (topography) of land and the use of municipal highways through the movement, removal or placement of topsoil, soil or fill.",433,Yes,No,"to prohibit or regulate any alteration to the grade (topography) of land and the use of municipal highways through the movement, removal or placement of topsoil, soil or fill.",
434,Whitchurch-Stouffville,Lower Tier,York,http://www.townofws.com/,3034,BY-LAW NUMBER 2024-037-RE,https://whitchurch.civicweb.net/filepro/documents/180253/?preview=184502,2024-01-01,,COMPLETE,Normal farm practices + garden centers exempt per 2024-037-RE.,Yes,"BEING A BY-LAW to prohibit and regulate any alteration to the Grade of Property through the movement, removal or Placing of Topsoil, or Fil",434,Yes,No,"BEING A BY-LAW to prohibit and regulate any alteration to the Grade of Property through the movement, removal or Placing of Topsoil, or Fil",
435,White River,Single Tier,Algoma,http://www.whiteriver.ca/,3041,,,,,NO BY-LAW IN PLACE,,,,435,,,,
436,Whitestone,Single Tier,Parry Sound,http://www.whitestone.ca/,3048,,,,,COMPLETE,As of April 2023. Draft by-law may be proposed down the road.,,,436,,,,
437,Whitewater Region,Lower Tier,Renfrew,http://www.whitewaterregion.ca/,3055,,https://timmins.civicweb.net/filepro/document/20697/Site%20Alteration%20By-Law.pdf,,,COMPLETE,,,,437,,,,
438,Wilmot,Lower Tier,Waterloo,http://www.wilmot.ca/,3062,,,,,COMPLETE,,,,438,,,,
439,Windsor,Single Tier,Essex,http://www.citywindsor.ca/,3069,BY-LAW NUMBER 6938,https://www.citywindsor.ca/cityhall/By-laws-Online/Documents/By-law%206938.pdf,1981-05-04,,COMPLETE,update of by-law in progress,No,RESPECTING THE PLACING OR DUMPING OF FILL.,439,No,No,RESPECTING THE PLACING OR DUMPING OF FILL.,
440,Wollaston,Lower Tier,Hastings,http://www.township.wollaston.on.ca/,3076,,,,,COMPLETE,,,,440,,,,
441,Woodstock,Lower Tier,Oxford,https://www.cityofwoodstock.ca/en/index.aspx,3083,,,,,COMPLETE,,,,441,,,,
442,Woolwich,Lower Tier,Waterloo,http://www.woolwich.ca/,3090,By-law No. 51-2024,"https://www.woolwich.ca/media/2dcf2g5q/51-2024-a-by-law-to-prohibit-or-regulate-site-alteration.pdf#:~:text=By,law%20is%20for%20convenient",2024-08-24,,COMPLETE,NFP acknowledged.,Yes,to Prohibit or Regulate Site Alteration.,442,Yes,No,to Prohibit or Regulate Site Alteration.,"Exemptions 7. In accordance with section 142 (5) and 142 (6) of the Municipal Act, this bylaw does not apply to: the removal of Topsoil as an incidental part of a normal agricultural practice as defined in the Farming and Food Production Protection Act, 1998, S.O. 1998, c.1., including such harvesting or removal as an incidental part of sod-farming, greenhouse operations and nurseries for horticultural products; i. the exception in Part III Section 7 (h) respecting the removal of Topsoil as an incidental part of a normal agricultural practice does not include the removal of Topsoil for sale, exchange or other disposition;"
443,York,Upper Tier,York,http://www.york.ca/,3097,,,,,NO BY-LAW IN PLACE,,,,443,,,,
444,Zorra,Lower Tier,Oxford,http://www.zorra.on.ca/,3104,BY-LAW NO. 49-03,https://www.zorra.ca/en/our-township/resources/By-Law-Policies/49-03-Site-Alteration-By-law.pdf,2003-09-30,,COMPLETE - FARM FRIENDLY,NAP acknowledged.,No,"TO PROHIBIT AND REGULATE THE PLACING OR DUMPING OF FILL, THE REMOVAL OF TOPSOIL AND THE ALTERATION OF THE GRADE OF LAND.",444,No,No,"TO PROHIBIT AND REGULATE THE PLACING OR DUMPING OF FILL, THE REMOVAL OF TOPSOIL AND THE ALTERATION OF THE GRADE OF LAND.",
3,dawn,Lower Tier,Lennox and Addington,http://www.addingtonhighlands.ca/,17,,,,,COMPLETE,,,,3,,,,
