Municipality,Municipal Status,County / Region,Has DC Bylaw,DC Bylaw Name,DC Bylaw Link,Date Enacted,Expiry Date,Expiry Notes,Agricultural Building Exemption,Exemption Wording (Operative Text),Municipality Website
Adelaide-Metcalfe,Lower Tier,Middlesex,Yes,By-Law 57-2022 Development Charges,https://www.adelaidemetcalfe.on.ca/sites/default/files/2022-11/2022-57%20Development%20Charges.pdf,2023-01-01,2028-01-01,UNLESS REPEALED,Yes,"SECTION 3.8 Other Exemptions: (a) Notwithstanding the provision of this by-law, development charges shall not be imposed with respect to : (ii) non-residential farm buildings; (iii) and a temporary building or structure.",http://www.adelaidemetcalfe.on.ca/siteengine/acti
Adjala-Tosorontio,Lower Tier,Simcoe,Yes,By-law 2026-027,https://adjtos.ca/wp-content/uploads/2026/03/HEMSON_DC-Study-for-Adjala-Tosorontio_24March2026_Version-for-Public-Consultation.pdf,2026-05-01,2036-05-01,,Yes,3.10 (b) The development of non-residential farm buildings constructed for bona-fide farm uses except for any building constructed to accommodate an On-Farm business which shall be considered an industrial building.,https://www.adjtos.ca/en/index.aspx
Admaston-Bromley,Lower Tier,Renfrew,No,,—,,,,No DC Bylaw,,http://www.admastonbromley.com/
Ajax,Lower Tier,Durham,Yes,BY-LAW NUMBER 13 - 2025,https://www.ajax.ca/en/inside-townhall/resources/Finance/By-law-13-2025-2024-Development-Charges-Background-Study-and-By-law.pdf,2025-02-01,,UNTIL REPEALED,Yes,"This by-law shall not apply to land, or any part thereof, that is: used for the purposes of the development of a farm building used for bona fide agricultural operations",http://www.ajax.ca/en/
Alberton,Single Tier,Rainy River,No,,—,,,,Not Known,,http://www.alberton.ca/
Alfred and Plantagenet,Lower Tier,Prescott and Russell,Yes,BY-LAW 2023-46,https://www.alfred-plantagenet.com/en/media/file/2023-46-finances-establish-development-charges-1pdf,2023-07-23,2033-07-23,,No,,http://www.alfred-plantagenet.com/en
Algonquin Highlands,Lower Tier,Haliburton,No,,—,,,,No DC Bylaw,,http://www.algonquinhighlands.ca/
Alnwick-Haldimand,Lower Tier,Northumberland,Yes,By-law No. 47-2023,https://ahtwp.squarespace.com/s/BL-47-2023-Development-Charges.pdf,2023-05-02,,,No,"Notwithstanding clause 2 a) above, this by-law does not apply to the development of land that is owned by and used for the purpose of: vi) land, buildings, or structures for agricultural use which do not receive municipal sanitary sewer or water supply services",http://www.alnwickhaldimand.ca/
Amaranth,Lower Tier,Dufferin,Yes,By-law 40-2024,https://www.amaranth.ca/media/hp0drppq/by-law-40-2024-development-charges.pdf,2024-08-08,2034-08-08,10-year term. Annual adjustments Jan 1.,Yes,Non-residential farm buildings for bona fide farm uses exempt. Must have Farm Business Registration Number from OMAFRA and Farmland Realty Tax Class.,http://www.amaranth.ca/en/index.aspx
Amherstburg,Lower Tier,Essex,Yes,BY-LAW NO. 2024-085,https://www.amherstburg.ca/media/musgegdl/2024-085-development-charge-by-law-with-schedules-rm.pdf,2025-01-01,2034-12-31,,Yes,"The development of non-residential farm buildings constructed for bonafide farm uses, excluding cannabis production facilities and commercial greenhouses",http://www.amherstburg.ca/
Armour,Single Tier,Parry Sound,No,,—,,,,No DC Bylaw,,http://www.armourtownship.ca/
Armstrong,Single Tier,Timiskaming,No,,—,,,,No DC Bylaw,,http://www.armstrongtownship.com/
Arnprior,Lower Tier,Renfrew,Yes,By-law No. 7369-23,https://www.arnprior.ca/media/pkslfix0/by-law-7369-23-adopt-development-charges-by-law.pdf,2023-03-13,2032-03-13,,No,,http://www.arnprior.ca/
Arran-Elderslie,Lower Tier,Bruce,No,,—,,,,No DC Bylaw,,http://www.arran-elderslie.com/
Ashfield-Colborne-Wawanosh,Lower Tier,Huron,Yes,BY-LAW NUMBER 68-2022,https://acwtownship.ca/government/by-laws/building-and-property/68-2022-development-charges,2022-11-20,2027-11-20,"EXPIRES 2027, UNLESS IS AMMENDED",Yes,"Other Exceptions The development of non-residential farm buildings constructed for bona fide farm uses, being that which operates with a valid Farm Business Registration Number and is assessed in the Farmland Realty Tax Class.",http://www.acwtownship.ca/
Asphodel-Norwood,Lower Tier,Peterborough,Yes,BY-LAW NUMBER 2023-64,https://www.antownship.ca/township-services/planning-department/,2024-01-01,,,Yes,Other Exemptions (c) Non-residential farm buildings;,http://www.asphodelnorwood.com/
Assiginack,Single Tier,Manitoulin,No,,—,,,,No DC Bylaw,,http://www.assiginack.ca/
Athens,Lower Tier,Leeds and Grenville,No,,—,,,,No DC Bylaw,,http://www.athenstownship.ca/
Atikokan,Single Tier,Rainy River,No,,—,,,,No DC Bylaw,,http://www.atikokan.ca/siteengine/activepage.asp
Augusta,Lower Tier,Leeds and Grenville,No,,—,,,,No DC Bylaw,,http://www.augusta.ca/
Aurora,Lower Tier,York,Yes,By-law Number 6592-24,https://www.aurora.ca/media/yqzh2xle/6592-24-development-charges-by-law.pdf,2024-03-26,2034-03-26,Or until repealed.,Yes,"Exemptions: (g) agricultural uses where: ""agricultural use"" means land, buildings or structures, excluding any portion thereof used as a dwelling unit, used or designed or intended for use for the purpose of a bona fide farming operation, including, but not limited to animal husbandry, dairying, livestock, fallow, field crops, removal of sod, forestry, fruit farming, horticulture, market gardening, pasturage, poultry keeping, equestrian facilities and any other activities customarily carried on in the field of agriculture, except the commercial storage, milling or processing of grains, seeds, livestock and products of other farming operations for the purposes of wholesaling such goods",https://www.aurora.ca/en/index.aspx
Aylmer,Lower Tier,Elgin,Yes,By-Law 78-21,https://aylmer.ca/wp-content/uploads/2021/12/By-Law-78-21-Being-a-By-Law-to-Establish-Development-Charges.pdf,2021-12-31,2026-12-31,,No,,http://www.aylmer.ca/
Baldwin,Single Tier,Sudbury,No,,—,,,,No DC Bylaw,,https://www.baldwin.ca/
Bancroft,Lower Tier,Hastings,No,,—,,,,No DC Bylaw,,http://www.bancroft.ca/
Barrie,Single Tier,Simcoe,Yes,By-law 2023-074,https://www.barrie.ca/government/policies-laws/laws-listing/development-charges-law,2023-06-21,2033-06-21,,No,,http://www.barrie.ca/Pages/default.aspx
Bayham,Lower Tier,Elgin,Yes,By-law No. 2025-051,https://www.bayham.on.ca/media/tppogucc/051-bayham-dc-by-law.pdf,2025-01-01,2035-01-01,,Yes,"""Notwithstanding any other provision of this by-law, development charges shall not be imposed with respect to: (i) Non-residential uses""",http://www.bayham.on.ca/siteengine/activepage.asp
Beckwith,Lower Tier,Lanark,Yes,BY-LAW NUMBER 2024-31,https://beckwith.ca/services/building-by-law/,2024-04-05,,"This By-law shall continue in force and effect for a term not exceeding five years from the date of passing, unless repealed at an earlier date.",Yes,"Notwithstanding the provision of this by-law, development charges shall not be imposed with respect to: a) Place of Worship; and b) Agricultural use for bona fide farming purposes.",http://www.twp.beckwith.on.ca/
Belleville,Single Tier,Hastings,Yes,By-Law Number 2021-201,https://www.belleville.ca/en/city-hall/resources/Documents/Finance-Documents/BL-2021-201.pdf,2021-12-13,2026-12-13,This By-law will expire five years after the day it comes into force unless it is repealed at an earlier date.,Yes,4. (1) h) a non-residential farm building,http://www.belleville.ca/
Billings,Single Tier,Manitoulin,No,,—,,,,No DC Bylaw,,http://www.billingstwp.ca/
Black River-Matheson,Single Tier,Cochrane,No,,—,,,,No DC Bylaw,,http://www.blackriver-matheson.com/
Blandford-Blenheim,Lower Tier,Oxford,Yes,By-law 2436-2024,https://www.blandfordblenheim.ca/media/xp3heli5/building-pamplet.pdf,2025-06-05,,EXPIRES WHEN REPEALED,Yes,See SECTION 3 - APPLICABLE LANDS (3) a) (3) This by-law shall not apply to: (a) Farm Buildings as defined herein; (b) Non-Residential Buildings as defined herein;,http://www.blandfordblenheim.ca/
Blind River,Single Tier,Algoma,No,,—,,,,No DC Bylaw,,http://www.blindriver.com/site/welcome/
Bluewater,Lower Tier,Huron,Yes,By-law 86-2022,https://www.municipalityofbluewater.ca/media/zuchw2wd/20220811-cs-bl-86-2022-development-charges-by-law.pdf,2022-08-11,2027-08-19,"2027, UNLESS REPEALED",Yes,"the development of non-residential farm buildings constructed for bona fide farm uses, being that which operates with a valid Farm Business Registration Number and is assessed in the Farmland Realty Tax Class.",http://www.town.bluewater.on.ca/
Bonfield,Single Tier,Nipissing,No,,—,,,,No DC Bylaw,,https://www.bonfieldtownship.com/
Bonnechere Valley,Lower Tier,Renfrew,No,,—,,,,No DC Bylaw,,http://www.bonnecherevalleytwp.com/
Bracebridge,Lower Tier,Muskoka,Yes,BY-LAW NO. 2024-034,https://www.bracebridge.ca/town-services/building-services/building-permits/development-charges/,2024-06-12,2034-06-12,"Unless repealed earlier, or unless the term of the By-law is altered by legislation, this Bylaw expires ten (10) years from the day it comes into force",Yes,9.3. Non-residential farm buildings constructed for bona fide farm uses.,http://www.bracebridge.ca/
Bradford West Gwillimbury,Lower Tier,Simcoe,Yes,By-law No. 2025-86 & 2025-87,https://www.townofbwg.com/news/posts/notice-passing-of-municipal-wide-development-charges-by-law/,2025-09-02,,,Yes,"EXEMPTIONS FOR CERTAIN BUILDINGS 18. 1) d) a non-residential farm building, save and except for the gross floor area within a greenhouse that is used for the purposes of carrying on retail sales",https://www.townofbwg.com/
Brampton,Lower Tier,Peel,Yes,By-laws 110-2024 to 117-2024,https://www.brampton.ca/EN/City-Hall/Bylaws/Pages/Development-Charges-By-laws.aspx,2024-08-02,2034-08-02,"10-year term. Passed Jul 10 2024, effective Aug 2 2024. New rates effective Jan 2 2025.",Yes,"Agricultural uses, farm buildings, and other development that supports an agricultural use are exempt from development charges. This exemption does not extend to residential or commercial uses on these properties.",http://www.brampton.ca/en/pages/welcome.aspx
Brant,Single Tier,Brant,Yes,BY-LAW NUMBER 109-24,https://www.brant.ca/planning-and-development/development-fees-and-charges/,2024-06-05,2034-08-31,"This by-law will expire on August 31, 2034 which is five years from the passage of By-law 100-
19",Yes,This by-law shall not apply to land that is owned by and used for the purposes of: (c) a non-residential farm building; (d) a farm bunk house.,http://www.brant.ca/
Brantford,Single Tier,Brant,Yes,Bylaw No. 210-2021,https://www.brantford.ca/your-government/by-laws/by-law-library/development-charges-by-law-chapter-261/,2021-10-26,2026-10-26,"261.11.2 Effective - term - unless repealed
This Chapter shall continue in force and effect for a term not to exceed five years from the date
of its enactment, unless it is repealed at an earlier date by subsequent bylaw.",Yes,261.5.3 Farm building This Chapter shall not apply to land that is owned by and used for the purposes of the development of a farm building as defined in this Chapter.,http://www.brantford.ca/Pages/default.aspx
Brethour,Single Tier,Timiskaming,No,,—,,,,No DC Bylaw,,VALUE!
Brighton,Lower Tier,Northumberland,Yes,By-Law No. 015-2025,https://www.brighton.ca/living-in-brighton/by-law-enforcement/commonly-requested-by-laws/,2025-02-05,,"18. (ii) This by-law shall continue in force and effect for a term not to
exceed five years from the date of its enactment, unless it is
repealed at an earlier date.",No,,http://www.brighton.ca/
Brock,Lower Tier,Durham,Yes,By-law Number 3274-2024,https://www.townshipofbrock.ca/media/455bwlvp/3274-2024-development-charges-bylaw-accessible.pdf,2024-06-10,2034-06-17,31. This By-law expires five years after the date on which it comes into force and effect.,Yes,"22. Categories of Exemptions (g) development of Farm Buildings; where ""Farm Building"" means used as part of or in connection wit a bona fide farming operation, but excluding a Residential Use.",http://townshipofbrock.ca/
Brockton,Lower Tier,Bruce,Yes,By-Law 2024-096,https://www.brockton.ca/en/do-business/development-charges.aspx,2024-12-10,2034-01-14,"This by-law will expire at 12:01 AM on January 14, 2034 unless it is
repealed by Council at an earlier date.",Yes,"Other Exemptions 3.10 Notwithstanding the provisions of this by-law, development charges shall not be imposed with respect to: 3.10.2 The development of non-residential farm buildings constructed for bona fide farm uses.",http://www.brockton.ca/
Brockville,Single Tier,Leeds and Grenville,Yes,Bylaw Number: 083-2025,https://brockville.com/wp-content/uploads/2023/03/2025-Development-Charges-Bylaw-083-2025.pdf,2025-11-25,2045-11-25,Or until repealed,No,,http://www.brockville.com/
Brooke-Alvinston,Lower Tier,Lambton,No,,—,,,,No DC Bylaw,,http://brookealvinston.com/home/
Bruce,Upper Tier,Bruce,Yes,By-Law No. 2023-048,https://www.brucecounty.on.ca/sites/default/files/By-law%202023-048%20-%20Development%20Charges%20By-law.pdf,2023-11-16,,Until repealed.,Yes,"3.8 Other Exemptions/Reductions 3.8.4 Agricultural use, where ""agricultural use"" means use or intended use for bona fide farming purpose and has a farm business registration number, but excluding a residental use.",http://www.brucecounty.on.ca/
Bruce Mines,Single Tier,Algoma,No,,—,,,,No DC Bylaw,,http://www.brucemines.ca/
"Brudenell, Lyndoch and Raglan",Lower Tier,Renfrew,No,,—,,,,No DC Bylaw,,http://www.blrtownship.ca/
Burk's Falls,Single Tier,Parry Sound,No,,—,,,,No DC Bylaw,,http://www.burksfalls.net/
Burlington,Lower Tier,Halton,Yes,By-law 41-2024,https://www.burlington.ca/en/by-laws-and-animal-services/resources/By-laws/By-law-Search/2024-By-laws/041-2024-By-law.pdf,2024-06-01,,until repealed,Yes,1. e. (g) agricultural uses.,http://cms.burlington.ca/site4.aspx
Burpee and Mills,Single Tier,Manitoulin,No,,—,,,,No DC Bylaw,,http://www.burpeemills.com/
Caledon,Lower Tier,Peel,Yes,By-laws 2024-042 and 2024-043,https://www.caledon.ca/en/town-services/development-charges.aspx,2024-05-21,2034-05-21,10-year term. Background study Feb 29 2024.,Yes,"Non-residential agricultural buildings or structures are exempt. Also exempts: secondary portable dwellings on agricultural properties, on-farm wedding venues, country inns, buildings for agricultural tourism, farm-based home industries, farm cideries/wineries, garden suites, and on-farm diversified use buildings or structures. Must have valid Farm Business Registration Number and be assessed in Farmland Realty Tax Class.",http://www.town.caledon.on.ca/
Callander,Single Tier,Parry Sound,Yes,By-law 2020-1641,https://www.mycallander.ca/en/doing-business/development-charges.aspx,2020-02-25,2030-02-25,10-year term. Farm exemption status requires review of full bylaw text.,Not Known,Farm exemption status not confirmed from available sources. Review of full By-law 2020-1641 text required.,http://mycallander.ca/
Calvin,Single Tier,Nipissing,No,,—,,,,No DC Bylaw,,http://www.calvintownship.ca/
Cambridge,Lower Tier,Waterloo,Yes,By-laws 24-038 to 24-042 (as amended),https://www.cambridge.ca/en/build-invest-grow/development-charges.aspx,2024-06-01,2034-06-01,10-year term. Annual indexing Dec 1. Amended Oct 23 2024. 2025 rates effective Dec 1 2024 to Nov 30 2025.,Yes,Non-residential farm buildings are exempt from development charges. Farm related structures are also exempt.,http://www.cambridge.ca/
Carleton Place,Lower Tier,Lanark,Yes,By-law No. 09-2025,https://carletonplace.ca/wp-content/uploads/2025/04/Development-Charges-Bylaw-Pamphlet-Final.pdf,2025-02-18,,,No,,http://www.carletonplace.ca/
Carling,Single Tier,Parry Sound,No,,—,,,,No DC Bylaw,,http://www.carlingtownship.ca/
Carlow-Mayo,Lower Tier,Hastings,No,,—,,,,No DC Bylaw,,http://www.carlowmayo.ca/
Casey,Single Tier,Timiskaming,No,,—,,,,No DC Bylaw,,http://www.harley.ca/casey/
Casselman,Lower Tier,Prescott and Russell,Yes,By-laws 2023-032 & 2023-033 (amended by 2024-37),https://www.casselman.ca/en/citizen-services/construction-and-planning/development-charges,2023-06-27,2028-06-27,,Yes,3. Applicable Lands (g) Other Exemptions; i. The development of a non-residential farm building used for Bona Fide Farm Uses,http://www.en.casselman.ca/
Cavan Monaghan,Lower Tier,Peterborough,Yes,By-law Number 2022-43,https://www.cavanmonaghan.net/media/zhbeeemg/by-law-no-2022-43-development-charges.pdf,2022-08-02,2027-08-02,,Yes,3.10 Other Exemptions c) the development of non-residential farm buildings constructed for bona fide farm uses.,http://www.cavanmonaghan.net/siteengine/activepag
Central Elgin,Lower Tier,Elgin,Yes,BY-LAW 2556 Development Charges By-law,https://www.centralelgin.org/en/building-and-development/Development-Charges/Development-Brochure-May-2023.pdf,2021-01-25,,UNTIL REPEALED,Yes,Section 3 Subsection (2) d) (2) This by-law shall not apply to land that is owned by and used for the purposes of : c) non-residential farm buildings constructed for bona fide farm uses,http://www.centralelgin.org/siteengine/activepage
Central Frontenac,Lower Tier,Frontenac,No,,—,,,,No DC Bylaw,,http://www.centralfrontenac.com/
Central Huron,Lower Tier,Huron,No,,—,,,,No DC Bylaw,,http://www.centralhuron.com/
Central Manitoulin,Single Tier,Manitoulin,No,,—,,,,No DC Bylaw,,http://www.centralmanitoulin.ca/
Centre Hastings,Lower Tier,Hastings,Yes,By-law 2020-67,https://www.centrehastings.com/en/build-invest-grow/development-charges.aspx,2020-12-16,2030-12-16,10-year term.,Yes,Farm buildings exempt from development charges per standard Ontario practice.,http://www.centrehastings.com/
Centre Wellington,Lower Tier,Wellington,Yes,By-law 2026-15 (Replaces 2021-11),https://www.centrewellington.ca/township-services/development-charges/,2026-03-30,2031-03-30,UNLESS REPEALED,Yes,"b) Non-residential farm buildings constructed for bona fide farm uses; d) Silos for used for industrial, commercial and/or institutional uses; and",https://www.centrewellington.ca/en/index.aspx
Chamberlain,Single Tier,Timiskaming,No,,—,,,,No DC Bylaw,,https://www.chamberlaintownship.com/
Champlain,Lower Tier,Prescott and Russell,No,,—,,,,No DC Bylaw,,http://www.champlain.ca/en/index.aspx
Chapleau,Single Tier,Sudbury,No,,—,,,,No DC Bylaw,,http://www.chapleau.ca/portal/en/community/townsh
Chapple,Single Tier,Rainy River,No,,—,,,,No DC Bylaw,,http://www.chapple.on.ca/
Charlton-Dack,Single Tier,Timiskaming,No,,—,,,,No DC Bylaw,,http://www.charltonanddack.com/
Chatham-Kent,Single Tier,Chatham-Kent,Yes,By-Law Number 149-2022,https://www.chatham-kent.ca/business/developmentcharges/Pages/Municipal-Building-Development-Charges.aspx,2022-08-08,2027-08-09,,Yes,"3.8 Other Exemptions: (a) (x) Farm buildings, excluding on-farm bunk houses and greenhouses, where “farm building” means that part of a bona fide farming operation encompassing barns, silos and other ancillary development to an agricultural use, but excluding a residential use.",http://www.chatham-kent.ca/default.htm
Chatsworth,Lower Tier,Grey,No,,—,,,,No DC Bylaw,,http://www.chatsworth.ca/
Chisholm,Single Tier,Nipissing,No,,—,,,,No DC Bylaw,,http://www.chisholm.ca/
Clarence-Rockland,Lower Tier,Prescott and Russell,No,,—,,,,No DC Bylaw,,http://www.clarence-rockland.com/
Clarington,Lower Tier,Durham,Yes,By-law 2025-070,https://www.clarington.net/planning-and-development/land-development-and-building/development-charges/,2025-12-15,,10-year term. Part of Durham Region.,Yes,Non-residential farm buildings for bona fide farm uses exempt from development charges.,http://www.clarington.net/
Clearview,Lower Tier,Simcoe,Yes,By-law 24-43,https://www.clearview.ca/building-planning/development-charges,2024-07-01,2034-07-01,"10-year term. Passed Jun 24 2024, effective Jul 1 2024.",Yes,"Non-residential buildings that are accessory to an agricultural operation are exempt from development charges, provided no rezoning is required. ""Agricultural use"" means bona fide use of land and buildings for farming activities including apiaries, fish farming, dairy farming, fur farming, livestock raising, and cultivation of crops. Must have valid Farm Business Registration Number and be assessed in Farmland Realty Tax Class. Farm help accommodation also defined and supported.",http://www.clearview.ca/
Cobalt,Single Tier,Timiskaming,No,,—,,,,No,,http://www.cobalt.ca/
Cobourg,Lower Tier,Northumberland,Yes,By-Law 001-2022 (amended by 058-2025),https://www.cobourg.ca/media/vnko1sxc/developmentchargesbylawbrochure.pdf,2022-01-03,,until repealed,No,,http://www.cobourg.ca/
Cochrane,Single Tier,Cochrane,No,,—,,,,No DC Bylaw,,http://www.town.cochrane.on.ca/
Cockburn Island,Single Tier,Manitoulin,No,,—,,,,No DC Bylaw,,VALUE!
Coleman,Single Tier,Timiskaming,No,,—,,,,No DC Bylaw,,http://www.colemantownship.ca/
Collingwood,Lower Tier,Simcoe,Yes,By-law No. 2024-050 & 2024-036,https://www.collingwood.ca/media/file/collingwood-development-charges-pamphlet-january-2025,2024-07-22,,until repealed,Yes,4. Applicable Lands (2) (e) a non-residential farm building.,http://www.collingwood.ca/
Conmee,Single Tier,Thunder Bay,No,,—,,,,No DC Bylaw,,http://www.conmee.com/
Cornwall,Single Tier,"Stormont, Dundas and Glengarry",Yes,By-law 2023-027 (amended by By-law 2024-107),https://www.cornwall.ca/en/build-invest/planning-and-development/development-charges/,2023-04-10,2032-04-10,Replaced By-law 2018-038. Amended by By-law 2024-107 effective Jan 1 2025.,Yes,"Non-residential farm buildings or structures are exempt from development charges. ""Agricultural use"" means a bona fide farming operation, including sod farms, the breeding and boarding of horses, and greenhouses.",http://www.cornwall.ca/
Cramahe,Lower Tier,Northumberland,Yes,By-law No. 2025-13,https://www.cramahe.ca/media/evoj0vcx/2025-13-development-charges-by-law.pdf,2025-01-28,,,No,,http://www.visitcramahe.ca/
Dawn-Euphemia,Lower Tier,Lambton,No,,—,,,,No DC Bylaw,,http://www.dawneuphemia.ca/Pages/Dawn-Euphemia.as
Dawson,Single Tier,Rainy River,No,,—,,,,No DC Bylaw,,VALUE!
Deep River,Lower Tier,Renfrew,Yes,BY-LAW NUMBER 40-2022,https://www.deepriver.ca/departments/building-department/development-charges-5834.html,2022-07-19,2027-07-19,or until repealed,No,,http://www.deepriver.ca/
Deseronto,Lower Tier,Hastings,No,,—,,,,No DC Bylaw,,http://www.deseronto.ca/
Dorion,Single Tier,Thunder Bay,No,,—,,,,No DC Bylaw,,http://www.doriontownship.ca/
Douro-Dummer,Lower Tier,Peterborough,Yes,By-Law Number 2024-44,https://www.dourodummer.ca/building-and-planning/planning-and-development/development-charges/,2024-08-06,,until repealed,No,,http://www.dourodummer.on.ca/
Drummond-North Elmsley,Lower Tier,Lanark,Yes,BY-LAW NO. 2024-036,https://www.dnetownship.ca/images/Development_Charges_Pamphlet_-2025_-_FINAL.pdf,2024-10-24,2034-12-31,,Yes,"Notwithstanding Section 13 above, a Development Charge By-law shall not impose a Development Charge with respect to: (f) Bona Fide Farm Uses.",http://www.drummondnorthelmsley.com/
Dryden,Single Tier,Kenora,No,,—,,,,No DC Bylaw,,http://www.dryden.ca/
Dubreuilville,Single Tier,Algoma,No,,—,,,,No DC Bylaw,,http://www.dubreuilville.ca/
Dufferin,Upper Tier,Dufferin,Yes,By-law Number 2022-28,https://www.dufferincounty.ca/building-services/fees-by-laws/,2022-07-14,,Until repealed,Yes,"4. Applicable Lands (2) e) farm buildings as defined by, a building or structure used as part with a bona fide farming operation, but excluding a residential use.",http://www.dufferincounty.on.ca/
Durham,Upper Tier,Durham,Yes,By-law Number 42-2023,https://www.durham.ca/en/regional-government/resources/By-law-42-2023---Regional-Residential-and-Non-residential-Development-Charges.pdf,2023-06-14,,Until repealed,Yes,2.23 Exemptions (a) agricultural uses and farm buildings.,http://www.durham.ca/
Dutton-Dunwich,Lower Tier,Elgin,No,,—,,,,Not Known,,http://www.duttondunwich.on.ca/
Dysart et al,Lower Tier,Haliburton,No,,—,,,,No DC Bylaw,,http://www.dysartetal.ca/
Ear Falls,Single Tier,Kenora,No,,—,,,,No DC Bylaw,,http://www.ear-falls.com/
East Ferris,Single Tier,Nipissing,No,,—,,,,No DC Bylaw,,http://eastferris.ca/
East Garafraxa,Lower Tier,Dufferin,Yes,BY.LAW NUMBER 39-2024,https://www.eastgarafraxa.ca/business-and-development/development-charges/,2024-10-22,2034-10-31,,Yes,"3.9 Other Exemptions (a) Notwithstanding the provision of this by-law, development charges shall not be imposed with respect to: (i) Non-residential farm buildings constructed for bona fide farm uses",http://www.amaranth-eastgary.ca/ta/a_home.htm
East Gwillimbury,Lower Tier,York,Yes,By-law 2024-033 (amended by 2024-053),https://www.eastgwillimbury.ca/en/government/resources/Documents/DevelopmentCharges/2024-DC/2024-053-DC-Amendments-2024.pdf,2024-05-20,,,Yes,"3. Applicable Lands (4) (e) farm buildings, where “farm building” means that part of a bona fide farming operationencompassing to an agricultural use, but excluding a residential use.",http://www.eastgwillimbury.ca/
East Hawkesbury,Lower Tier,Prescott and Russell,No,,—,,,,No DC Bylaw,,http://www.easthawkesbury.ca/
East Zorra-Tavistock,Lower Tier,Oxford,Yes,By-law #2024-21 & #2024-25,https://www.ezt.ca/business-and-development/building-and-renovation/development-charges/,2024-06-05,,until repealed,Yes,3. Applicable Lands (3) This by-law shall not apply to: (a) Farm Buildings as defined herein,https://www.ezt.ca/en/index.aspx
Edwardsburgh-Cardinal,Lower Tier,Leeds and Grenville,No,,—,,,,No DC Bylaw,,http://www.edwardsburghcardinal.ca/
Elgin,Upper Tier,Elgin,No,,—,,,,No DC Bylaw,,http://www.elgin-county.on.ca/
Elizabethtown-Kitley,Lower Tier,Leeds and Grenville,No,,—,,,,No DC Bylaw,,http://www.elizabethtown-kitley.on.ca/
Elliot Lake,Single Tier,Algoma,No,,—,,,,No DC Bylaw,,http://www.cityofelliotlake.com/
Emo,Single Tier,Rainy River,No,,—,,,,No DC Bylaw,,http://www.twspemo.on.ca/
Englehart,Single Tier,Timiskaming,No,,—,,,,No DC Bylaw,,http://www.englehart.ca/
Enniskillen,Lower Tier,Lambton,No,,—,,,,No DC Bylaw,,http://www.enniskillen.ca/
Erin,Lower Tier,Wellington,Yes,By-Law # 24-35,https://pub-erin.escribemeetings.com/filestream.ashx?DocumentId=15312,2024-06-27,2034-06-27,"EXPIRES 2034, UNLESS REPEALED",Yes,"SEE SECTION 3.10 c) c) the development of non-residential farm buildings constructed for bona fide farm uses, which qualify as a farm business, being that which operates with a valid Farm Business Registration Number and is assessed in the Farmland Realty Tax Class;",http://www.erin.ca/
Espanola,Single Tier,Sudbury,No,,—,,,,No DC Bylaw,,https://www.espanola.ca/
Essa,Lower Tier,Simcoe,Yes,BY-LAW NO. 2023-32 (amended by 2024-51),https://www.essatownship.on.ca/development-construction/planning-development-services/development-charges/,2023-06-21,,until repealed,Yes,5. EXEMPTIONS AND DISCOUNTS (1) This By-law shall not apply to land that is owned by and used for the purposes of: (c) a non-residential farm building;,http://www.essatownship.on.ca/
"Essex, Co",Upper Tier,Essex,No,County DC By-law 2026-02,https://www.countyofessex.ca/doing-business/planning-and-development/development-charges-initiative/,2026-02-04,2036-02-04,"First county-wide DC by-law. Not active until Jan 1 2028, phased 25%/yr over 4 years.",Yes,Farm buildings that are part of a bona fide farm operation are exempt from county development charges. Note: county DC not active until Jan 1 2028.,http://www.countyofessex.on.ca/
"Essex, T",Lower Tier,Essex,Yes,By-law Number 2384,https://www.essex.ca/media/x0ldr1v5/by-law-2384-development-charges-2024.pdf,2024-10-08,2034-10-08,10-year term. Annual adjustments Jan 1.,Yes,Non-residential farm buildings for bona fide farm uses exempt. Must have Farm Business Registration Number and Farmland Realty Tax Class. Greenhouse retail GFA NOT exempt.,http://www.townofessex.on.ca/
Evanturel,Single Tier,Timiskaming,No,,—,,,,No DC Bylaw,,http://www.evanturel.com/
Faraday,Lower Tier,Hastings,No,,—,,,,No DC Bylaw,,http://www.faraday.ca/
Fauquier-Strickland,Single Tier,Cochrane,No,,—,,,,No DC Bylaw,,http://www.fauquierstrickland.com/
Fort Erie,Lower Tier,Niagara,Yes,"By-laws 20-2024, 21-2024, and 22-2024",https://www.forterie.ca/build-and-invest/planning-and-development/development-charges/,2024-03-04,,,Yes,"Discretionary Exemptions 3.10 Notwithstanding the provisions of this By-law, development charges shall not be imposed with respect to: (c) agricultural uses;",http://www.forterie.on.ca/
Fort Frances,Single Tier,Rainy River,No,,—,,,,No DC Bylaw,,http://www.fort-frances.com/
French River,Single Tier,Sudbury,No,,—,,,,No DC Bylaw,,http://www.frenchriver.ca/
Front of Yonge,Lower Tier,Leeds and Grenville,No,,—,,,,No DC Bylaw,,http://www.frontofyonge.com/
Frontenac,Upper Tier,Frontenac,No,,—,,,,No DC Bylaw,,http://frontenacislands.ca/
Frontenac Islands,Lower Tier,Frontenac,Yes,By-Law Number 2021-20,https://www.frontenacislands.ca/township-services/by-laws/,2021-08-04,2026-08-04,,Yes,4. Applicable Lands (2) f) a non-residential farm building;,http://municipality.frontenacislands.on.ca/
Gananoque,Single Tier,Leeds and Grenville,Yes,BY-LAW NO. 2021-070,https://www.gananoque.ca/town-hall/planning-and-development/development-charges,2021-06-01,,"Until repealed , re-enacted, or amended.",No,,http://www.gananoque.ca/
Gauthier,Single Tier,Timiskaming,No,,—,,,,No DC Bylaw,,https://211ontario.ca/service/81731575/gauthier-township-of-town-council/
Georgian Bay,Lower Tier,Muskoka,Yes,BY-LAW 2024-054,https://www.gbtownship.ca/sustainable-development/development-charges-and-fees/,2024-06-10,2034-06-09,,Yes,Exemptions a) a non-residential farm building or structure;,http://www.gbtownship.ca/
Georgian Bluffs,Lower Tier,Grey,No,,—,,,,No DC Bylaw,,http://www.georgianbluffs.on.ca/
Georgina,Lower Tier,York,Yes,BYLAW NUMBER 2025-0053,https://www.georgina.ca/sites/default/files/2026-01/bylaw-2025-0053-ad-5-to-impose-develoment-charges-in-the-town-of-georgina.pdf,2025-08-13,,,Yes,3. Applicable Lands (3) a) the development of a non-residential farm building used for bona fide agricultural purposes;,http://www.georgina.ca/
Gillies,Single Tier,Thunder Bay,No,,—,,,,No DC Bylaw,,http://www.gilliestownship.com/
Goderich,Lower Tier,Huron,Yes,By-Law 123-2021,https://www.goderich.ca/media/vixnk0eg/by-law-123-2021-development-charges-accessible.pdf,2021-10-18,2026-10-18,,No,N/A,http://www.goderich.ca/
Gordon-Barrie Island,Single Tier,Manitoulin,No,,—,,,,No DC Bylaw,,http://gordontownship.manitoulin-link.com/index.h
Gore Bay,Single Tier,Manitoulin,No,,—,,,,No DC Bylaw,,http://www.gorebay.ca/
Grand Valley,Lower Tier,Dufferin,Yes,BY-LAW NO. 2024-33,https://www.townofgrandvalley.ca/media/wybplpsq/brochure-development-charges-august-2025.pdf,2024-07-16,2034-07-17,,Yes,"Notwithstanding the provision of this by-law, development charges shall not be imposed with respect to: non-residential farm buildings",http://www.eastluthergrandvalley.ca/
Gravenhurst,Lower Tier,Muskoka,Yes,BY-LAW NO. 2024-110,https://www.gravenhurst.ca/business-building-development/building-and-planning/development-charges/,2024-11-19,2035-01-01,,Yes,"Subject to Section 14 herein, the following types of development shall be exempt from payment of development charges: the development of a farm building",http://www.gravenhurst.ca/
Greater Madawaska,Lower Tier,Renfrew,Yes,BY-LAW 26-2022,https://www.greatermadawaska.com/business-and-development/planning-and-development/development-charges/,2022-04-19,2027-04-19,,No,,http://www.greatermadawaska.com/
Greater Napanee,Lower Tier,Lennox and Addington,Yes,By-law 2022-0059 (as amended),https://www.greaternapanee.com/media/f0lnbgh1/2025-development-charges-summary-updated-jan-1-25.pdf,2022-01-01,,,Yes,A non-residential farm building constructed for bona fide farm uses,http://www.town.greaternapanee.on.ca/
Greater Sudbury,Single Tier,Sudbury,Yes,By-laws 2024-105 through 2024-110,https://www.greatersudbury.ca/live/building-and-renovating/development-charges/,2024-06-25,2024-07-01,10-year term. Rates effective Jul 1 2024 to Jun 30 2025 with annual adjustments. 3-year freeze on single-detached DCs; moratorium on missing-middle housing DCs.,No,"No explicit farm/agricultural exemption found in the DC bylaws. Exemptions focus on affordable housing, designated exempt areas (Downtown Sudbury, Val Caron, Walden, etc.), secondary dwelling units, garden suites, and brownfield redevelopment.",http://www.city.greatersudbury.on.ca/
Greenstone,Single Tier,Thunder Bay,No,,—,,,,No DC Bylaw,,http://www.greenstone.ca/
Grey,Upper Tier,Grey,Yes,By-Law 5128-22,https://www.westgrey.com/media/ejsdc1l2/generalservicesdevelopmentchargesby-law5128-22.pdf,2022-01-01,2027-01-01,This By-law expires five years after the date on which it comes into force.,Yes,The following categories of uses are hereby designated as being exempt from the payment of development charges: (e) farm buildings; (f) buildings or structures used for and devoted solely to accommodation of temporary or seasonal agricultural labourers which may contain their own culinary facilities and sanitary facilities; and;,http://www.grey.ca/
Grey Highlands,Lower Tier,Grey,Yes,By-law No. 2023-019,https://greyhighlands.civicweb.net/document/307767/,2023-02-15,,until repealed,Yes,"3. APPLICABLE LANDS (2) This by-law shall not apply to land that is owned by and used for the purposes of: (e) farm buildings, where ""Farm building"" means a building or structure actually used as part of or in connection with a bona fide farming operation and includes barns, silos, and other buildings or structures ancillary to a bona fide farming operation, but excluding a residential use.",http://www.greyhighlands.ca/
Grimsby,Lower Tier,Niagara,Yes,BY-LAW NO. 21-14 (amended by 25-51),https://www.grimsby.ca/en/doing-business/development-charges.aspx,2021-03-22,,,Yes,"3. 5 Exemptions Notwithstanding the provisions of this by-law, development charges shall not be imposed with respect to: (b) Bona fide farm (non-residential) buildings including wholesale greenhouse facilities and structures, where “farm building” means that part of a bona fide farming operation encompassing barns, silos and other ancillary development to an agricultural use, but excluding a residential use and would include wholesale greenhouse facilities and structures;",http://www.town.grimsby.on.ca/
Guelph,Single Tier,Wellington,Yes,"By-law Number (2024) – 20866, as amended by (2024) – 20997",https://guelph.ca/wp-content/uploads/Development-Charges-Bylaw.pdf,2024-03-02,2034-03-02,"UNTIL 2023
Ammended 2024-11-13",No,NO MENTION OF AGRICULTURE (CITY),http://www.guelph.ca/
Guelph-Eramosa,Lower Tier,Wellington,Yes,By-Law Number 28/2023,https://www.get.on.ca/uploads/userfiles/files/28-2023%20-%20Water%20Services%20DC%20By-law(1).pdf,2024-09-16,2035-09-15,,Yes,"Notwithstanding the provision of this By-law, development charges shall not be imposed with respect to: he development of non-residential farm buildings constructed for bona fide farming uses",http://www.get.on.ca/
Haldimand,Single Tier,Haldimand,Yes,"By-law Number 2042/19, amended: By-law Number 2422/23",https://www.haldimandcounty.ca/wp-content/uploads/2020/03/Development-Charges-By-law-2042-19.pdf,2023-05-08,,until repealed,Yes,"Exemptions From Development Charges 9. Notwithstanding any other provision of this by-law, the following types of development are exempted from any development charges under this by-law: c) farm building constructed for bona fide farm uses, where “farm building” means that part of a bona fide farm operation encompassing barns, silos, and other ancillary development to an agricultural use that will be assessed in the Farmland Realty Tax Class by the Municipal Property Assessment Corporation, excluding: a residential, commercial, or an industrial use, including (but not limited to) cannabis retail, processing, or production facilities, and retail-related greenhouses.",http://www.haldimandcounty.on.ca/
Haliburton,Upper Tier,Haliburton,No,,—,,,,No DC Bylaw,,http://haliburtoncounty.ca/
Halton,Upper Tier,Halton,Yes,BY-LAW NO. 25-22,https://www.halton.ca/the-region/finance-and-transparency/financing-growth/development-charges-front-ending-recovery-payment,2022-05-25,,"Until repealed, re-enacted, or amended.",Yes,"28. Exemptions for Certain Buildings (1) THAT the following are exempt from the payment of development charges under this By-law: (viii) land and buildings that are used in connection with agricultural development, including up to 278.7 square metres (3,000 sq. ft.) for any industrial, retail or commercial component therein that is accessory to the bona fide farm operation provided that with regards to any industrial, retail or commercial component at least six months must have elapsed since the last building permit has been issued for a building containing an industrial, retail, or commercial use on the lot.",http://www.halton.ca/
Halton Hills,Lower Tier,Halton,Yes,BY-LAW NO. 2022-0042,https://pub-haltonhills.escribemeetings.com/filestream.ashx?DocumentId=17319,2022-07-04,,until repealed,Yes,"3. Applicable Lands (2) This By-law shall not apply to land that is owned by and used for the purposes of: (e) a Non-residential Building in connection with an Agricultural use including “farm help quarters” for farming operation workers and farm storage structures;, where “Agricultural,” is used to describe a use or Development means a use or Development that is a bona fide farming operation including, notwithstanding the generality of the foregoing, greenhouses which are not connected to Regional water and wastewater services, sod farms and breeding and boarding of horses including barns, silos and other ancillary Development to such Agricultural Development but excluding any residential, commercial, industrial, or retail Development and does not include cannabis production facilities;",http://www.haltonhills.ca/
"Hamilton, C",Single Tier,Hamilton,Yes,BY-LAW NO. 24-072,https://www.hamilton.ca/build-invest-grow/planning-development/development-charges/development-charges,2024-06-01,2034-06-01,,Yes,"Notwithstanding any other provision of this By-law, no Development Charges are imposed under this By-law respecting; (b) an Agricultural Use",http://www.hamilton.ca/
"Hamilton, Tp",Lower Tier,Northumberland,Yes,By-Law Number 2022-04,https://www.hamiltontownship.ca/building-and-development/,2022-01-18,,,No,,http://www.hamiltontownship.ca/
Hanover,Lower Tier,Grey,No,,—,,,,No DC Bylaw,,http://www.hanover.ca/
Harley,Single Tier,Timiskaming,No,,—,,,,No DC Bylaw,,http://www.harley.ca/
Harris,Single Tier,Timiskaming,No,,—,,,,No DC Bylaw,,https://harristownship.weebly.com/
Hastings,Upper Tier,Hastings,No,,—,,,,No DC Bylaw,,http://www.hastingscounty.com/
Hastings Highlands,Lower Tier,Hastings,No,,—,,,,No DC Bylaw,,http://www.hastingshighlands.ca/
Havelock-Belmont-Methuen,Lower Tier,Peterborough,No,By-law Number 2025-043,https://www.hbmtwp.ca/media/tp2peva0/15a-by-law-2025-043-being-a-bylaw-to-establish-development-charges.pdf,2025-06-03,,,Yes,"3.8 Other Exemptions Notwithstanding the provision of this By-law, development charges shall not be imposed with respect to: a Farm Building.",http://www.hbmtwp.ca/
Hawkesbury,Lower Tier,Prescott and Russell,Yes,Development Charges By-law N° 16-2020,https://www.hawkesbury.ca/en/my-town/administration/policies-and-by-laws,2020-06-08,2025-09-01,Expired Sep 1 2025. No successor bylaw identified. Ag use defined as bona fide farming operation.,No,No explicit farm building exemption found in available bylaw excerpts. Ag use defined as bona fide farming but specific DC exemption for farm buildings not confirmed.,http://www.hawkesbury.ca/en/
"Head, Clara and Maria",Lower Tier,Renfrew,No,,—,,,,No DC Bylaw,,http://townshipsofheadclaramaria.ca/
Hearst,Single Tier,Cochrane,No,,—,,,,No DC Bylaw,,http://www.hearst.ca/
Highlands East,Lower Tier,Haliburton,No,,—,,,,No DC Bylaw,,http://www.highlandseast.ca/
Hilliard,Single Tier,Timiskaming,No,,—,,,,No DC Bylaw,,VALUE!
Hilton,Single Tier,Algoma,No,,—,,,,No DC Bylaw,,http://www.hiltontownship.ca/
Hilton Beach,Single Tier,Algoma,No,,—,,,,No DC Bylaw,,http://www.hiltonbeach.com/
Hornepayne,Single Tier,Algoma,No,,—,,,,No DC Bylaw,,http://www.townshipofhornepayne.ca/
Horton,Lower Tier,Renfrew,No,,—,,,,No DC Bylaw,,http://www.hortontownship.ca/
Howick,Lower Tier,Huron,No,,—,,,N/A,N/A,"ACCORDING TO CLERK, NO DEVELOPMENT CHARGES IN MUNICIPALITY",https://howick.ca/
Hudson,Single Tier,Timiskaming,No,,—,,,,No DC Bylaw,,http://www.harley.ca/hudson/
Huntsville,Lower Tier,Muskoka,Yes,BY-LAW NUMBER 2024-130,https://www.huntsville.ca/home-property/development-charges/,2024-12-09,2034-12-31,,No,,http://www.town.huntsville.on.ca/
Huron,Upper Tier,Huron,No,,—,,,,No DC Bylaw,,http://www.huroncounty.ca/
Huron East,Lower Tier,Huron,Yes,Consolidated Fee By-law No. 002 for 2025,https://www.huroneast.com/en/municipal-services/bylaws-and-policies.aspx,2025-01-01,,Consolidated fee by-law replacing 2024 by-laws. DC schedules attached.,No,DC exemption details in attached schedules. Previous bylaw had farm exemption language; current status requires review of schedules.,http://www.huroneast.com/
Huron Shores,Single Tier,Algoma,No,,—,,,,No DC Bylaw,,http://www.huronshores.ca/
Huron-Kinloss,Lower Tier,Bruce,Yes,BY-LAW No. 2024 - 103,https://www.huronkinloss.com/media/durdejsg/2024-103-development-charges-with-schedule.pdf,2024-11-18,2034-11-18,,Yes,No development charge under section 3.2 is payable where the development; 2.3.9. is a bona fide non-residential farm building,http://www.huronkinloss.com/
Ignace,Single Tier,Kenora,No,,—,,,,No DC Bylaw,,http://town.ignace.on.ca/
Ingersoll,Lower Tier,Oxford,Yes,By-Law 24-5323,https://www.ingersoll.ca/media/hzdja0c0/24-5323-establish-town-wide-development-charges-for-the-town.pdf,2024-06-10,,until repealed,Yes,"3.APPLICABLE LANDS (3) This by-law shall not apply to: (a) farm buildins as defined as, a Building or structure associated with and located on land devoted to the practice of farming and that is used essentially for the housing of farm equipment or livestock or the production, storage or processing of agricultural and horticultural produce or feeds and as part of or in connection with a bona fide farming operation and includes barns, silos and other buildings or structures ancillary to that farming operation, but excludes: (a) a Residential Use, with the exception of a bunk house for seasonal farm workers required for that farm operation; and (b) any Building or portion thereof used or intended to be used for any other Non-Residential Use",http://www.ingersoll.ca/
Innisfil,Lower Tier,Simcoe,Yes,By-Law No. 096-23 (amended by 094-24),https://www.innisfil.ca/building-development/planning-development/development-charges,2023-11-08,,,Yes,AGRICULTURAL USES 22. agricultural uses as well as farm buildings excluding any residential or non-residential uses shall be exempt,https://innisfil.ca/
Iroquois Falls,Single Tier,Cochrane,No,,—,,,,No DC Bylaw,,https://www.iroquoisfalls.com/home
James,Single Tier,Timiskaming,No,,—,,,,No DC Bylaw,,http://www.elklake.ca/
Jocelyn,Single Tier,Algoma,No,,—,,,,No DC Bylaw,TEST TEST TEST,http://www.stjosephisland.net/jocelyntownship/
Johnson,Single Tier,Algoma,No,,—,,,,No DC Bylaw,,http://www.johnsontwp.ca/
Joly,Single Tier,Parry Sound,No,,—,,,,No DC Bylaw,,http://www.townshipofjoly.com/
Kapuskasing,Single Tier,Cochrane,No,,—,,,,No DC Bylaw,,http://www.kapuskasing.ca/
Kawartha Lakes,Single Tier,Kawartha Lakes,Yes,By-Law 2025-139,https://www.kawarthalakes.ca/property-environment/building-septic-and-renovations/development-charges/,2025-11-18,2036-01-01,Replaced By-law 2019-184. 3-hectare minimum removed from ag definition Feb 24 2026. AG & Food Action Plan supports all on-farm structures exempt.,Yes,"Agricultural lands/buildings/structures exempt. Ag = non-residential use exclusively for farming, apiaries, fish farming, animal husbandry, crop cultivation. Includes barns, implement sheds, seasonal roadside stands, silos. Excludes processing, year-round wholesale/retail.",http://www.city.kawarthalakes.on.ca/
Kearney,Single Tier,Parry Sound,No,,—,,,,No DC Bylaw,,http://www.townofkearney.com/
Kenora,Single Tier,Kenora,No,,—,,,,No DC Bylaw,,http://www.kenora.ca/
Kerns,Single Tier,Timiskaming,No,,—,,,,No DC Bylaw,,https://kerns.ca/
"Killaloe, Hagarty and Richards",Lower Tier,Renfrew,No,,—,,,,No DC Bylaw,,http://www.killaloe-hagarty-richards.ca/
Killarney,Single Tier,Sudbury,No,,—,,,,No DC Bylaw,,http://www.municipality.killarney.on.ca/
Kincardine,Lower Tier,Bruce,Yes,By-Law No. 2021-114 (amended by 26-069),https://www.kincardine.ca/big/development-planning-and-zoning/development-charges/,2021-06-21,2031-07-02,,Yes,"5. APPLICABLE LANDS (2) This by-law shall not apply to land that is owned by and used for the purposes of: (f) non-residential farm buildings; where Farm building” means a building or structure actually used as part of or in connection with a bona fide farming operation and includes barns, silos and other buildings or structures ancillary to a bona fide farming operation, but excluding a residential use;",http://www.kincardine.net/
King,Lower Tier,York,Yes,By-law 2021-002,https://www.king.ca/en/business-and-development/development-charges.aspx,2021-01-13,,10-year term. Part of York Region.,Yes,Agricultural uses and non-residential farm buildings exempt from development charges.,http://www.king.ca/
Kingston,Single Tier,Frontenac,Yes,By-Law Number 2025-142,https://www.cityofkingston.ca/by-laws-and-animal-services/commonly-requested-by-laws/bylaw-library/development-charges-bylaw/,2025-05-20,,,Yes,"Other Exemptions 6.8) Development Charges shall not apply to lands, buildings or structures used or to be used for the purposes of: c) an agricultural use; where “Agricultural Use” means lands, buildings or structures located within an agriculture zone as determined under the Zoning By-law applicable to the property, excluding any portion thereof used as a dwelling unit, used or designed or intended for use as a bona fide farming operation for the production of crops or the breeding, raising or maintaining of livestock or both.",http://www.cityofkingston.ca/
Kingsville,Lower Tier,Essex,Yes,BY-LAW 4-2023 (amended by 91-2024),https://www.kingsville.ca/media/kodbqja4/091-2024-amend-by-law-4-2023-development-charges_accessible.pdf,2023-01-30,,"Expires per Section 9 of the Development Charges Act (10 years after enacted date), unless repealed by Council at an earlier date.",Yes,"3. APPLICATION OF BY-LAW RULES 3.12 Other Exemptions (b) Bona fide farm buildings, where “bona fide farm building” means that part of a bona fide farm operation encompassing barns, silos, and other ancillary development to an agricultural use, but excluding a residential use, greenhouses, and buildings ancillary to greenhouse operations.",http://www.town.kingsville.on.ca/
Kirkland Lake,Single Tier,Timiskaming,No,,—,,,,No DC Bylaw,,http://www.discoverkl.ca/
Kitchener,Lower Tier,Waterloo,Yes,BY-LAW NUMBER 2022-071,https://www.kitchener.ca/media/4woh1bcb/dsd_build_dc_bylaw.pdf,2022-05-30,,,Yes,"SECTION 2 APPLICATION AND EXEMPTIONS Imposition of Development Charges 2.7 development chagres shall not apply to, (d) an agricultural use, where ""agricultural use"" means the use of land and buildings for apiaries, fish farming, animal husbandry or the cultivation of trees, shrubs, flowers, grains, sod, fruits, vegetables and other crops or ornamental plants (""agricultural products"") but shall not include any building or structure where agricultural products are displayed for sale in more than twenty-five per cent of the gross floor area of such building or structure.",http://www.kitchener.ca/
La Vallee,Single Tier,Rainy River,No,,—,,,,No DC Bylaw,,http://www.lavallee.ca/
LaSalle,Lower Tier,Essex,Yes,By-law 8501,https://www.lasalle.ca/business-building-and-development/development-and-parkland-dedication-charges/,2020-12-08,,10-year term.,Yes,Non-residential farm buildings for bona fide farm uses exempt from development charges.,http://www.town.lasalle.on.ca/
Laird,Single Tier,Algoma,No,,—,,,,No DC Bylaw,,http://www.lairdtownship.ca/
Lake of Bays,Lower Tier,Muskoka,Yes,By-law 2019-049,https://www.lakeofbays.on.ca/municipal-services/by-laws-and-penalties/,2019-12-16,,10-year term. District of Muskoka also levies DCs under By-law 2024-34 (effective Jan 1 2025).,Yes,Non-residential farm buildings/structures exempt at District level (Muskoka By-law 2024-34). Township-level exemption details require review of By-law 2019-049 text.,http://www.lakeofbays.on.ca/
Lake of the Woods,Single Tier,Rainy River,No,,—,,,,No DC Bylaw,,http://www.lakeofthewoods.ca/
Lakeshore,Lower Tier,Essex,Yes,By-law 89-2020 (amended by 56-2022),https://www.lakeshore.ca/business-and-development/development-charges/,2020-01-01,,10-year term. Annual indexing Jan 1. Amended by By-law 56-2022.,Yes,"Non-residential farm buildings for bona fide farm uses exempt. Must have Farm Business Registration Number and Farmland Realty Tax Class. Ag use = cultivation of land, production of crops, breeding/care of livestock.",http://www.townoflakeshore.on.ca/
Lambton,Upper Tier,Lambton,No,,—,,,,No DC Bylaw,,http://www.lambtononline.ca/
Lambton Shores,Lower Tier,Lambton,Yes,By-Law Number 04 of 2023,https://www.lambtonshores.ca/invest-and-build/development-and-planning/development-charges/,2023-01-10,,,Yes,"3.10 Other Exemptions: Notwithstanding the provision of this by-law, development charges shall not be imposed with respect to: c) The development of non-residential farm buildings constructed for bona fide farm uses, which qualify as a farm business, being that operates with a valid Farm Business Registration Number and is assessed in the Farmland Realty Tax Class;",http://www.lambtonshores.ca/
Lanark,Upper Tier,Lanark,Yes,BY-LAW NUMBER 2021-42,https://www.lanarkcounty.ca/wp-content/uploads/2025/06/By-Law-2021-42.pdf,2021-12-08,,Until repealed.,Yes,"3. APPLICABLE LANDS (2) This by-law shall not apply to: (b) the development of a non-residential farm building used for bona fide agricultural use; where ""agricultural use"" means lands, buildings or structures, excluding any portion thereof used as a dwelling unit or for a commercial use, used or designed or intended for use for the purpose of a bona fide farming operation including, but not limited to, animal husbandry, dairying, livestock, fallow, field crops, removal of sod, forestry, fruit farming, greenhouses, horticulture, market gardening, pasturage, poultry keeping, and equestrian facilities;",http://www.county.lanark.on.ca/
Lanark Highlands,Lower Tier,Lanark,Yes,BY-LAW NUMBER 2021-42,https://www.lanarkhighlands.ca/images/By-Law_2021-42_Development_Charges_Effective_Jan_1_2022.pdf,2021-12-08,,,Yes,"3. APPLICABLE LANDS (2) This by-law shall not apply to: (b) the development of a non-residential farm building used for bona fide agricultural use; where “agricultural use” means lands, buildings or structures, excluding any portion thereof used as a dwelling unit or for a commercial use, used or designed or intended for use for the purpose of a bona fide farming operation including, but not limited to, animal husbandry, dairying, livestock, fallow, field crops, removal of sod, forestry, fruit farming, greenhouses, horticulture, market gardening, pasturage, poultry keeping, and equestrian facilities;",http://www.lanarkhighlands.ca/
Larder Lake,Single Tier,Timiskaming,No,,—,,,,No DC Bylaw,,https://www.larderlake.ca/
Latchford,Single Tier,Timiskaming,No,,—,,,,No DC Bylaw,,http://www.latchford.ca/
Laurentian Hills,Lower Tier,Renfrew,Yes,By-Law No. 11-12,https://www.laurentianhills.ca/userfiles/file/BY%20LAW%2011-12%282%29.PDF,2012-07-18,,until repealed,No,,http://www.laurentianhills.ca/
Laurentian Valley,Lower Tier,Renfrew,Yes,By-law 2020-09-039,https://www.lvtownship.ca/en/lv-government-services/resources/Documents/2020-09-039-Development-Charge-By-law-2020-with-Schedules.pdf,2020-09-01,,10-year term.,Yes,Standard farm exemption expected per Ontario practice. Specific exemption wording requires review of full bylaw text.,http://www.laurentianvalleytwsp.on.ca/
Leamington,Lower Tier,Essex,Yes,By-Law 49-22,https://www.leamington.ca/media/3t4dvrqo/dev-charges-pamphlet-2026.pdf,2022-07-26,,,Yes,"3.8 Other Exemptions/Reductions Notwithstanding the provisions of this by-law, development charges shall not be imposed with respect to: Agricultural buildings excluding bunk houses and greenhouse uses, where ""Agricultural Use"" means use or intended use for bona fide farming purpose, excluding retail sales activities, services related to grooming, boarding, or breeding household pets, and marijuana processing or production facilities.",http://www.leamington.ca/
Leeds and Grenville,Upper Tier,Leeds and Grenville,No,,—,,,,No DC Bylaw,,http://www.leedsandgrenville.ca/
Leeds and the Thousand Islands,Lower Tier,Leeds and Grenville,No,,—,,,,No DC Bylaw,,http://www.townshipleeds.on.ca/
Lennox and Addington,Upper Tier,Lennox and Addington,No,,—,,,,No DC Bylaw,,http://www.lennox-addington.on.ca/
Limerick,Lower Tier,Hastings,No,,—,,,,No DC Bylaw,,http://www.township.limerick.on.ca/
Lincoln,Lower Tier,Niagara,Yes,BY-LAW NO. 2024-28 through 2024-35,https://www.lincoln.ca/build-invest/planning-and-development/development-charges,2024-04-15,,,Yes,"Exemptions 3.5 Notwithstanding the provisions of this by-law, but subject to Subsection 3.5, development charges shall not be imposed with respect to: (b) the development of non-residential farm buildings for farming activities; (farm buildings not defined)",http://www.lincoln.ca/
London,Single Tier,Middlesex,Yes,By-law - C.P.-1551-227,https://london.ca/business-development/development-charges,2020-10-27,2026-01-01,until repealed,Yes,"35. Certain Development Exempt No Development Charge under section 2 is payable where the Development or Redevelopment; 11. is a bona fide Non-residential farm building used for an Agricultural use; where “Agricultural use” means the growing of crops, including nursery, biomass, and horticultural crops; raising of livestock, raising of other animals for food, fur or fibre, including poultry and fish, aquaculture, apiaries, agro-forestry, maple syrup production, and associated on-farm buildings and structures, including, but not limited to livestock facilities, manure storages, value-retaining facilities, and accommodation for full-time farm labour when the size and nature of the operation requires additional employment, but excluding in all circumstances any residential or commercial component thereof;",http://www.london.ca/
Loyalist,Lower Tier,Lennox and Addington,Yes,BY-LAW NUMBER 2021-066 (amended by 2026-17),https://www.loyalist.ca/media/4amj4g5l/2023-dc-pamphlet.pdf,2021-10-25,2032-01-02,,Yes,"4. APPLICABLE LANDS (2) This by­law shall not apply to land that is owned by and used for the purposes of: (d) a non-­residential farm building; where “Farm building” means that part of a bona fide farm operation encompassing barns, silos, and other ancillary development to an agricultural use, but excluding a residential use.",http://www.loyalist.ca/
Lucan Biddulph,Lower Tier,Middlesex,Yes,BY-LAW NO. 26-2023 (amended by 25-2024),https://www.lucanbiddulph.on.ca/development-charges,2023-06-06,,"EXPIRES IN 10 YEARS, UNLESS REPEALED",Yes,SECTION 4 h. No development charge under section 5 is payable where the development; f. Is a bona fide non-residential farm building,http://www.lucanbiddulph.on.ca/
Macdonald Meredith et al,Single Tier,Algoma,No,,—,,,,No DC Bylaw,,http://www.echobay.ca/
Machar,Single Tier,Parry Sound,No,,—,,,,No DC Bylaw,,http://www.machartownship.net/
Machin,Single Tier,Kenora,No,,—,,,,No DC Bylaw,,http://www.visitmachin.com/
Madawaska Valley,Lower Tier,Renfrew,No,,—,,,,No DC Bylaw,,http://www.madawaskavalley.ca/
Madoc,Lower Tier,Hastings,No,,—,,,,No DC Bylaw,,http://www.madoc.ca/
Magnetawan,Single Tier,Parry Sound,No,,—,,,,No DC Bylaw,,http://www.magnetawan.com/
Malahide,Lower Tier,Elgin,Yes,By-law Number 21-63,https://www.malahide.ca/en/municipal-office/resources/Bylaws--Policies/2021-Malahide-DC-By-law---3-year-phase-in-no-water.pdf,2021-11-02,,"EXPIRES 2026, UNLESS AMENDED",Yes,"See Section 3.8 3.8. Notwithstanding the provision of this by-law, development charges shall not be imposed with respect to: (c) Non-residential farm buildings constructed for bona fide farm uses;",http://www.malahide.ca/
Manitouwadge,Single Tier,Thunder Bay,No,,—,,,,No DC Bylaw,,http://www.manitouwadge.ca/
Mapleton,Lower Tier,Wellington,Yes,BY-LAW NUMBER 2024-033,https://www.mapleton.ca/business-and-development/budget-and-finance/development-charges/,2024-06-11,2034-07-10,,Yes,"3.10 Other Exemptions: Notwithstanding the provision of this By-law, development charges shall not be imposed with resepct to: (b) A bona fide farm use; where ""bona fide farm use"" means the proposed development that will qualify as a farm business operating with a valid Farm Business Registration Number issued by the Onatrio Ministry of Agriculture, Food and Rural Affairs and be assessed in the Farmland Realty Tax Class by the Ontario Property Assessment Corporation.",http://www.mapleton.ca/
Marathon,Single Tier,Thunder Bay,No,,—,,,,No DC Bylaw,,http://www.marathon.ca/
Markham,Lower Tier,York,Yes,BY-LAW 2022-68,https://www.markham.ca/about-the-city-of-markham/city-hall/laws/development-charge-rates,2022-06-28,,,Yes,"3. APPLICABLE LANDS (4) This by-law shall not apply to land or Buildings within the Municipality that are used for the purposes of: (d) Agricultural Uses; where ""Agricultural Uses"" means land or buildings, excluding any portion thereof used as a dwelling unit, used or designed or intended for use for the purpose of a bona fide farming operation.",http://www.markham.ca/
Markstay-Warren,Single Tier,Sudbury,No,,—,,,,No DC Bylaw,,http://www.markstay-warren.ca/
Marmora and Lake,Lower Tier,Hastings,No,,—,,,,No DC Bylaw,,http://www.marmoraandlake.ca/
Matachewan,Single Tier,Timiskaming,No,,—,,,,No DC Bylaw,,http://www.matachewan.com/
Mattawa,Single Tier,Nipissing,No,,—,,,,No DC Bylaw,,http://www.mattawa.ca/
Mattawan,Single Tier,Nipissing,No,,—,,,,No DC Bylaw,,VALUE!
Mattice-Val Cote,Single Tier,Cochrane,No,,,,,,No DC Bylaw,,http://www.matticevalcote.ca/
McDougall,Single Tier,Parry Sound,No,,—,,,,No DC Bylaw,,http://www.municipalityofmcdougall.com/
McGarry,Single Tier,Timiskaming,No,,—,,,,No DC Bylaw,,http://www.mcgarry.ca/
McKellar,Single Tier,Parry Sound,No,,—,,,,No DC Bylaw,,http://www.township.mckellar.on.ca/
McMurrich-Monteith,Single Tier,Parry Sound,No,,,,,,No DC Bylaw,,http://www.mcmurrichmonteith.com/
McNab-Braeside,Lower Tier,Renfrew,Yes,By-law 2019-42 (amended by By-law 2024-49),https://www.mcnabbraeside.com/en/doing-business/development-charges.aspx,2019-06-27,2029-06-27,"Original By-law 2019-42 still in effect, amended by 2024-49. No explicit expiry date found; assumed 10-year term.",No,"No explicit farm exemption. Exemptions limited to Board of Education, Municipality/Local Board, and County of Renfrew/Local Boards. DCs collected for new dwelling units, commercial buildings, and industrial buildings (additions >50% of existing GFA).",http://mcnabbraeside.com/
Meaford,Lower Tier,Grey,Yes,By-law 2024-48,https://meaford.ca/development-charges/,2024-10-07,,Until repealed.,Yes,"13.0 Categories of Exempt Uses 13.1 The following categories of uses are hereby designated as being exempt from the payment of development charges. e) agricultural use, where “Agricultural Use” means lands, buildings, or structures, excluding any portion thereof used as a dwelling unit, used, designed or intended to be used for the purpose of a bona fide farming operation including, but not limited to, animal husbandry, bee keeping, dairying, fallow, field crops, fish farming, forestry, fruit farming, horticulture, livestock, market gardening, pasturage, poultry keeping, the growing, raising, packing, treating, storing, and sale of produce produced on the premises, temporary farm help accommodation and other activities customarily carried on in the field of agriculture.",http://meaford.ca/
Melancthon,Lower Tier,Dufferin,Yes,By-law No. 30-2024,https://melancthontownship.ca/wp-content/uploads/2024/07/Development-Charges-By-law-30-2024.pdf,2024-07-16,,,Yes,"Other Exemptions: 3.9.2 Notwithstanding the provisions of this By-law, development charges shall not be imposed on ""an agricultural use"", including barns, silos, or other storage facilities for produce, livestock, or machinery and equipment used in connection with an existing agricultural operation, and other ancillary development to an agricultural use, but excluding a ""residential dwelling"", an ""on-farm diversisied use"" or a ""cannabis production facility"".",http://melancthontownship.ca/
Merrickville-Wolford,Lower Tier,Leeds and Grenville,No,BY-LAW 15-2021,https://www.merrickville-wolford.ca/governance/plans-reports-studies?layout=table,2021-03-22,2026-03-22,,Yes,,http://www.merrickville-wolford.ca/
Middlesex,Upper Tier,Middlesex,No,By-law #7291,https://www.middlesex.ca/sites/default/files/documents/07291%20-%20Establish%20Development%20Charges%20for%20Middlesex%20County%20-%20Final.pdf,2024-06-26,,,Yes,"Other Exemptions/Reductions Notwithstanding the provision of this By-law, development charges shall not be imposed with respect to: non-residential agricultural use buildings shall be exempt from the development charge;",http://www.middlesex.ca/
Middlesex Centre,Lower Tier,Middlesex,Yes,By-law 2024-064 (amended by 2025-064),https://www.middlesexcentre.ca/sites/default/files/2024-07/2024-064%20Development%20Charges.pdf,2024-07-10,2034-07-11,"EXPIRES 2034, UNLESS REPREALED",No,,http://www.middlesexcentre.on.ca/
Midland,Lower Tier,Simcoe,Yes,By-law 2025-21,https://www.midland.ca/media/vpxfsij1/by-law-2025-21-2025-development-charges-midland.pdf,2025-03-19,,,No,,http://www.midland.ca/
Milton,Lower Tier,Halton,Yes,By-law 053-2022,https://www.milton.ca/en/business-and-development/resources/Development-Charges/April-2026/May-2026/Development-Charges-Information-Pamphlet---May-30-2026.pdf,2022-06-20,,,Yes,"OTHER EXEMPTIONS/REDUCTIONS: 21. Notwithstanding the provision of this By-law, development charges shall not be imposed with respect to: f) agricultural development, including a one-time exemption of up to 50 square metres (538.2 square feet) on any commercial or retail component therein; where ""agricultural development"" means a bona fide farming operation, including greenhouses used in connection with a bona fide farming operation which are not connected to Regional water services or wastewater services, sod farms and farms for the breeding and boarding of horses, and includes, but is not limited to, barns, silos and other ancillary buildings to such agricultural development, but excluding in all circumstances any residential or commercial or retail component thereof and excludes Cannabis Production Facilities;",http://www.milton.ca/
Minden Hills,Lower Tier,Haliburton,No,,,,,,No DC Bylaw,,http://www.mindenhills.ca/
Minto,Lower Tier,Wellington,Yes,BY-LAW NUMBER 2024-055,https://www.town.minto.on.ca/residents/building-and-planning/development-charges,2024-07-09,,Original expiry Mar 1 2025 being removed via amendment per Bill 185. New bylaw anticipated after Mar 3 2026 public meeting.,No,No explicit farm exemption confirmed in available excerpts. Full bylaw text and 2021 amendment should be reviewed for specifics.,http://www.town.minto.on.ca/
Mississauga,Lower Tier,Peel,Yes,By-law 0133-2022 (as amended),https://www.mississauga.ca/services-and-programs/planning-and-development/growth-charges/development-charges/development-charges-by-laws-and-rates/,2022-06-22,,,No,,http://www.mississauga.ca/
Mississippi Mills,Lower Tier,Lanark,Yes,By-law No. 23-081 through 23-085,https://www.mississippimills.ca/media/4bdjb4fm/2025-development-charges_combined.pdf,2023-12-05,,,Yes,"Other Exemptions 3.13 Notwithstanding the provision of this by-law, development charges shall not be imposed with respect to: (c) Non-residential farm building used for a bona fide agricultural use, where “Farm building” means that part of a farming operation encompassing barns, silos, and other accessory use to a bona fide agricultural use or “value add” buildings of a commercial or retail nature for the farming operation or farm help quarters for the farming operation workers but excluding a Residential use;",http://www.mississippimills.ca/
Mono,Lower Tier,Dufferin,Yes,BY-LAW NUMBER 2024-38,https://townofmono.com/services/fees-and-permits,2024-09-24,,,Yes,"3.9 Other Exemptions: 1) Notwithstanding the provision of this by-law, development charges shall not be imposed with respect to: (i) Non-residential farm buildings constructed for bona fide farm uses, where “farm building” means a building or structure associated with and located on land devoted to the practice of farming and that is used essentially for the housing of farm equipment or livestock or the production, storage or processing of agricultural and horticultural produce or feeds and as part of or in connection with a bona fide farming operation and includes barns, silos and other buildings or structures ancillary to that farming operation, including greenhouses, but excludes: (a) a residential use, with the exception of a bunk house for seasonal farm workers required for that farm operation; and (b) any building or portion thereof used or intended to be used for any other Non-Residential Use, including, but not limited to: retail sales; commercial services; restaurants; banquet facilities; hospitality and accommodation facilities; gift shops; contractors’ shops; services related to grooming, boarding, or breeding of household pets; and alcohol and marijuana production facilities.",http://www.townofmono.com/
Montague,Lower Tier,Lanark,Yes,By-law 3893-2022,https://www.montaguetownship.ca/images/3893-2022_-_To_establish_development_charges_for_the_Township_of_Montague.pdf,2022-03-01,,The By-law shall continue in force and effect for a term of five (5) years from the date of its enactment,No,,http://www.township.montague.on.ca/
Moonbeam,Single Tier,Cochrane,No,,—,,,,No DC Bylaw,,http://www.moonbeam.ca/
Moosonee,Single Tier,Cochrane,No,,—,,,,No DC Bylaw,,http://www.moosonee.ca/
Morley,Single Tier,Rainy River,No,,—,,,,No DC Bylaw,,http://www.townshipofmorley.ca/
Morris-Turnberry,Lower Tier,Huron,No,,—,,,No DC bylaw currently in place. Previous data had no bylaw name listed.,No,No development charges bylaw in place; therefore no farm exemption applicable.,https://morristurnberry.ca/
Mulmur,Lower Tier,Dufferin,Yes,BY-LAW NO. 25-2024,https://mulmur.ca/content/build/development-charges/2024-development-charges-by-law.pdf,2024-07-03,,,Yes,"8. EXEMPT BUILDINGS 8.1 Non-residential buildings used accessory to an agricultural operation shall be exempt from the development charge,",http://www.mulmurtownship.ca./
Muskoka,Upper Tier,Muskoka,Yes,BY-LAW NO. 2024-34,https://www.muskoka.on.ca/en/finance-and-administration/development-fees-and-charges.aspx,2024-10-21,2025-01-01,,Yes,"8. Exemptions Subject to section 9 herein, the following types of development shall be exempt from payment of development charges: (a) the development of a non-residential farm building or structure; where ""farm building"" means buildings or structures used to carry on a bona fide farming operation including barns, silos and other ancillary development to an agricultural use, but excluding cannabis production facilities and those buildings or structures used for residential purposes;",http://www.muskoka.on.ca/
Muskoka Lakes,Lower Tier,Muskoka,Yes,By-law 2024-055,https://www.muskokalakes.ca/business-property-development/building-demolition-and-construction/,2024-06-12,2024-07-01,,No,"10. In the case of the demolition of all or part of a residential building, a non— residential building or a farm building or structure: 10.1. no development charge shall be imposed if a building that has been destroyed or legally demolished is rebuilt within three years of the destructionor demolition. If a different type of building is constructed, a credit equal to the development charge that would have been imposed on the original building if it were constructed elsewhere in the neighbourhood, will apply. 10.2. A credit can, in no case, exceed the amount of the development charge that would othenrvise be payable, and no credit is available if the existing land use is exempt under this by-law.",http://www.muskokalakes.ca/
Nairn and Hyman,Single Tier,Sudbury,No,,—,,,,No DC Bylaw,,http://www.nairncentre.ca/
Neebing,Single Tier,Thunder Bay,No,,—,,,,No DC Bylaw,,http://www.neebing.org/
New Tecumseth,Lower Tier,Simcoe,Yes,By-law #2021-166,https://www.newtecumseth.ca/en/resources/Finance/Development-Charges/Development-Charge-Brochure---Jul-01-2024.pdf,2021-12-13,2022-01-01,,Yes,"4. Applicable Lands (3) This by-law shall not apply to land that is owned by and used for the purposes of: (e) agricultural uses, where "" agricultural use"" means lands, buildings or structures, excluding any portion thereof used as a dwelling unit, used or designed or intended for use for the purpose of a bona fide farming operation including, but not limited to, animal husbandry, dairying, livestock, fallow, field crops, removal of sod, forestry, fruit farming, horticulture, market gardening, pasturage, poultry keeping, equestrian facilities and any other activities customarily carried on in the field of agriculture.",http://www.town.newtecumseth.on.ca/
Newbury,Lower Tier,Middlesex,No,,—,,,,Not Known,,http://www.newbury.ca/
Newmarket,Lower Tier,York,Yes,"By-laws 2019-46, 2019-47, 2019-48 (amended by 2022-34, extended to 2029)",https://www.newmarket.ca/en/townhall/development-charges.aspx,2019-07-21,2029-07-18,Originally set to expire Jul 21 2024. Extended 5 years to Jul 18 2029 via amending by-law.,Yes,"Section 3.5(g) of By-law 2019-48: ""agricultural uses"" are exempt from development charges. ""Farm building"" defined as part of a bona fide farming operation encompassing barns, silos and other ancillary development to an agricultural use, excluding residential use.",http://www.newmarket.ca/
Niagara,Upper Tier,Niagara,Yes,By-law 2022-48,https://www.niagararegion.ca/business/property/background-study.aspx,2022-08-25,,,Yes,"DISCRETIONARY EXEMPTIONS 19. Notwithstanding any other provision of this By-law, no development charge is imposed under this By-law respecting: (a) non-residential lands and buildings used for agricultural use; (b) on-farm site farm accommodations used for agricultural use; where “agricultural use” means use or intended use for bona fide farming purposes (a) including (but not limited to): (i) cultivation of crops, whether on open land or in greenhouses, including (but not limited to) fruit, vegetables, herbs, grains, field crops, marijuana, sod, trees, shrubs, flowers, and ornamental plants; (ii) raising of animals, including (but not limited to) cattle, horses, pigs, poultry, livestock, fish; and (iii) agricultural animal husbandry, dairying, equestrian activities, horticulture, fallowing, pasturing, and market gardening; (b) but excluding: (i) retail sales activities; including but not limited to restaurants, banquet facilities, hospitality facilities and gift shops; (ii) services related to grooming, boarding, or breeding of household pets; and (iii) marijuana processing or production facilities",http://www.niagararegion.ca/
Niagara Falls,Lower Tier,Niagara,Yes,By-law 2024-053 (as amended),https://niagarafalls.ca/building-planning-and-business/planning-and-development/growth-charges-and-incentives/development-charges/,2024-05-28,,10-year term. 2025 rates effective Sep 1 2025. Agricultural exemption maintained following Niagara Region task force vote in May 2022.,Yes,"Agricultural buildings exempt from development charges. Exemption maintained following Niagara Region DC task force advocacy in 2022. Agricultural use defined per 2020 Provincial Policy Statement (crop growing, livestock raising, on-farm buildings and structures).",http://www.niagarafalls.ca/
Niagara-on-the-Lake,Lower Tier,Niagara,Yes,By-law 5072-18 (as indexed),https://www.notl.com/town-hall/by-law-directory/development-charges-law-5072-18,2018-07-16,,Until repealed,Yes,"Applicable Lands (2) This by-law shall not apply to land that is owned by and used for the purposes of (c) the development of a non-residential farm building used for bona fide agricultural purposes; where “farm building"" means that part of a bona fide farming operation encompassing barns, silos and other ancillary development to an agricultural use, but excluding a residential use;",http://www.notl.org/
Nipigon,Single Tier,Thunder Bay,No,,,,,,No DC Bylaw,,http://www.nipigon.net/
Nipissing,Single Tier,Parry Sound,No,,—,,,,No DC Bylaw,,http://nipissingtownship.com/
Norfolk,Single Tier,Norfolk,Yes,By-law 2019-100 (as indexed),https://www.norfolkcounty.ca/council-administration-and-government/budget-fees-and-finances/development-charges/,2019-10-15,,Until repealed,Yes,5. Exemptions from Development Charges (5.2) iv) Farm help house development; v) Farming business development,http://www.norfolkcounty.on.ca/
North Algona Wilberforce,Lower Tier,Renfrew,No,,—,,,,No DC Bylaw,,http://www.nalgonawil.com/
North Bay,Single Tier,Nipissing,Yes,By-Law No. 2019-72 (amended by 2024-69),https://northbay.ca/media/iffb3mtf/by-law-no-2024-69-amendment-to-by-law-2019-72-to-extend-expiry-date-final.pdf,2019-10-10,2029-10-10,Until repealed,Yes,"Applicable Lands 3. (2) This By-law shall not apply to land that is owned by and used for the purposes of: (g) Industrial Uses, where “Industrial Use” means a use considered a permitted use under Industrial Class 1, Industrial Class 2, Industrial Class 3, Wholesale or Transportation Terminal through the City’s Zoning By-law, By-law No. 2015-30, as amended;",http://www.cityofnorthbay.ca/
North Dumfries,Lower Tier,Waterloo,Yes,BY-LAW NUMBER 3088-19,https://www.northdumfries.ca/en/doing-business/resources/Documents/By-law-3088-19-Development-Charges.pdf,2019-11-25,2024-11-25,2020 DC Background Study updated from By-law 3122-19.,Yes,Non-residential farm buildings for bona fide farming operations exempt from development charges. Standard Ontario agricultural DC exemption.,http://www.northdumfries.ca/
North Dundas,Lower Tier,"Stormont, Dundas and Glengarry",Yes,By-law No. 2022-35,https://www.northdundas.com/sites/1/files/2022-05/Bylaw%20No.%202022-35%20Development%20Charges.pdf,2022-05-04,,,Yes,"4.0 Applicable Lands (4.2) (e) a non-residential farm building used for bona fide agricultural purposes; where ""Farm Building"" means a building or part thereof which does not contain a residential occupancy and which is associated with and located on land devoted to the practice of farming and used essentially for the housing of equipment or livestock, or the production, storage or processing of agricultural and horticultural produce or feeds and shall not include manure storage facilities, but excludes a building or extension to a building having a gross floor area of less than 46.45 square metres (500 square feet).",http://www.northdundas.com/
North Frontenac,Lower Tier,Frontenac,No,,—,,,,No DC Bylaw,,http://www.northfrontenac.ca/
North Glengarry,Lower Tier,"Stormont, Dundas and Glengarry",No,,—,,,,No DC Bylaw,,http://www.northglengarry.ca/
North Grenville,Lower Tier,Leeds and Grenville,Yes,By-law 52-21,https://www.northgrenville.ca/services-and-payments/municipal-services/building-permits-fees,2021-06-15,,Extended from Nov 2024 to Nov 2025. New DC background study underway; replacement expected.,Yes,Section 3(6): Agricultural buildings/structures (excluding farm dwellings) subject only to fire service portion of DC - partial exemption from full development charges.,http://www.northgrenville.ca/
North Huron,Lower Tier,Huron,No,,https://www.northhuron.ca/,,,UNTIL REPEALED,Not Known,4. No development charge under section 5 is payable where the development; (11) Is a bona fide non-residential farm building;,http://www.northhuron.ca/
North Kawartha,Lower Tier,Peterborough,No,By-law 2021-0062,https://www.northkawartha.ca/living-here/building-department/,2021-08-03,,,Yes,,http://www.northkawartha.on.ca/
North Middlesex,Lower Tier,Middlesex,Yes,BY-LAW NO. 041 of 2022 (amended by 112 of 2025),https://www.northmiddlesex.on.ca/sites/default/files/2025-12/112%20of%202025%20-%20Development%20Charges%202026.pdf,2022-04-20,,"EXPIRES 2027, UNLESS IS AMMENDED",No,"Development shall be imposed on all lands, builidngs or structures that are developed for residential or non-residental uses if the development requires: i. The passing of a zoning bylaw ii. Approval of a minor variance iii. A conveyance of land iv.aproval of a plan of subdivision v. a consent vi. the approval of a description vii. The issuing of a permint in realation to the building or structure",http://www.northmiddlesex.on.ca/
North Perth,Lower Tier,Perth,Yes,By-law No. 74-2024,https://www.northperth.ca/media/ysgluhd0/74-2024-development-charges-for-the-municipality-of-north-perth.pdf,2024-09-04,,Or until repealed,Yes,"Notwithstanding the provision of this by-law, development charges shall not be imposed with respect to: Agricultural uses as well as farm buildings and other ancillary development to an agricultural use excluding any residential, commercial or cannabis production facilities uses shall be exempt from the provisions of this By-law.",http://www.northperth.ca/
North Stormont,Lower Tier,"Stormont, Dundas and Glengarry",No,,—,,,,No DC Bylaw,,http://www.northstormont.ca/
Northeastern Manitoulin & The Isl,Single Tier,Manitoulin,No,,,,,,No DC Bylaw,,http://www.townofnemi.on.ca/
Northern Bruce Peninsula,Lower Tier,Bruce,No,,—,,,,N/A,,http://www.northbrucepeninsula.ca/
Northumberland,Upper Tier,Northumberland,No,,https://www.northumberland.ca/DevelopmentCharges,,,10-year term. Upper tier (County) DC bylaw.,Not Known,Farm buildings exempt per standard Ontario county DC practice.,http://northumberland.ca/
Norwich,Lower Tier,Oxford,Yes,By-Law No. 32-2024 (amended by 37-2024),https://www.norwich.ca/media/0v4iwqz5/development-charges-pamphlet-june-13-2026.pdf,2024-07-09,,Until repealed,Yes,"3. APPLICABLE LANDS (3) This by-law shall not apply to: (a) Farm Buildings as defined herein; where “Farm Building” means a Building or structure associated with and located on land devoted to the practice of farming and that is used essentially for the housing of farm equipment or livestock or the production, storage or processing of agricultural and horticultural produce or feeds and as part of or in connection with a bona fide farming operation and includes barns, silos and other buildings or structures ancillary to that farming operation, but excludes: (a) a Residential Use, with the exception of a bunk house for seasonal farm workers required for that farm operation; and (b) any Building or portion thereof used or intended to be used for any other Non-Residential Use, including, but not limited to: retail sales; commercial services; restaurants; banquet facilities; hospitality and accommodation facilities; gift shops; contractors shops; services related to grooming, boarding, or breeding of household pets; and alcohol and marijuana production facilities.",http://www.twp.norwich.on.ca/
O'Connor,Single Tier,Thunder Bay,No,,—,,,,No DC Bylaw,,http://www.oconnortownship.ca/
Oakville,Lower Tier,Halton,Yes,By-law 2022-068,https://www.oakville.ca/town-hall/budget-finances/growth-infrastructure-financing-tools/development-charges/,2022-07-11,2027-07-11,Until repealed,Yes,"EXEMPTIONS 7. (1) This By-law shall not apply to land that is owned by and used for the purposes of: (a) an agricultural development; where ""agricultural development"" means a bona fide farming operation (as evidenced by membership of the owner/operator of the farm operation in the Ontario Federation of Agriculture), including greenhouses which are not connected to Regional water services or wastewater services, sod farms and farms for the breeding and boarding of horses, and includes, but is not limited to, barns, silos and other ancillary buildings to such agricultural development but excluding any component thereof that is; (a) A residential use, (b) A commercial use, including but not limited to marijuana production facilities, or (c) Retail development, including but not limited to the breeding, boarding and/or grooming of household pets;",http://www.oakville.ca/
Oil Springs,Lower Tier,Lambton,No,,—,,,,No DC Bylaw,,http://www.oilsprings.ca/
Oliver Paipoonge,Single Tier,Thunder Bay,No,BY-LAW NO. 627-2021,https://oliverpaipoonge.ca/sites/default/files/2021-10/By-Law%20627-2021%20Development%20Charges.pdf,2021-10-12,,,Yes,,http://www.oliverpaipoonge.on.ca/
Opasatika,Single Tier,Cochrane,No,,—,,,,No DC Bylaw,,http://opasatika.net/
Orangeville,Lower Tier,Dufferin,Yes,By-law 2024-039,https://www.orangeville.ca/en/doing-business/resources/Documents/Town%20of%20Orangeville%202024%20D.C.%20Background%20Study%20-%20Final%20Report.pdf,2024-06-24,,Until repealed,No,,http://www.orangeville.ca/
Orillia,Single Tier,Simcoe,Yes,By-law Number 2023-009 (amended by 2024-113),https://www.orillia.ca/media/14jhoa4s/dc-pamphlet-july-1-2026.pdf,2023-02-13,2033-02-13,,No,,http://www.orillia.ca/
Oro-Medonte,Lower Tier,Simcoe,Yes,By-law No. 2024-097,https://www.oro-medonte.ca/media/5k2bcjpx/dc-pamphlet-2025-final.pdf,2024-10-23,,,Yes,"Exemptions 3.3 This by-law shall not apply to lands that are owned by and used for the purposes of: e) farm buildings as defined herein; where ""Farm Building"" means a building or structure actually used as part of or in connection with a bona fide farming operation and includes barns, silos and other buildings or structures ancillary to a bona fide farming operation, but excluding a residential use and marijuana faciltiies.",http://www.oro-medonte.ca/
Oshawa,Lower Tier,Durham,Yes,By-law 91-2024,https://www.oshawa.ca/media/or3lhgew/development_charges_by-law_91-2024.pdf,2024-06-24,,until repealed,Yes,"2. Application 2.5 No Development Charge shall be imposed with respect to any Development: (g) respecting an Agricultural building or structure; where “Agricultural”, in reference to use, means land, buildings or structures used, designed or intended to be used solely for an “agricultural operation” as that term is defined in section 1 of the Farming and Food Production Protection Act, 1998, S.O. 1998, c. 1;",http://www.city.oshawa.on.ca/
Otonabee-South Monaghan,Lower Tier,Peterborough,Yes,By-law 2020-60,https://www.osmtownship.ca/municipal-services/by-laws-policies/,2020-12-07,,10-year term.,Yes,Non-residential farm buildings exempt from development charges.,http://www.osmtownship.ca/
Ottawa,Single Tier,Ottawa,Yes,By-law 2024-218 (as amended),https://ottawa.ca/en/planning-development-and-construction/residential-property-regulations/development-application-review-process/development-application-submission/fees-and-funding-programs/development-charges/overview,2024-05-15,,,Yes,"7. (1) Subject to subsection (3), the following shall be exempt from development Charges: (g) Non-residential use buildings used for bona fide agricultural purposes, including buildings on a fairgrounds of an agricultural society",http://ottawa.ca/en
Owen Sound,Lower Tier,Grey,Yes,By-law No. 2020-112 (as amended),https://www.owensound.ca/media/o1uloljx/2023-development-charges-background-study.pdf,2020-11-23,,Unknown,Yes,"Exempt Buildings 16. No Development Charge under Schedule B of this by-law are imposed with respect to: a. Non-residential buildings used accessory to an agricultural operation; where ""agricultural"" is not explicitly defined.",http://www.owensound.ca/
Oxford,Upper Tier,Oxford,Yes,By-law 6639-2024 (amended by 6709-2025),https://www.oxfordcounty.ca/your-government/financial-policy/development-charges-and-fees/,2024-06-12,,until repealed,Yes,"3. APPLICABLE LANDS (3) This by-law shall not apply to: (a) Farm Buildings as defined herein; where “Farm Building” means a Building or structure associated with and located on land devoted to the practice of farming, as defined by the Farming and Food Production Protection Act, 1998, and that is used essentially for the housing of farm equipment or livestock, or the production, storage or processing of agricultural and horticultural produce or feeds, and as part of or in connection with a bona fide farming operation and includes barns, silos and other Buildings or structures ancillary to that farming operation, but excludes: (a) Bunk House for seasonal farm workers required for that farm operation; and (b) any Building or portion thereof used or intended to be used for any other NonResidential Use, including, but not limited to: retail sales; commercial services; restaurants; banquet facilities; hospitality and accommodation facilities; gift shops; contractors shops; services related to grooming, boarding, or breeding of household pets; and alcohol or cannabis production facilities;",http://www.oxfordcounty.ca/
Papineau-Cameron,Single Tier,Nipissing,No,,—,,,,No DC Bylaw,,http://www.papineaucameron.ca/
Parry Sound,Single Tier,Parry Sound,Yes,By-laws 2023-7346 through 2023-7350,https://www.parrysound.ca/media/jkslp5pa/dc-pamphlet-effective-june-6-2025.pdf,2023-06-06,,,Yes,"3. APPLICABLE LANDS (b) This By-law shall not apply to land that is owned by and used for the purposes of: 5) a Non-residential Building in connection with a bona fide Agricultural use including, but excluding a residential use and cannabis production facilities;",http://www.townofparrysound.com/
Peel,Upper Tier,Peel,Yes,By-law 77-2020 (as amended),https://peelregion.ca/about/finance/development-charges,2020-12-10,2021-01-22,Until repealed,Yes,"11. Exemptions (2) No development charge is imposed under this By-law in respect of land developed for an agriculture use including on-farm diversified use. where ""agricultural use"" means a use for the purpose of animal husbandry, dairying, fallow, field crops, removal of sod, forestry, fruit farming, horticulture, market gardening, pasturage, poultry keeping and any other use customarily carried on for the purposes of a bona fide farming operation, but does not include a residential use on lands that are developed for an agricultural use, and shall not include the growing, processing, production of cannabis or a controlled substance.",http://www.peelregion.ca/
Pelee,Single Tier,Essex,No,,—,,,,No DC Bylaw,,http://www.pelee.org/
Pelham,Lower Tier,Niagara,Yes,By-law No. 83-2024,https://www.pelham.ca/media/rcfjevil/83-2024-dc-by-law.pdf,2018-07-16,2034-12-31,until repealed,Yes,"4. APPLICABLE LANDS (6) This by-law shall not apply to land that is owned by and used for the purposes of: g) a farm building, excluding residential use",http://www.pelham.ca/
Pembroke,Single Tier,Renfrew,Yes,By-law No. 2021-26,https://www.pembroke.ca/media/zrepffel/development-charges-pamphlet-pembroke.pdf,2021-05-04,2021-06-07,,No,,http://www.pembrokeontario.com/
Penetanguishene,Lower Tier,Simcoe,Yes,BY-LAW NO. 2024-34,https://www.penetanguishene.ca/media/3yqfu4oe/penetanguishene_notice-of-passage.pdf,2024-06-26,,10-year term.,Yes,"Agricultural uses, farm buildings, and other development ancillary to an agricultural use are exempt, excluding residential uses.",http://www.penetanguishene.ca/
Perry,Single Tier,Parry Sound,No,,—,,,,No DC Bylaw,,http://www.townshipofperry.ca/
Perth East,Lower Tier,Perth,Yes,By-law 59-2021,https://www.pertheast.ca/wp-content/uploads/2025/04/Perth-East_DC-Pamphlet_January-2025.pdf,2021-11-02,,,Yes,"Bona Fide Farm Uses= encompassing barns, silos and other ancillary Development to an agricultural use, but excluding a Residential Use;",https://www.pertheast.ca/en/index.aspx
Perth South,Lower Tier,Perth,No,,—,,,,No DC Bylaw,,https://www.perthsouth.ca/en/index.aspx
"Perth, Co",Upper Tier,Perth,No,,N/A#http://N/A,,,,No DC Bylaw,,http://www.perthcounty.ca/
"Perth, T",Lower Tier,Lanark,Yes,By-Law No. 4839,https://perth.civicweb.net/filepro/document/6287/2019-4839-Amended%202019%20Development%20Charge%20Study%20_%20By-law%20Update-19Nov2019.pdf,2019-11-19,,Until repealed.,Yes,"3) development charges shall not be imposed with respect to: c) industrial buildings; where ""industrial"" means any building used for or in connection with a) manufacturing, producing, processing, storing, or distributing something and includes a greenhouse;",http://www.perth.ca/en/index.aspx
Petawawa,Lower Tier,Renfrew,Yes,By-law 1435/21,https://www.petawawa.ca/en/doing-business/resources/Documents/By-law-1435-21-Development-Charges.pdf,2021-06-21,,,Yes,3.11 Other Exemptions (b) The development of non-residential farm buildings constructed for bona-fide farm uses.,http://www.petawawa.ca/
"Peterborough, C",Single Tier,Peterborough,Yes,By-Law Number 25-100,https://bylaws.peterborough.ca/bylaws/getFNDoc.do?class_id=20&document_id=14220,2025-09-03,2035-09-03,,Yes,"Other Exemptions 20. Notwithstanding the provisions of this By-law, development charges shall not be imposed with respect to: (e) a non-residential agricultural buildings or structures that are owned by and are used for the purposes of a bona fide farming operation.",http://www.peterborough.ca/
"Peterborough, Co",Upper Tier,Peterborough,Yes,By-law No. 2022-35,https://peterboroughcounty.civicweb.net/filepro/document/291647/Development%20Charges%20By-law%20No.%202022-35.pdf,2022-05-02,2027-05-02,,Yes,"8. Exempt Buildings 8.1 The following Buildings are exempt from Development Charges: (f) Farm Buildings; where ""Farm Building"" means a Building or Structure actually used as part of or in connection with a bona fide farming operation and includes barns, silos, and other buildings or structures ancillary to a bona fide farming operation, but excluding a residential use. For greater clarity, a Farm Building does not include a commercial building, institutional building, or industrial building on a farm that is secondary to a bona fide farming operation.",http://www.ptbocounty.ca/en/index.aspx
Petrolia,Lower Tier,Lambton,No,,—,,,until repealed,Yes,"Other Exemptions 3.11. Notwithstanding the provisions of this by-law, development charges shall not be imposed with respect to: b. The development of non-residential farm buildings constructed for bona fide farm uses, being that which operates with a valid Farm Business Registration Number and is assessed in the Farmland Realty Tax Class.",http://town.petrolia.on.ca/
Pickering,Lower Tier,Durham,Yes,By-law No. 7953/22 (amended by 8199/25),https://www.pickering.ca/media/dsrg5d1s/development-charges-2024-2025.pdf,2022-07-13,,,Yes,"PART I APPLICATION 1. (2) This By-law shall not apply to land that is owned by and used for the purposes of, (c) the development of a non-residential farm building used for bona fide agricultural purposes; where ""agricultural use"" means lands, buildings, or structures, excluding any portion thereofgricultural use"" means lands, buildings, or structures, excluding any portion thereof used as a dwelling unit or for a commercial use, used or designed or intended for use for the purpose of a bona fide farming operation including, but not limited to, animal husbandry, dairying, livestock, fallow, field crops, removal of sod, forestry, fruit farming, greenhouses, horticulture, market gardening, pasturage, poultry keeping, and equestrian facilities",https://www.pickering.ca/en/index.aspx
Pickle Lake,Single Tier,Kenora,No,,—,,,,No DC Bylaw,,http://www.picklelake.ca/
Plummer Additional,Single Tier,Algoma,No,,—,,,,No DC Bylaw,,http://copperbaywebdesign.com/plummer_index.html
Plympton-Wyoming,Lower Tier,Lambton,Yes,By-Law 98 of 2021,https://www.plympton-wyoming.com/media/soxmdfgi/dc-by-law-98-of-2021.pdf,2021-09-08,2021-09-26,,No,,http://plympton-wyoming.com/
Point Edward,Lower Tier,Lambton,No,,—,,,,No DC Bylaw,,http://www.villageofpointedward.com/
Port Colborne,Lower Tier,Niagara,Yes,By-Law No. 6733/97/19 (amended by 7278/100/24),https://www.portcolborne.ca/en/business-and-development/resources/Building%20Division/By-Laws/7278%20100%2024.pdf,2019-11-12,,,Yes,"3.14 O Other Exemptions: Notwithstanding the provision of this by-law, development charges shall not be imposed with respect to: (1) Non-residential farm buildings for the purpose of an agricultural use except for any building constructed to accommodate an On-Farm Business which shall be considered to be an industrial building;",http://www.portcolborne.ca/
Port Hope,Lower Tier,Northumberland,Yes,By-law 63/2019 (amended by 62/2022),https://www.porthope.ca/en/business-and-development/resources/Development%20Charges/2024%20DC%20Background%20Study%20-%20Port%20Hope.pdf,2019-05-02,,,Yes,3.11 Other Exemptions 2) The construction of a non-residential farm building or structure constructed for a bona fide farm operation.,http://www.porthope.ca/
Powassan,Single Tier,Parry Sound,No,,—,,,,No DC Bylaw,,http://www.powassan.net/
Prescott,Single Tier,Leeds and Grenville,No,,—,,,,No DC Bylaw,,http://www.prescott.ca/
Prescott and Russell,Upper Tier,Prescott and Russell,No,,,,,,No DC Bylaw,,http://www.prescott-russell.on.ca/
Prince,Single Tier,Algoma,No,,—,,,,No DC Bylaw,,http://www.princetwp.ca/
Prince Edward County,Single Tier,Prince Edward,Yes,By-Law No. 35-2023,https://princeedwardcounty.civicweb.net/filepro/documents/278587/?preview=281624,2023-02-28,2032-02-28,,No,,http://www.pecounty.on.ca/
Puslinch,Lower Tier,Wellington,Yes,By-law 053/24,https://puslinch.ca/wp-content/uploads/2024/09/DC-Information-Pamphlet-September-3RD-2024.pdf,2024-07-10,,,Yes,"3.10 Other Exemptions: Notwithstanding the provision of this by-law, development charges shall not be imposed with respect to: (d) Non-residential farm buildings used for agricultural purposes where “farm Building” means a building or structure associated with and located on land devoted to the practice of farming and that is used essentially for the housing of farm equipment or livestock or the growing, harvesting, or storage of agricultural and horticultural produce or feeds and as part of or in connection with a bona fide farming operation and includes barns, silos and other buildings or structures ancillary to that farming operation, including greenhouses, but excludes a residential use",http://twp.puslinch.on.ca/
Quinte West,Single Tier,Hastings,Yes,By-law 24-130 (amended by 26-046),https://quintewest.ca/building-renovating/development-charges/,2024-10-30,,,No,,http://www.quintewest.ca/
Rainy River,Single Tier,Rainy River,No,,,,,,No DC Bylaw,,http://www.rainyriver.ca/
Ramara,Lower Tier,Simcoe,Yes,By-Law 2022.39,https://www.ramara.ca/business-and-development/building-and-construction/building-permits/,2022-05-09,,Until repealed,Yes,"3. APPLICABLE LANDS, BUILDINGS AND STRUCTURES 3.3 This by-law shall not apply to: c) a non-residential building used or designated or intended for use in connection with the production of crops, animal husbandry or other similar uses normally associated with agriculture;",http://www.ramara.ca/
Red Lake,Single Tier,Kenora,No,,—,,,,No DC Bylaw,,http://www.red-lake.com/
Red Rock,Single Tier,Thunder Bay,No,,—,,,,No DC Bylaw,,http://www.redrocktownship.com/
"Renfrew, Co",Upper Tier,Renfrew,No,,,,,,No DC Bylaw,,http://www.countyofrenfrew.on.ca/
"Renfrew, T",Lower Tier,Renfrew,Yes,By-Law No. 84-2021,https://www.renfrew.ca/public_docs/bylaws/BL.84-2021.pdf,2021-12-14,2026-12-31,,N/A,"""agricultural use"" and ""farm building"" is defined but not used. Confirm if farm exemption exists.",http://www.renfrewontario.com/
Richmond Hill,Lower Tier,York,Yes,By-laws 6-24 through 10-24 (as amended),https://www.richmondhill.ca/en/shared-content/resources/documents/Development-Charges/2024_Development_Charges_Brochure.pdf,2024-03-27,,10-year term. Indexed annually July 1. Amended Dec 11 2024.,No,"By-law defines ""agricultural use"" as bona fide farming operations including animal husbandry, dairying, livestock, field crops, forestry, fruit farming, horticulture, market gardening, and equestrian facilities (excluding dwelling units). However, there is no explicit exemption for farm buildings from development charges.",http://www.richmondhill.ca/
Rideau Lakes,Lower Tier,Leeds and Grenville,No,,—,,,10-year term. Ag uses get 50% reduction not full exemption. Ag rate $0.56/sqft vs $2.42/sqft.,No,"No full exemption. Ag uses receive 50% reduction in DC ($0.56/sqft vs $2.42/sqft). Ag use = buildings on land for farming (barns, silos, greenhouses). Excludes residential and retail/commercial.",http://www.twprideaulakes.on.ca/
Russell,Lower Tier,Prescott and Russell,Yes,By-Law 2021-114,https://www.russell.ca/en/your-township/development-charges-by-law.aspx,2021-11-15,2026-11-15,,Yes,,http://www.russell.ca/
Ryerson,Single Tier,Parry Sound,No,,,,,,No DC Bylaw,,http://www.ryersontownship.ca/
Sables-Spanish Rivers,Single Tier,Sudbury,No,,—,,,,No DC Bylaw,,http://www.sables-spanish.ca/
Sarnia,Lower Tier,Lambton,No,,—,,,"This by-law shall expire 10 years from the date of passing,
unless it is repealed at an earlier date.",Yes,"3.5. Notwithstanding the provisions of this by-law, and subject to the transition provisions of section 3.5.1, development charges shall not be imposed with respect to: 1) a non-residential farm building or structure on a property actively used for agricultural purposes in the rural zones as identified in the City's Zoning By-law;",http://www.sarnia.ca/
Saugeen Shores,Lower Tier,Bruce,Yes,By-law 61-2021,https://www.saugeenshores.ca/town-hall/applications-licences-and-permits/building-permits/,2021-08-23,,,Yes,"4. APPLICABLE LANDS 2. e) non-residential farm building constructed for bona fide farm uses; where ""Bona Fide Farm Use"" means the proposed development will qualify as a farm business operating with a valid Farm Business Registration Number lssued by the Ontario Ministry of Agriculture, Food and Rural Affairs and be assessed in the Farmland Realty Tax Class by the Municipal Property Assessment Corporation;",http://www.saugeenshores.ca/
Sault Ste Marie,Single Tier,Algoma,No,,,,,,No DC Bylaw,,https://saultstemarie.ca/Government/City-Departments/Legal/City-By-laws.aspx?ext=.
Schreiber,Single Tier,Thunder Bay,No,,—,,,,No DC Bylaw,,http://www.schreiber.ca/
Scugog,Lower Tier,Durham,Yes,By-law 16-24,https://www.scugog.ca/building-development/planning-and-development/development-charges/,2024-04-29,,"10-year term. Passed Apr 29 2024, effective May 28 2024. Background study by Hemson Consulting Feb 2024.",Yes,"Agricultural uses, farm buildings, and other ancillary development related to an agricultural use are exempt from development charges. This exemption does not extend to residential or commercial uses, or cannabis production facilities.",http://www.township.scugog.on.ca/
Seguin,Single Tier,Parry Sound,No,By-law 2021-053,https://www.seguin.ca/building,2021-08-09,,,Yes,"Notwithstanding the provisions of this by-law, development charges shall not be imposed under this by-law respecting: (a) the development of a non-residential farm building used for a bona fide farm use;",http://www.twp.seguin.on.ca/
Selwyn,Lower Tier,Peterborough,Yes,By-law 2023-053 through 2023-060,https://www.selwyntownship.ca/en/news/resources/Development-Charges/2023-053---Development-Charges---Road-and-Related.pdf,2023-09-12,2033-09-12,,Yes,"Other Exemptions 3.11 Notwithstanding any provision of this by-law, development charges shall not be imposed with respect to: (d) Non-residential farm buildings; where “Farm building” means that part of a bona fide farming operation encompassing barns, silos and other ancillary development to an agricultural use, but excluding a residential use;",http://www.selwyntownship.ca/en/index.asp
Severn,Lower Tier,Simcoe,Yes,By-law No. 2024-54,https://www.severn.ca/media/nfcjasrf/development-charges-background-study.pdf,2024-07-24,,,Yes,"3.7 Other Exemptions: Notwithstanding the provision of this by-law, development charges shall not be imposed with respect to: g) The development of non-residential farm buildings constructed for bonafide farm uses, excluding cannabis production facilities and on-farm diversified uses",http://www.townshipofsevern.com/
Shelburne,Lower Tier,Dufferin,Yes,"By-laws 19-2020, 20-2020, 21-2020",https://www.shelburne.ca/media/xm1blntq/dc-by-law-pamphlet-2025-updated-january-28-2026-web-version.pdf,2020-05-11,,Until repealed,Yes,3. APPLICABLE LANDS (2) This by-law shall not apply to any of the following categories of development: (e) development of farm buildings.,http://www.townofshelburne.on.ca/
Shuniah,Single Tier,Thunder Bay,No,,—,,,,No DC Bylaw,,http://www.shuniah.org/
Simcoe,Upper Tier,Simcoe,Yes,By-Law No. 6930,https://www.simcoe.ca/Finance/Documents/By-law%20No.%206930.pdf,2021-11-23,2026-12-31,,Yes,"4. APPLICABLE LANDS (2) This by-law shall not apply to land that is owned by and used for the purposes of: e) a farm buildin and farm equipment dealership as defined herein. farm building: a building used for bona fide farming operation, excluding residential and cannabis use farm equipment dealership: a building or structure used solely for sale of farm equipment",http://www.simcoe.ca/
Sioux Lookout,Single Tier,Kenora,No,,—,,,,No DC Bylaw,,http://www.siouxlookout.ca/
Sioux Narrows-Nestor Falls,Single Tier,Kenora,No,,—,,,,No DC Bylaw,,http://www.siouxnarrows-nestorfalls.ca/
Smiths Falls,Single Tier,Lanark,No,,https://www.smithsfalls.ca/,,,,Not Known,"EXEMPTIONS 11. (a) the development of a non-residential farm building used for a bona fide farm use, where ""bona fide farm use"" means the proposed development will qualify as a farm business operating with a valid FBRM issued by OMA. Excludes cannabis operations.",http://www.smithsfalls.ca/
Smooth Rock Falls,Single Tier,Cochrane,No,,—,,,,No DC Bylaw,,http://www.townofsmoothrockfalls.ca/
South Algonquin,Single Tier,Nipissing,No,,—,,,,No DC Bylaw,,http://www.township.southalgonquin.on.ca/
South Bruce,Lower Tier,Bruce,No,By-Law 2025-36,https://www.southbruce.ca/media/zzplxun1/dc-by-law-2025-36.pdf,2025-06-24,,,Yes,"3.10 Notwithstanding the provisions of this by-law, development charges shall not be imposed with respect to: 3.1 0.2 The development of non-residential farm bu ildings constructed for bona fide farm uses.",http://www.town.southbruce.on.ca/
South Dundas,Lower Tier,"Stormont, Dundas and Glengarry",No,,—,,,,No DC Bylaw,,http://www.southdundas.com/
South Frontenac,Lower Tier,Frontenac,Yes,By-law 2024-53,https://www.southfrontenac.net/media/p5aoge3g/by-law-2024-53-development-charges.pdf,2024-07-16,2024-08-07,,Yes,"4. APPLICABLE LANDS (2) c) bona fide agricultural use or farm building, excluding residential use",http://www.township.southfrontenac.on.ca/
South Glengarry,Lower Tier,"Stormont, Dundas and Glengarry",No,,—,,,,No DC Bylaw,,http://southglengarry.com/
South Huron,Lower Tier,Huron,Yes,By-law 17-2020 (amended by 68-2020),https://www.southhuron.ca/media/tkvdez1f/68-2020-development-charges-brochure-2020.pdf,2020-03-17,,Expired Mar 17 2025. New DC background study released Dec 31 2025. New bylaw mandated for 2026.,Yes,"Agricultural buildings or structures exempt. Defined as buildings for animal husbandry, crop cultivation, market gardening, horticulture, or bona fide farming operations.",http://www.southhuron.ca/
South River,Single Tier,Parry Sound,No,,—,,,,No DC Bylaw,,http://www.southriverontario.com/
South Stormont,Lower Tier,"Stormont, Dundas and Glengarry",Yes,By-law No. 2022-057,https://www.southstormont.ca/media/034lpdrw/2022-057-development-charges.pdf,2022-06-22,,,Yes,"3.10 Other Exemptions: 3.10.1 Notwithstanding the provision of this by-law, development charges shall not be imposed with respect to: (1) Bona-fide farm buildings;",http://southstormont.ca/
South-West Oxford,Lower Tier,Oxford,Yes,BY-LAW NO. 2024-035,https://speakup.oxfordcounty.ca/2024-dc-background-study,2024-06-25,,,Yes,,http://www.swox.org/
Southgate,Lower Tier,Grey,Yes,By-Law No. 2022-154,https://www.southgate.ca/en/municipal-services/resources/BuildingDocuments/By-law-2022-154---Development-Charges-By-law.pdf,2022-10-05,2027-10-06,,Yes,"Other Exemptions: 3.7 Notwithstanding the provision of this By-law, development charges shall not be imposed with respect to: (a) Non-residential farm building for a bona fide farm use, with a valid Farm Business Registration Number and assessed as Farmland Realty Tax Class;",http://www.town.southgate.on.ca/
Southwest Middlesex,Lower Tier,Middlesex,No,N/A,,,,,No,,http://www.southwestmiddlesex.ca/
Southwold,Lower Tier,Elgin,No,,https://www.southwold.ca/,,,10-year term.,Not Known,Standard farm building exemption for bona fide farm uses.,http://www.twp.southwold.on.ca/
Spanish,Single Tier,Algoma,No,,—,,,,No DC Bylaw,,http://www.townofspanish.com/
Springwater,Lower Tier,Simcoe,Yes,By-law 2023-070,https://springwater-ca.govstack.com/media/vspl554e/township-of-springwater-dc-update-study.pdf,2023-06-21,,,Yes,"15. Agricultural Uses 15.1. Agricultural uses as well as farm buildings and other ancillary development to an agricultural use, excluding any residential uses, shall be exempt from the provisions of this By-law.",http://www.springwater.ca/
St Catharines,Lower Tier,Niagara,Yes,BY-LAW NO. 2021-140,https://stcatharines.civicweb.net/filepro/documents/799/?preview=97923,2021-09-13,2027-01-01,,Yes,"“Farm Building” means that part of a bona fide farming operation encompassing barns, silos, and other ancillary development to an agricultural farm, but excluding a residential use, greenhouses and other buildings and structures used as Cannabis Production Facilities and would include wholesale greenhouse facilities and structures",http://www.stcatharines.ca/
St Clair,Lower Tier,Lambton,Yes,By-law 6 of 2021,https://www.twpstclair.on.ca/en/build-invest-grow/development-charges.aspx,2021-02-16,2031-02-16,10-year term.,Yes,Non-residential farm buildings for bona fide farm uses exempt from development charges.,http://www.twp.stclair.on.ca/
St Joseph,Single Tier,Algoma,No,,,,,,No DC Bylaw,,http://www.stjosephtownship.com/
St Marys,Single Tier,Perth,Yes,By-law 106-2022,https://www.townofstmarys.com/en/doing-business/development-charges.aspx,2023-01-01,2032-12-31,Original expiry listed as 2023-12-31 was a clerical error; corrected to 2032-12-31 via amendment in April 2024.,Yes,Development charges shall not be imposed with respect to non-residential farm buildings constructed for bona fide farm uses.,http://www.townofstmarys.com/
St Thomas,Single Tier,Elgin,Yes,BY-LAW NUMBER 158-2020,,2021-10-12,2026-10-12,,Yes,"The following uses are wholly exempt from development charges under the by-law: A non-residential farm building, except for the gross floor area in a greenhouse used for retail sales.",https://www.stthomas.ca/
St-Charles,Single Tier,Sudbury,No,,,,,,No DC Bylaw,,http://www.stcharlesontario.ca/
Stirling-Rawdon,Lower Tier,Hastings,No,,—,,,,No,,http://www.stirling-rawdon.com/
Stone Mills,Lower Tier,Lennox and Addington,No,,—,,,,Yes,"Notwithstanding the provisions of this By-law, development charges shall not be imposed with respect to: c) Agricultural Uses: Non-residential farm buildings constructed and used exclusively for bona fide agricultural purposes operating with a valid Farm Business Registration Number and assessed in Farmland Reality Tax Class;",http://www.stonemills.com/
"Stormont, Dundas and Glengarry",Upper Tier,"Stormont, Dundas and Glengarry",No,,,,,,No DC Bylaw,,http://www.sdg.on.ca/
Stratford,Single Tier,Perth,Yes,By-law 41-2022,https://www.stratford.ca/media/yaacguhp/by-law-41-2022-development-charges-aoda.pdf,2022-04-06,,"EXPIRES 2027, UNLESS AMMENDED",No,,https://www.stratford.ca/en/index.aspx
Strathroy-Caradoc,Lower Tier,Middlesex,Yes,By-law No. 10-20 (amended by 34-22),https://www.strathroy-caradoc.ca/media/g21a25kx/dc-pamplet-_2025.pdf,2020-05-01,,UNTIL REPEALED,Yes,Exemptions from the Payment of Development Charges 6. (1) These rules provide for an exemption by user for all development upon lands owned and occupied by: (3) farm buildings as defined in this by-law are exempt from paying development charges,https://www.strathroy-caradoc.ca/en/index.aspx
Strong,Single Tier,Parry Sound,No,,—,,,,No DC Bylaw,,http://www.strongtownship.com/
Sundridge,Single Tier,Parry Sound,No,,—,,,,No DC Bylaw,,http://www.sundridge.ca/
Tarbutt,Single Tier,Algoma,No,,,,,,No DC Bylaw,,http://www.tarbutttownship.com/
Tay,Lower Tier,Simcoe,Yes,"By-laws 2024-04, 2024-05, 2024-06 (amended by 2024-67)",https://www.tay.ca/media/nkrowxmd/2025-tay-dc-pamphlet.pdf,2024-01-24,,10-year term per Development Charges Act. Mandatory discounts years 1-4 (20%/15%/10%/5%). Full rates year 5+. Currently under appeal.,Yes,"Farm buildings are exempt from development charges. ""Farm building"" means the part of a farming operation or hobby farm operation that includes barns, stables, silos, and other ancillary developments related to an agricultural use, but does not include a dwelling unit.",http://www.tay.ca/
Tay Valley,Lower Tier,Lanark,Yes,By-law 2024-046,https://www.tayvalleytwp.ca/media/ar2jjxjo/2025-development-charges-pamphlet.pdf,2024-09-01,,10-year term. Replaced By-law 2019-045. Section 14 contains exemptions.,No,No explicit farm exemption confirmed. Previous bylaw had exemptions section. Specific agricultural exemption status requires review of Section 14 of By-law 2024-046.,http://www.tayvalleytwp.ca/
Tecumseh,Lower Tier,Essex,Yes,By-Law Number 2024-063,https://www.tecumseh.ca/media/dowfgxyz/by-law-2024-063-development-charges-by-law-axes.pdf,2024-07-23,2024-09-01,10-year term. Passed Jul 23 2024. Annual adjustments Jan 1 per Stats Can Construction Price.,Yes,Non-residential farm buildings for bona fide farming uses exempt from development charges.,http://www.tecumseh.ca/
Tehkummah,Single Tier,Manitoulin,No,,—,,,,No DC Bylaw,,https://tehkummah.ca/
Temagami,Single Tier,Nipissing,No,,—,,,,No DC Bylaw,,http://www.temagami.ca/
Temiskaming Shores,Single Tier,Timiskaming,No,,—,,,,No DC Bylaw,,http://www.temiskamingshores.ca/
Terrace Bay,Single Tier,Thunder Bay,No,,—,,,,No DC Bylaw,,http://www.terracebay.ca/
Thames Centre,Lower Tier,Middlesex,Yes,By-law No. 17-2022,https://www.thamescentre.on.ca/media/q1nnxg2s/2026-thames-centre-development-charges-pamphlet.pdf,2022-03-07,,UNTIL REPEALED,Yes,2) Development Charges as per this by- law shall not apply to land that is owned by and used for the purposes of: a non- residential farm building constructed for bona fide farm uses;,http://www.thamescentre.on.ca/
The Archipelago,Single Tier,Parry Sound,No,,—,,,,No DC Bylaw,,http://www.thearchipelago.on.ca/
The Blue Mountains,Lower Tier,Grey,Yes,By-law 2024-15,https://www.thebluemountains.ca/sites/default/files/2024-04/The%20Blue%20Mountains_Notice%20of%20DC%20By-Law%20Passage_18April2024.pdf,2024-04-15,,,Yes,"Categories of Exempt Uses 20. The following categories of uses are hereby designated as being exempt from the payment of development charges: (3) land, buildings or structures for agricultural use which do not receive municipal sanitary sewer or water supply services; where “agricultural use” means lands, buildings, or structures, excluding any portion thereof used as a dwelling unit, used, designed or intended to be used for the purpose of a bona fide farming operation including, but not limited to, animal husbandry, bee keeping, dairying, fallow, field crops, fish farming, forestry, fruit farming, horticulture, livestock, market gardening, pasturage, poultry keeping, the growing, raising, packing, treating, storing, and sale of produce produced on the premises, and other activities customarily carried on in the field of agriculture, including the cultivation of cannabis;",http://www.thebluemountains.ca/
The Nation,Lower Tier,Prescott and Russell,Yes,By-law 63-2023,https://www.nationmun.ca/media/file/63-2023-dev-chg-by-law,2023-06-01,,until repealed,Yes,"4) Notwithstanding Section 3 of this By-law and in accordance with the statutory exemptions set out in the Act, Development Charges shall not be imposed with respect to: • Agricultural use buildings or structures. where ""agricultural use"" is not explicitly defined.",http://www.nationmun.ca/
The North Shore,Single Tier,Algoma,No,,—,,,,No DC Bylaw,,http://www.townshipofthenorthshore.ca/
The South Bruce Peninsula,Lower Tier,Bruce,Yes,By-Law Number 30-2022,https://southbrucepeninsula.civicweb.net/filepro/documents/100224/?preview=101508,2022-04-19,2027-04-20,,No,,http://www.southbrucepeninsula.com/
Thessalon,Single Tier,Algoma,No,,—,,,,No DC Bylaw,,http://www.thessalon.ca/
Thornloe,Single Tier,Timiskaming,No,,,,,,No DC Bylaw,,https://211ontario.ca/service/65314375/thornloe-village-of-administration/
Thorold,Lower Tier,Niagara,Yes,By-law 41-2024,https://www.thorold.ca/media/vbbexxeu/by-law-41-2024-development-charges.pdf,2024-04-18,,,Yes,"Agricultural Uses 22. Agricultural uses as well as farm buildings and other ancillary development to an agricultural use excluding any residential, commercial or industrial uses shall be exempt from the provisions of this By-law.",http://www.thorold.com/
Thunder Bay,Single Tier,Thunder Bay,No,,—,,,,No DC Bylaw,,http://www.thunderbay.ca/
Tillsonburg,Lower Tier,Oxford,Yes,By-law No. 2024-067,https://www.tillsonburg.ca/media/wi0axjlq/nvjbekwl_development-charges-by-law-notice-of-passing-003.pdf,2024-06-12,2024-06-13,,Yes,"3. Applicable Lands 3) This by-law shall not apply to: a) Farm Buildings as defined herein, ""Farm Building"" means a Building or structure associated with and located on land devoted to the practice of farming and that is used essentially for the housing of farm equipment or livestock or the production, storage or processing of agricultural and horticultural produce or feeds and as part of or in connection with a bona fide farming operation and excludes residential uses.",http://www.town.tillsonburg.on.ca/
Timmins,Single Tier,Cochrane,No,,—,,,,No DC Bylaw,,http://www.timmins.ca/
Tiny,Lower Tier,Simcoe,Yes,By-law 25-054,https://www.tiny.ca/building-tiny/getting-started/building-vacant-lot/development-charges,2025-01-01,,Previous By-law 20-084 expired Jan 1 2026. New bylaw in effect.,Yes,Non-residential farm buildings for bona fide farm uses exempt from development charges.,http://www.township.tiny.on.ca/
Toronto,Single Tier,Toronto,Yes,By-law 1137-2022,https://www.toronto.ca/city-government/budget-finances/city-finance/development-charges/development-charges-bylaws-rates/,2022-08-15,,Unknown,No,,http://www.toronto.ca/
Trent Hills,Lower Tier,Northumberland,Yes,"By-law Nos. 2024-023, 2024-024, 2024-025, 2024-026 (amended by 2024-109, 2024-110, 2024-111)",https://www.trenthills.ca/en/build-invest-grow/development-charges.aspx,2024-02-20,2034-02-20,10-year term. Annual indexing on Feb 20. Amended Nov 15 2024. 2025 rates effective Mar 25 2025.,Yes,Farm buildings are exempt from development charges.,http://www.trenthills.ca/
Trent Lakes,Lower Tier,Peterborough,Yes,By-law No. B2019-041,https://www.trentlakes.ca/media/ewsjuc3e/development-charges-pamphlet.pdf,2024-04-01,2034-04-01,,Yes,"Categories of Exempt Uses 18. The following categories of uses are hereby designated as being exempt from the payment of development charges: e) the development of bon-residential farm buildings constructed for bona fide farm uses, which qualify as a farm business, being that which operates with a valid FBRM and is assessed in the FRTC",http://www.trentlakes.ca/
Tudor and Cashel,Lower Tier,Hastings,No,,—,,,,No DC Bylaw,,http://www.tudorandcashel.com/
Tweed,Lower Tier,Hastings,No,,,,,,No DC Bylaw,,http://www.tweed.ca/
Tyendinaga,Lower Tier,Hastings,No,,—,,,,No DC Bylaw,,http://www.tyendinagatownship.com/
Uxbridge,Lower Tier,Durham,Yes,By-law No. 2024-055,https://www.uxbridge.ca/en/index.aspx,2024-03-25,,,Yes,"Agricultural Uses 22. Agricultural uses as well as farm buildings and other ancillary development to an agricultural use excluding any residential, commercial or cannabis production facilities uses shall be exempt from the provisions of this By-law.",http://www.town.uxbridge.on.ca/
Val Rita-Harty,Single Tier,Cochrane,No,,—,,,,No DC Bylaw,,http://valharty.ca/en/
Vaughan,Lower Tier,York,Yes,By-law 084-2024,https://www.vaughan.ca/business/development-charges/development-charge-rates-and-by-laws,2024-06-18,,,Yes,"Rules – Application, Exemptions and Exceptions (8) Notwithstanding any other provisions of this By-law, a building or structure shall be exempt from the payment of development charges provided that it is for (d) an agricultural use;",http://www.city.vaughan.on.ca/
Wainfleet,Lower Tier,Niagara,Yes,By-law No. 025-2021,https://www.wainfleet.ca/sites/24/files/2024-06/BL025-2021-Signed.pdf,2021-07-27,,,Yes,"Exemptions 3.5 Notwithstanding the provisions of this by-law, development charges shall not be imposed with respect to: (b) bona fide farm (non-residential) buildings; where ""farm building"" means that part of a bona fide farming operation encompassing barns, silos and other ancillary development to an agricultural use. This excludes BL025-2021 2021 07 27 Page4 ) a residential use, marijuana production facilities, wholesale greenhouse facilities, value added production uses, and value added marketing uses;",http://www.wainfleet.ca/
Warwick,Lower Tier,Lambton,Yes,By-law 75 of 2021,https://www.warwicktownship.ca/en/doing-business/resources/Documents/By-law-75-of-2021-Development-Charges.pdf,2021-09-13,,Until repealed.,Yes,"3.10 Other Exemptions/Reductions Notwithstanding the provision of this By-law, development charges shall not be imposed with respect to: • Non-residential farm buildings. where “Farm building” means that part of a bona fide farming operation encompassing barns, silos, and other ancillary development to an agricultural use, but excluding a residential use and would include wholesale greenhouse facilities and structures;",http://www.warwicktownship.ca/
Wasaga Beach,Lower Tier,Simcoe,Yes,BY-LAW NO. 2024-55,https://www.wasagabeach.com/en/doing-business/resources/Documents/BY-LAW-NO.-2024-55-Development-Charges.pdf,2024-06-25,,,No,,http://www.wasagabeach.com/
"Waterloo, C",Lower Tier,Waterloo,Yes,BY-LAW NO. 2019-064,https://www.waterloo.ca/en/government/resources/Documents/By-law/Development-Charges-Bylaw-2019-064.pdf,2019-12-16,,Until repealed.,No,,http://www.city.waterloo.on.ca/
"Waterloo, R",Upper Tier,Waterloo,Yes,By-Law Number 19-037,https://www.regionofwaterloo.ca/en/doing-business/resources/Developmet-Charges-By-law-July-9-2019.pdf,2019-06-26,,Unknown,Yes,"Rules for the Application and Imposition of Development Charges: (4) This By-law does not apply to: (c) Development for any one or more of the following uses of land: (iii) Farming, excluding a Farm Occupation; where ""Farming"" means the production of crops or the breeding, raising or maintaining of livestock, or both, and includes but is not limited to: (a) fur farming; (b) fruit and vegetable growing; (c) the keeping of bees; (d) fish farming; and (e) sod farming, and includes such buildings and structures located on a Farm that are designed and intended to be used solely for or in connection with: (i) storage or repair of farm equipment; (ii) storage of materials used in the production or maintenance of crops or livestock on the Farm; or (iii) storage of the products derived from the Farm’s production of crops or livestock.",http://www.region.waterloo.on.ca/
Wawa,Single Tier,Algoma,No,,—,,,,No DC Bylaw,,http://www.wawa.cc/
Welland,Lower Tier,Niagara,Yes,BY-LAW NUMBER 2024-110,https://www.welland.ca/en/doing-business/resources/Documents/BY-LAW-NUMBER-2024-110-Development-Charges.pdf,2024-06-18,,,Yes,"22. This By-law shall not apply to: m) Agricultural development where ""Agricultural Use"" means use or intended use for bona fide farming purposes: i. including but not limited to: 1. cultivation of crops, whether on open land or in greenhouses, including, but not limited, to fruit, vegetables, herbs, grains, field crops, sod, trees, shrubs, flowers and ornamental plants. 2. raising of animals, including, but not limited, to cattle, horses, pigs, poultry, livestock, fish, and 3. animal husbandry, dairying, equestrian activities, horticulture, fallowing, pasturing and market gardening ii. but excluding: 1. winery activities, retail sales activities, including, but not limited, to restaurants, banquet facilities, hospitality facilities and gift shops.",http://www.welland.ca/
Wellesley,Lower Tier,Waterloo,Yes,BY-LAW NO. 35/2024,https://www.wellesley.ca/en/doing-business/resources/Documents/BY-LAW-NO.-35-2024-Development-Charges.pdf,2024-06-25,,,Yes,"3. APPLICATION OF DEVELOPMENT CHARGES 3.6 Subsection shall not apply to: d) an agricultural use; where ""agricultural use"" means the use of land and buildings for apiaries, fish farming, animal husbandry or the cultivation of trees, shrubs, flowers, grains, sod, fruits, vegetables and other crops or ornamental plants;",https://www.wellesley.ca/en/Index.aspx
Wellington,Upper Tier,Wellington,No,By-law 5828-24,https://www.wellington.ca/en/doing-business/resources/Documents/By-law-5828-24-Development-Charges.pdf,2024-06-27,,,Yes,,http://www.wellington.ca/
Wellington North,Lower Tier,Wellington,Yes,BY-LAW 055-2024,https://www.wellington-north.com/en/doing-business/resources/Documents/BY-LAW-055-2024-Development-Charges.pdf,2024-07-08,,,Yes,"No twithstanding the provision of this by-law, development charges shall not be imposed with respect to: a) Bona fide farm uses used for farming purposes and includes ancillary agricultural uses such as non-residential accessory buildings or structures, storage buildings or structures and driving sheds, but does not include buildings or structures used for residential purposes;",http://www.wellington-north.com/
West Elgin,Lower Tier,Elgin,No,BY-LAW 2024-35,https://www.westelgin.net/en/doing-business/resources/Documents/BY-LAW-2024-35-Development-Charges.pdf,2024-06-13,,,Yes,,http://www.westelgin.net/
West Grey,Lower Tier,Grey,Yes,By-Law 52-2021,https://www.westgrey.com/en/doing-business/resources/Documents/By-Law-52-2021-Development-Charges.pdf,2021-06-15,,Expires Apr 28 2025. Replacement status uncertain. New fees/charges bylaw Sep 1 2025 is separate.,Yes,"Non-residential buildings accessory to agricultural operations exempt. Residential units accessory to ag uses also not charged. Ag use = apiaries, fish farming, animal husbandry, crop cultivation.",http://www.westgrey.com/
West Lincoln,Lower Tier,Niagara,Yes,By-law 2024-55,https://www.westlincoln.ca/en/doing-business/resources/Documents/By-law-2024-55-Development-Charges.pdf,2024-06-24,,10-year term. Effective Jan 1 2025.,Yes,"Non-residential farm buildings used for bona fide farming activities are exempt (barns, silos, implement/agricultural storage buildings, cultivation structures including greenhouses). Farm helphouses also exempt. Must have valid Farm Business Registration Number from OMAFRA. ""Agricultural use"" = bona fide farming purposes.",http://www.westlincoln.ca/
West Nipissing,Single Tier,Nipissing,No,,—,,,,No DC Bylaw,,http://www.westnipissing.ca/
West Perth,Lower Tier,Perth,Yes,By-law 63-2019 (amended by 38-2024),https://www.westperth.com/media/exfpwliw/38-2024-amending-63-2019-dc-extension-by-law.pdf,2019-06-17,,,Yes,"no development charge for ""bona fide farm uses""",http://www.westperth.com/
Westport,Lower Tier,Leeds and Grenville,No,,,,,,No DC Bylaw,,http://www.village.westport.on.ca/
Whitby,Lower Tier,Durham,Yes,By-law Number 7748-21,https://www.whitby.ca/media-manager/media-pages/by-laws/development-charges-by-law/,2021-05-17,,,Yes,"Exemptions 12. (1) Notwithstanding the provisions of this by-law, development charges shall not be imposed under this by-law respecting: (a) the development of a non-residential farm building used for a bona fide farm use; where “bona fide farm use” means the proposed development will qualify as a farm business operating with a valid Farm Business Registration Number issued by the Ontario Ministry of Agriculture, Food and Rural Affairs and be assessed in the Farmland Realty Tax Class by the Municipal Property Assessment Corporation, but “bona fide farm use” shall not include the growing of cannabis, cannabis production facilities, or any other cannabis operations;",http://www.whitby.ca/en/
Whitchurch-Stouffville,Lower Tier,York,Yes,By-law 2023-152-FI,https://townofws.ca/media/1g4db1qc/stouffville-development-charges-guide-november-21-2024.pdf,2023-12-05,,,Yes,"3.9 Other Exemptions (a) The development of non-residential farm buildings constructed for an agricultural use. ""agricultural use"" means use or intended use for bona fide farming purposes: (a) including (but not limited to): (i) cultivation of crops, whether on open land or in greenhouses, including (but not limited to) fruit, vegetables, herbs, grains, field crops, sod, trees, shrubs, flowers, and ornamental plants; (ii) raising of animals, including (but not limited to) cattle, horses, pigs, poultry, livestock, fish; (iii) agricultural animal husbandry, dairying, equestrian activities, horticulture, fallowing, pasturing, and market gardening; and (iv) services related to the boarding or breeding of household pets. (b) but excluding: (i) retail sales activities; including but not limited to restaurants, banquet facilities, hospitality facilities and gift shops; (ii) services related to grooming of household pets",http://www.townofws.com/
White River,Single Tier,Algoma,No,,—,,,,No DC Bylaw,,http://www.whiteriver.ca/
Whitestone,Single Tier,Parry Sound,No,,,,,,No DC Bylaw,,http://www.whitestone.ca/
Whitewater Region,Lower Tier,Renfrew,Yes,By-law Number 21-05-1382,https://www.whitewaterregion.ca/services/planning/development-charges/,2021-05-05,,,Yes,"3.10 Other Exemptions: Notwithstanding the provision of this by-law, development charges shall not be imposed with respect to: (b) bona fide farm uses and buildings, as defined by this By-law, are wholly exempted from the development charges imposed pursuant to this by-law. where “Bona fide farm uses” means the proposed development that will qualify as a farm business operating with a valid Farm Business Registration Number issued by the Ontario Ministry of Agriculture, Food and Rural Affairs and be assessed in the Farmland Realty Tax Class by the Municipal Ontario Property Assessment Corporation;",http://www.whitewaterregion.ca/
Wilmot,Lower Tier,Waterloo,Yes,By-law 2019-42,https://www.wilmot.ca/media/njwdxq12/wilmot-dc-by-law-consolidated-version.pdf,2019-08-26,,By-law 2024-35 removed expiry date. In force indefinitely until replaced.,Yes,Non-residential farm buildings for bona fide farm uses exempt from development charges.,http://www.wilmot.ca/
Windsor,Single Tier,Essex,Yes,By-law 1-2021,https://www.citywindsor.ca/business/planning/development-charges,2021-01-18,2031-01-18,10-year term. Single tier municipality.,No,No explicit farm exemption found. Windsor is primarily urban with limited agricultural land.,http://www.citywindsor.ca/
Wollaston,Lower Tier,Hastings,No,,—,,,,No DC Bylaw,,http://www.township.wollaston.on.ca/
Woodstock,Lower Tier,Oxford,Yes,BY-LAW NUMBER 9538-22,https://www.cityofwoodstock.ca/en/resourcesGeneral/PDFs/Engineering/ReportsStudies/Development-Charges-Study/9538-22-A-by-law-to-establish-development-charges.pdf,2022-06-16,,until repealed,Yes,"OTHER EXEMPTIONS FROM DEVELOPMENT CHARGES 6. (1) Notwithstanding any other provision of this By-law, development charges shall not be imposed with respect to (d) farm buildings as defined herein; where “Farm Building” means a Building or structure associated with and located on land devoted to the practice of farming and that is used essentially for the housing of farm equipment or livestock, or the production, storage or processing of agricultural and horticultural produce or feeds, and as part of or in connection with a bona fide farming operation and includes barns, silos and other buildings or structures ancillary to that farming operation. Excludes residential use.",https://www.cityofwoodstock.ca/en/index.aspx
Woolwich,Lower Tier,Waterloo,Yes,By-law No. 39-2024,https://www.woolwich.ca/media/crykrumt/39-2024-a-by-law-for-the-imposition-of-development-charges.pdf,2024-07-02,,,Yes,"3.11 Other Exemptions: Notwithstanding the provision of this by-law development charges shall not be imposed with respect to c) The development of non-residential farm buildings constructed for bona-fide farm uses except for any building constructed to accommodate an On-Farm Business which shall be considered to be an industrial building. where “bona fide farm uses"" means the proposed development will qua lify as a farm business operating with a valid Farm Business Registration Number issued by the Ontario Ministry of Agriculture, Food and Rural Affairs and be assessed in the Farmland Realty Tax Class by the Ontario Property Assessment Corporation ;",http://www.woolwich.ca/
York,Upper Tier,York,Yes,By-law No. 2022-31 (as amended),https://www.york.ca/business/economic-and-development-services/land-development/development-charges,2022-05-26,,,Yes,"Exemptions 3.5.1 Notwithstanding the provisions of this bylaw, but subject to subsection 3.5.2, development charges shall not be imposed or may be deferred, on terms and conditions, satisfactory to the Region, with respect to: (g) agricultural uses; where “agricultural use” means lands, buildings or structures, excluding any portion thereof used as a dwelling unit, used or designed or intended for use for the purpose of a bona fide farming operation including, but not limited to, animal husbandry, dairying, livestock, fallow, field crops, removal of sod, forestry, fruit farming, horticulture, market gardening, pasturage, poultry keeping, equestrian facilities and any other activities customarily carried on in the field of agriculture;",http://www.york.ca/
Zorra,Lower Tier,Oxford,Yes,By-law 2024-30,https://www.zorra.ca/media/o2veejcw/fact-sheet-development-charges-2025-02-26.pdf,2024-06-05,2024-06-13,Until repealed,Yes,"3.0. Applicable Lands 3.3. This by-law shall not apply to: (a) Farm Buildings as defined herein; where “Farm Building” means a Building or structure associated with and located on land devoted to the practice of farming and that is used essentially for the housing of farm equipment or livestock or the production, storage or processing of agricultural and horticultural produce or feeds and as part of or in connection with a bona fide farming operation and includes barns, silos and other buildings or structures ancillary to that farming operation, but excludes a Residential Use",http://www.zorra.on.ca/
dawn,Lower Tier,Lennox and Addington,No,,,,,,No DC Bylaw,,http://www.addingtonhighlands.ca/
