Municipality,Municipal Status,County / Region,Has DC Bylaw,Farm Building Exemption,Worker Housing DC Treatment,Worker Housing Mechanism,Operative Wording (Excerpt),DC Bylaw Name,DC Bylaw Link
Adelaide-Metcalfe,Lower Tier,Middlesex,Yes,Yes,Silent - Non-Residential Only,Standard 'non-residential farm building' exemption; worker housing contains residential occupancy and would not qualify,"SECTION 3.8 Other Exemptions: (a) Notwithstanding the provision of this by-law, development charges shall not be imposed with respect to : (ii) non-residential farm buildings; (iii) and a temporary building or structure.",By-Law 57-2022 Development Charges,https://www.adelaidemetcalfe.on.ca/sites/default/files/2022-11/2022-57%20Development%20Charges.pdf
Adjala-Tosorontio,Lower Tier,Simcoe,Yes,Yes,Silent - Non-Residential Only,Standard 'non-residential farm building' exemption; worker housing contains residential occupancy and would not qualify,3.10 (b) The development of non-residential farm buildings constructed for bona-fide farm uses except for any building constructed to accommodate an On-Farm business which shall be considered an industrial building.,By-law 2026-027,https://adjtos.ca/wp-content/uploads/2026/03/HEMSON_DC-Study-for-Adjala-Tosorontio_24March2026_Version-for-Public-Consultation.pdf
Admaston-Bromley,Lower Tier,Renfrew,No,No DC Bylaw,No DC Bylaw,Municipality does not levy Development Charges,,,—
Ajax,Lower Tier,Durham,Yes,Yes,Silent - Standard Agricultural,Standard agricultural/farm building exemption; likely does not cover worker housing but operative text is ambiguous,"This by-law shall not apply to land, or any part thereof, that is: used for the purposes of the development of a farm building used for bona fide agricultural operations",BY-LAW NUMBER 13 - 2025,https://www.ajax.ca/en/inside-townhall/resources/Finance/By-law-13-2025-2024-Development-Charges-Background-Study-and-By-law.pdf
Alberton,Single Tier,Rainy River,No,Not Known,No DC Bylaw,Municipality does not levy Development Charges,,,—
Alfred and Plantagenet,Lower Tier,Prescott and Russell,Yes,No,No Farm Exemption,Municipality has a DC bylaw but does not exempt farm buildings; worker housing would be subject to residential DCs,,BY-LAW 2023-46,https://www.alfred-plantagenet.com/en/media/file/2023-46-finances-establish-development-charges-1pdf
Algonquin Highlands,Lower Tier,Haliburton,No,No DC Bylaw,No DC Bylaw,Municipality does not levy Development Charges,,,—
Alnwick-Haldimand,Lower Tier,Northumberland,Yes,No,No Farm Exemption,Municipality has a DC bylaw but does not exempt farm buildings; worker housing would be subject to residential DCs,"Notwithstanding clause 2 a) above, this by-law does not apply to the development of land that is owned by and used for the purpose of: vi) land, buildings, or structures for agricultural use which do not receive municipal sanitary sewer or water supply services",By-law No. 47-2023,https://ahtwp.squarespace.com/s/BL-47-2023-Development-Charges.pdf
Amaranth,Lower Tier,Dufferin,Yes,Yes,Silent - Non-Residential Only,Standard 'non-residential farm building' exemption; worker housing contains residential occupancy and would not qualify,Non-residential farm buildings for bona fide farm uses exempt. Must have Farm Business Registration Number from OMAFRA and Farmland Realty Tax Class.,By-law 40-2024,https://www.amaranth.ca/media/hp0drppq/by-law-40-2024-development-charges.pdf
Amherstburg,Lower Tier,Essex,Yes,Yes,Silent - Non-Residential Only,Standard 'non-residential farm building' exemption; worker housing contains residential occupancy and would not qualify,"The development of non-residential farm buildings constructed for bonafide farm uses, excluding cannabis production facilities and commercial greenhouses",BY-LAW NO. 2024-085,https://www.amherstburg.ca/media/musgegdl/2024-085-development-charge-by-law-with-schedules-rm.pdf
Armour,Single Tier,Parry Sound,No,No DC Bylaw,No DC Bylaw,Municipality does not levy Development Charges,,,—
Armstrong,Single Tier,Timiskaming,No,No DC Bylaw,No DC Bylaw,Municipality does not levy Development Charges,,,—
Arnprior,Lower Tier,Renfrew,Yes,No,No Farm Exemption,Municipality has a DC bylaw but does not exempt farm buildings; worker housing would be subject to residential DCs,,By-law No. 7369-23,https://www.arnprior.ca/media/pkslfix0/by-law-7369-23-adopt-development-charges-by-law.pdf
Arran-Elderslie,Lower Tier,Bruce,No,No DC Bylaw,No DC Bylaw,Municipality does not levy Development Charges,,,—
Ashfield-Colborne-Wawanosh,Lower Tier,Huron,Yes,Yes,Silent - Non-Residential Only,Standard 'non-residential farm building' exemption; worker housing contains residential occupancy and would not qualify,"Other Exceptions The development of non-residential farm buildings constructed for bona fide farm uses, being that which operates with a valid Farm Business Registration Number and is assessed in the Farmland Realty Tax Class.",BY-LAW NUMBER 68-2022,https://acwtownship.ca/government/by-laws/building-and-property/68-2022-development-charges
Asphodel-Norwood,Lower Tier,Peterborough,Yes,Yes,Silent - Non-Residential Only,Standard 'non-residential farm building' exemption; worker housing contains residential occupancy and would not qualify,Other Exemptions (c) Non-residential farm buildings;,BY-LAW NUMBER 2023-64,https://www.antownship.ca/township-services/planning-department/
Assiginack,Single Tier,Manitoulin,No,No DC Bylaw,No DC Bylaw,Municipality does not levy Development Charges,,,—
Athens,Lower Tier,Leeds and Grenville,No,No DC Bylaw,No DC Bylaw,Municipality does not levy Development Charges,,,—
Atikokan,Single Tier,Rainy River,No,No DC Bylaw,No DC Bylaw,Municipality does not levy Development Charges,,,—
Augusta,Lower Tier,Leeds and Grenville,No,No DC Bylaw,No DC Bylaw,Municipality does not levy Development Charges,,,—
Aurora,Lower Tier,York,Yes,Yes,Silent - Dwelling Excluded,Agricultural use exemption explicitly excludes portions used as dwelling units; worker housing would not qualify,"Exemptions: (g) agricultural uses where: ""agricultural use"" means land, buildings or structures, excluding any portion thereof used as a dwelling unit, used or designed or intended for use for the purpose of a bona fide farming operation, including, but not limited to animal husbandry, dairying, livestock, fallow, field crops, removal of sod, forestry, fruit farming, horticulture, market gardening, pasturage, poultry keeping, equestrian facilities and any other activities customarily carried on ",By-law Number 6592-24,https://www.aurora.ca/media/yqzh2xle/6592-24-development-charges-by-law.pdf
Aylmer,Lower Tier,Elgin,Yes,No,No Farm Exemption,Municipality has a DC bylaw but does not exempt farm buildings; worker housing would be subject to residential DCs,,By-Law 78-21,https://aylmer.ca/wp-content/uploads/2021/12/By-Law-78-21-Being-a-By-Law-to-Establish-Development-Charges.pdf
Baldwin,Single Tier,Sudbury,No,No DC Bylaw,No DC Bylaw,Municipality does not levy Development Charges,,,—
Bancroft,Lower Tier,Hastings,No,No DC Bylaw,No DC Bylaw,Municipality does not levy Development Charges,,,—
Barrie,Single Tier,Simcoe,Yes,No,No Farm Exemption,Municipality has a DC bylaw but does not exempt farm buildings; worker housing would be subject to residential DCs,,By-law 2023-074,https://www.barrie.ca/government/policies-laws/laws-listing/development-charges-law
Bayham,Lower Tier,Elgin,Yes,Yes,Silent - Non-Residential Only,Standard 'non-residential farm building' exemption; worker housing contains residential occupancy and would not qualify,"""Notwithstanding any other provision of this by-law, development charges shall not be imposed with respect to: (i) Non-residential uses""",By-law No. 2025-051,https://www.bayham.on.ca/media/tppogucc/051-bayham-dc-by-law.pdf
Beckwith,Lower Tier,Lanark,Yes,Yes,Silent - Standard Agricultural,Standard agricultural/farm building exemption; likely does not cover worker housing but operative text is ambiguous,"Notwithstanding the provision of this by-law, development charges shall not be imposed with respect to: a) Place of Worship; and b) Agricultural use for bona fide farming purposes.",BY-LAW NUMBER 2024-31,https://beckwith.ca/services/building-by-law/
Belleville,Single Tier,Hastings,Yes,Yes,Silent - Non-Residential Only,Standard 'non-residential farm building' exemption; worker housing contains residential occupancy and would not qualify,4. (1) h) a non-residential farm building,By-Law Number 2021-201,https://www.belleville.ca/en/city-hall/resources/Documents/Finance-Documents/BL-2021-201.pdf
Billings,Single Tier,Manitoulin,No,No DC Bylaw,No DC Bylaw,Municipality does not levy Development Charges,,,—
Black River-Matheson,Single Tier,Cochrane,No,No DC Bylaw,No DC Bylaw,Municipality does not levy Development Charges,,,—
Blandford-Blenheim,Lower Tier,Oxford,Yes,Yes,Silent - Non-Residential Only,Standard 'non-residential farm building' exemption; worker housing contains residential occupancy and would not qualify,See SECTION 3 - APPLICABLE LANDS (3) a) (3) This by-law shall not apply to: (a) Farm Buildings as defined herein; (b) Non-Residential Buildings as defined herein;,By-law 2436-2024,https://www.blandfordblenheim.ca/media/xp3heli5/building-pamplet.pdf
Blind River,Single Tier,Algoma,No,No DC Bylaw,No DC Bylaw,Municipality does not levy Development Charges,,,—
Bluewater,Lower Tier,Huron,Yes,Yes,Silent - Non-Residential Only,Standard 'non-residential farm building' exemption; worker housing contains residential occupancy and would not qualify,"the development of non-residential farm buildings constructed for bona fide farm uses, being that which operates with a valid Farm Business Registration Number and is assessed in the Farmland Realty Tax Class.",By-law 86-2022,https://www.municipalityofbluewater.ca/media/zuchw2wd/20220811-cs-bl-86-2022-development-charges-by-law.pdf
Bonfield,Single Tier,Nipissing,No,No DC Bylaw,No DC Bylaw,Municipality does not levy Development Charges,,,—
Bonnechere Valley,Lower Tier,Renfrew,No,No DC Bylaw,No DC Bylaw,Municipality does not levy Development Charges,,,—
Bracebridge,Lower Tier,Muskoka,Yes,Yes,Silent - Non-Residential Only,Standard 'non-residential farm building' exemption; worker housing contains residential occupancy and would not qualify,9.3. Non-residential farm buildings constructed for bona fide farm uses.,BY-LAW NO. 2024-034,https://www.bracebridge.ca/town-services/building-services/building-permits/development-charges/
Bradford West Gwillimbury,Lower Tier,Simcoe,Yes,Yes,Silent - Non-Residential Only,Standard 'non-residential farm building' exemption; worker housing contains residential occupancy and would not qualify,"EXEMPTIONS FOR CERTAIN BUILDINGS 18. 1) d) a non-residential farm building, save and except for the gross floor area within a greenhouse that is used for the purposes of carrying on retail sales",By-law No. 2025-86 & 2025-87,https://www.townofbwg.com/news/posts/notice-passing-of-municipal-wide-development-charges-by-law/
Brampton,Lower Tier,Peel,Yes,Yes,Silent - Standard Agricultural,Standard agricultural/farm building exemption; likely does not cover worker housing but operative text is ambiguous,"Agricultural uses, farm buildings, and other development that supports an agricultural use are exempt from development charges. This exemption does not extend to residential or commercial uses on these properties.",By-laws 110-2024 to 117-2024,https://www.brampton.ca/EN/City-Hall/Bylaws/Pages/Development-Charges-By-laws.aspx
Brant,Single Tier,Brant,Yes,Yes,Exempt - Bunkhouse as Separate Category,Farm bunkhouse explicitly listed as a separate exempt category,This by-law shall not apply to land that is owned by and used for the purposes of: (c) a non-residential farm building; (d) a farm bunk house.,BY-LAW NUMBER 109-24,https://www.brant.ca/planning-and-development/development-fees-and-charges/
Brantford,Single Tier,Brant,Yes,Yes,Silent - Standard Agricultural,Standard agricultural/farm building exemption; likely does not cover worker housing but operative text is ambiguous,261.5.3 Farm building This Chapter shall not apply to land that is owned by and used for the purposes of the development of a farm building as defined in this Chapter.,Bylaw No. 210-2021,https://www.brantford.ca/your-government/by-laws/by-law-library/development-charges-by-law-chapter-261/
Brethour,Single Tier,Timiskaming,No,No DC Bylaw,No DC Bylaw,Municipality does not levy Development Charges,,,—
Brighton,Lower Tier,Northumberland,Yes,No,No Farm Exemption,Municipality has a DC bylaw but does not exempt farm buildings; worker housing would be subject to residential DCs,,By-Law No. 015-2025,https://www.brighton.ca/living-in-brighton/by-law-enforcement/commonly-requested-by-laws/
Brock,Lower Tier,Durham,Yes,Yes,Silent - Residential Excluded,Farm/agricultural exemption excludes residential use; worker housing would not qualify,"22. Categories of Exemptions (g) development of Farm Buildings; where ""Farm Building"" means used as part of or in connection wit a bona fide farming operation, but excluding a Residential Use.",By-law Number 3274-2024,https://www.townshipofbrock.ca/media/455bwlvp/3274-2024-development-charges-bylaw-accessible.pdf
Brockton,Lower Tier,Bruce,Yes,Yes,Silent - Non-Residential Only,Standard 'non-residential farm building' exemption; worker housing contains residential occupancy and would not qualify,"Other Exemptions 3.10 Notwithstanding the provisions of this by-law, development charges shall not be imposed with respect to: 3.10.2 The development of non-residential farm buildings constructed for bona fide farm uses.",By-Law 2024-096,https://www.brockton.ca/en/do-business/development-charges.aspx
Brockville,Single Tier,Leeds and Grenville,Yes,No,No Farm Exemption,Municipality has a DC bylaw but does not exempt farm buildings; worker housing would be subject to residential DCs,,Bylaw Number: 083-2025,https://brockville.com/wp-content/uploads/2023/03/2025-Development-Charges-Bylaw-083-2025.pdf
Brooke-Alvinston,Lower Tier,Lambton,No,No DC Bylaw,No DC Bylaw,Municipality does not levy Development Charges,,,—
Bruce,Upper Tier,Bruce,Yes,Yes,Silent - Standard Agricultural,Standard agricultural/farm building exemption; likely does not cover worker housing but operative text is ambiguous,"3.8 Other Exemptions/Reductions 3.8.4 Agricultural use, where ""agricultural use"" means use or intended use for bona fide farming purpose and has a farm business registration number, but excluding a residental use.",By-Law No. 2023-048,https://www.brucecounty.on.ca/sites/default/files/By-law%202023-048%20-%20Development%20Charges%20By-law.pdf
Bruce Mines,Single Tier,Algoma,No,No DC Bylaw,No DC Bylaw,Municipality does not levy Development Charges,,,—
"Brudenell, Lyndoch and Raglan",Lower Tier,Renfrew,No,No DC Bylaw,No DC Bylaw,Municipality does not levy Development Charges,,,—
Burk's Falls,Single Tier,Parry Sound,No,No DC Bylaw,No DC Bylaw,Municipality does not levy Development Charges,,,—
Burlington,Lower Tier,Halton,Yes,Yes,Silent - Standard Agricultural,Standard agricultural/farm building exemption; likely does not cover worker housing but operative text is ambiguous,1. e. (g) agricultural uses.,By-law 41-2024,https://www.burlington.ca/en/by-laws-and-animal-services/resources/By-laws/By-law-Search/2024-By-laws/041-2024-By-law.pdf
Burpee and Mills,Single Tier,Manitoulin,No,No DC Bylaw,No DC Bylaw,Municipality does not levy Development Charges,,,—
Caledon,Lower Tier,Peel,Yes,Yes,Silent - Non-Residential Only,Standard 'non-residential farm building' exemption; worker housing contains residential occupancy and would not qualify,"Non-residential agricultural buildings or structures are exempt. Also exempts: secondary portable dwellings on agricultural properties, on-farm wedding venues, country inns, buildings for agricultural tourism, farm-based home industries, farm cideries/wineries, garden suites, and on-farm diversified use buildings or structures. Must have valid Farm Business Registration Number and be assessed in Farmland Realty Tax Class.",By-laws 2024-042 and 2024-043,https://www.caledon.ca/en/town-services/development-charges.aspx
Callander,Single Tier,Parry Sound,Yes,Not Known,Unknown,Exemption status not yet verified,Farm exemption status not confirmed from available sources. Review of full By-law 2020-1641 text required.,By-law 2020-1641,https://www.mycallander.ca/en/doing-business/development-charges.aspx
Calvin,Single Tier,Nipissing,No,No DC Bylaw,No DC Bylaw,Municipality does not levy Development Charges,,,—
Cambridge,Lower Tier,Waterloo,Yes,Yes,Silent - Non-Residential Only,Standard 'non-residential farm building' exemption; worker housing contains residential occupancy and would not qualify,Non-residential farm buildings are exempt from development charges. Farm related structures are also exempt.,By-laws 24-038 to 24-042 (as amended),https://www.cambridge.ca/en/build-invest-grow/development-charges.aspx
Carleton Place,Lower Tier,Lanark,Yes,No,No Farm Exemption,Municipality has a DC bylaw but does not exempt farm buildings; worker housing would be subject to residential DCs,,By-law No. 09-2025,https://carletonplace.ca/wp-content/uploads/2025/04/Development-Charges-Bylaw-Pamphlet-Final.pdf
Carling,Single Tier,Parry Sound,No,No DC Bylaw,No DC Bylaw,Municipality does not levy Development Charges,,,—
Carlow-Mayo,Lower Tier,Hastings,No,No DC Bylaw,No DC Bylaw,Municipality does not levy Development Charges,,,—
Casey,Single Tier,Timiskaming,No,No DC Bylaw,No DC Bylaw,Municipality does not levy Development Charges,,,—
Casselman,Lower Tier,Prescott and Russell,Yes,Yes,Silent - Non-Residential Only,Standard 'non-residential farm building' exemption; worker housing contains residential occupancy and would not qualify,3. Applicable Lands (g) Other Exemptions; i. The development of a non-residential farm building used for Bona Fide Farm Uses,By-laws 2023-032 & 2023-033 (amended by 2024-37),https://www.casselman.ca/en/citizen-services/construction-and-planning/development-charges
Cavan Monaghan,Lower Tier,Peterborough,Yes,Yes,Silent - Non-Residential Only,Standard 'non-residential farm building' exemption; worker housing contains residential occupancy and would not qualify,3.10 Other Exemptions c) the development of non-residential farm buildings constructed for bona fide farm uses.,By-law Number 2022-43,https://www.cavanmonaghan.net/media/zhbeeemg/by-law-no-2022-43-development-charges.pdf
Central Elgin,Lower Tier,Elgin,Yes,Yes,Silent - Non-Residential Only,Standard 'non-residential farm building' exemption; worker housing contains residential occupancy and would not qualify,Section 3 Subsection (2) d) (2) This by-law shall not apply to land that is owned by and used for the purposes of : c) non-residential farm buildings constructed for bona fide farm uses,BY-LAW 2556 Development Charges By-law,https://www.centralelgin.org/en/building-and-development/Development-Charges/Development-Brochure-May-2023.pdf
Central Frontenac,Lower Tier,Frontenac,No,No DC Bylaw,No DC Bylaw,Municipality does not levy Development Charges,,,—
Central Huron,Lower Tier,Huron,No,No DC Bylaw,No DC Bylaw,Municipality does not levy Development Charges,,,—
Central Manitoulin,Single Tier,Manitoulin,No,No DC Bylaw,No DC Bylaw,Municipality does not levy Development Charges,,,—
Centre Hastings,Lower Tier,Hastings,Yes,Yes,Silent - Standard Agricultural,Standard agricultural/farm building exemption; likely does not cover worker housing but operative text is ambiguous,Farm buildings exempt from development charges per standard Ontario practice.,By-law 2020-67,https://www.centrehastings.com/en/build-invest-grow/development-charges.aspx
Centre Wellington,Lower Tier,Wellington,Yes,Yes,Silent - Non-Residential Only,Standard 'non-residential farm building' exemption; worker housing contains residential occupancy and would not qualify,"b) Non-residential farm buildings constructed for bona fide farm uses; d) Silos for used for industrial, commercial and/or institutional uses; and",By-law 2026-15 (Replaces 2021-11),https://www.centrewellington.ca/township-services/development-charges/
Chamberlain,Single Tier,Timiskaming,No,No DC Bylaw,No DC Bylaw,Municipality does not levy Development Charges,,,—
Champlain,Lower Tier,Prescott and Russell,No,No DC Bylaw,No DC Bylaw,Municipality does not levy Development Charges,,,—
Chapleau,Single Tier,Sudbury,No,No DC Bylaw,No DC Bylaw,Municipality does not levy Development Charges,,,—
Chapple,Single Tier,Rainy River,No,No DC Bylaw,No DC Bylaw,Municipality does not levy Development Charges,,,—
Charlton-Dack,Single Tier,Timiskaming,No,No DC Bylaw,No DC Bylaw,Municipality does not levy Development Charges,,,—
Chatham-Kent,Single Tier,Chatham-Kent,Yes,Yes,Explicitly Excluded,Bunkhouses/worker housing explicitly excluded from farm building DC exemption,"3.8 Other Exemptions: (a) (x) Farm buildings, excluding on-farm bunk houses and greenhouses, where “farm building” means that part of a bona fide farming operation encompassing barns, silos and other ancillary development to an agricultural use, but excluding a residential use.",By-Law Number 149-2022,https://www.chatham-kent.ca/business/developmentcharges/Pages/Municipal-Building-Development-Charges.aspx
Chatsworth,Lower Tier,Grey,No,No DC Bylaw,No DC Bylaw,Municipality does not levy Development Charges,,,—
Chisholm,Single Tier,Nipissing,No,No DC Bylaw,No DC Bylaw,Municipality does not levy Development Charges,,,—
Clarence-Rockland,Lower Tier,Prescott and Russell,No,No DC Bylaw,No DC Bylaw,Municipality does not levy Development Charges,,,—
Clarington,Lower Tier,Durham,Yes,Yes,Silent - Non-Residential Only,Standard 'non-residential farm building' exemption; worker housing contains residential occupancy and would not qualify,Non-residential farm buildings for bona fide farm uses exempt from development charges.,By-law 2025-070,https://www.clarington.net/planning-and-development/land-development-and-building/development-charges/
Clearview,Lower Tier,Simcoe,Yes,Yes,Exempt - Farm Help Housing,Farm help house/quarters/accommodation explicitly included in exemption,"Non-residential buildings that are accessory to an agricultural operation are exempt from development charges, provided no rezoning is required. ""Agricultural use"" means bona fide use of land and buildings for farming activities including apiaries, fish farming, dairy farming, fur farming, livestock raising, and cultivation of crops. Must have valid Farm Business Registration Number and be assessed in Farmland Realty Tax Class. Farm help accommodation also defined and supported.",By-law 24-43,https://www.clearview.ca/building-planning/development-charges
Cobalt,Single Tier,Timiskaming,No,No,No DC Bylaw,Municipality does not levy Development Charges,,,—
Cobourg,Lower Tier,Northumberland,Yes,No,No Farm Exemption,Municipality has a DC bylaw but does not exempt farm buildings; worker housing would be subject to residential DCs,,By-Law 001-2022 (amended by 058-2025),https://www.cobourg.ca/media/vnko1sxc/developmentchargesbylawbrochure.pdf
Cochrane,Single Tier,Cochrane,No,No DC Bylaw,No DC Bylaw,Municipality does not levy Development Charges,,,—
Cockburn Island,Single Tier,Manitoulin,No,No DC Bylaw,No DC Bylaw,Municipality does not levy Development Charges,,,—
Coleman,Single Tier,Timiskaming,No,No DC Bylaw,No DC Bylaw,Municipality does not levy Development Charges,,,—
Collingwood,Lower Tier,Simcoe,Yes,Yes,Silent - Non-Residential Only,Standard 'non-residential farm building' exemption; worker housing contains residential occupancy and would not qualify,4. Applicable Lands (2) (e) a non-residential farm building.,By-law No. 2024-050 & 2024-036,https://www.collingwood.ca/media/file/collingwood-development-charges-pamphlet-january-2025
Conmee,Single Tier,Thunder Bay,No,No DC Bylaw,No DC Bylaw,Municipality does not levy Development Charges,,,—
Cornwall,Single Tier,"Stormont, Dundas and Glengarry",Yes,Yes,Silent - Non-Residential Only,Standard 'non-residential farm building' exemption; worker housing contains residential occupancy and would not qualify,"Non-residential farm buildings or structures are exempt from development charges. ""Agricultural use"" means a bona fide farming operation, including sod farms, the breeding and boarding of horses, and greenhouses.",By-law 2023-027 (amended by By-law 2024-107),https://www.cornwall.ca/en/build-invest/planning-and-development/development-charges/
Cramahe,Lower Tier,Northumberland,Yes,No,No Farm Exemption,Municipality has a DC bylaw but does not exempt farm buildings; worker housing would be subject to residential DCs,,By-law No. 2025-13,https://www.cramahe.ca/media/evoj0vcx/2025-13-development-charges-by-law.pdf
Dawn-Euphemia,Lower Tier,Lambton,No,No DC Bylaw,No DC Bylaw,Municipality does not levy Development Charges,,,—
Dawson,Single Tier,Rainy River,No,No DC Bylaw,No DC Bylaw,Municipality does not levy Development Charges,,,—
Deep River,Lower Tier,Renfrew,Yes,No,No Farm Exemption,Municipality has a DC bylaw but does not exempt farm buildings; worker housing would be subject to residential DCs,,BY-LAW NUMBER 40-2022,https://www.deepriver.ca/departments/building-department/development-charges-5834.html
Deseronto,Lower Tier,Hastings,No,No DC Bylaw,No DC Bylaw,Municipality does not levy Development Charges,,,—
Dorion,Single Tier,Thunder Bay,No,No DC Bylaw,No DC Bylaw,Municipality does not levy Development Charges,,,—
Douro-Dummer,Lower Tier,Peterborough,Yes,No,No Farm Exemption,Municipality has a DC bylaw but does not exempt farm buildings; worker housing would be subject to residential DCs,,By-Law Number 2024-44,https://www.dourodummer.ca/building-and-planning/planning-and-development/development-charges/
Drummond-North Elmsley,Lower Tier,Lanark,Yes,Yes,Silent - Unclassified,Farm building exemption exists but wording does not clearly address worker housing,"Notwithstanding Section 13 above, a Development Charge By-law shall not impose a Development Charge with respect to: (f) Bona Fide Farm Uses.",BY-LAW NO. 2024-036,https://www.dnetownship.ca/images/Development_Charges_Pamphlet_-2025_-_FINAL.pdf
Dryden,Single Tier,Kenora,No,No DC Bylaw,No DC Bylaw,Municipality does not levy Development Charges,,,—
Dubreuilville,Single Tier,Algoma,No,No DC Bylaw,No DC Bylaw,Municipality does not levy Development Charges,,,—
Dufferin,Upper Tier,Dufferin,Yes,Yes,Silent - Residential Excluded,Farm/agricultural exemption excludes residential use; worker housing would not qualify,"4. Applicable Lands (2) e) farm buildings as defined by, a building or structure used as part with a bona fide farming operation, but excluding a residential use.",By-law Number 2022-28,https://www.dufferincounty.ca/building-services/fees-by-laws/
Durham,Upper Tier,Durham,Yes,Yes,Silent - Standard Agricultural,Standard agricultural/farm building exemption; likely does not cover worker housing but operative text is ambiguous,2.23 Exemptions (a) agricultural uses and farm buildings.,By-law Number 42-2023,https://www.durham.ca/en/regional-government/resources/By-law-42-2023---Regional-Residential-and-Non-residential-Development-Charges.pdf
Dutton-Dunwich,Lower Tier,Elgin,No,Not Known,No DC Bylaw,Municipality does not levy Development Charges,,,—
Dysart et al,Lower Tier,Haliburton,No,No DC Bylaw,No DC Bylaw,Municipality does not levy Development Charges,,,—
Ear Falls,Single Tier,Kenora,No,No DC Bylaw,No DC Bylaw,Municipality does not levy Development Charges,,,—
East Ferris,Single Tier,Nipissing,No,No DC Bylaw,No DC Bylaw,Municipality does not levy Development Charges,,,—
East Garafraxa,Lower Tier,Dufferin,Yes,Yes,Silent - Non-Residential Only,Standard 'non-residential farm building' exemption; worker housing contains residential occupancy and would not qualify,"3.9 Other Exemptions (a) Notwithstanding the provision of this by-law, development charges shall not be imposed with respect to: (i) Non-residential farm buildings constructed for bona fide farm uses",BY.LAW NUMBER 39-2024,https://www.eastgarafraxa.ca/business-and-development/development-charges/
East Gwillimbury,Lower Tier,York,Yes,Yes,Silent - Residential Excluded,Farm/agricultural exemption excludes residential use; worker housing would not qualify,"3. Applicable Lands (4) (e) farm buildings, where “farm building” means that part of a bona fide farming operationencompassing to an agricultural use, but excluding a residential use.",By-law 2024-033 (amended by 2024-053),https://www.eastgwillimbury.ca/en/government/resources/Documents/DevelopmentCharges/2024-DC/2024-053-DC-Amendments-2024.pdf
East Hawkesbury,Lower Tier,Prescott and Russell,No,No DC Bylaw,No DC Bylaw,Municipality does not levy Development Charges,,,—
East Zorra-Tavistock,Lower Tier,Oxford,Yes,Yes,Silent - Standard Agricultural,Standard agricultural/farm building exemption; likely does not cover worker housing but operative text is ambiguous,3. Applicable Lands (3) This by-law shall not apply to: (a) Farm Buildings as defined herein,By-law #2024-21 & #2024-25,https://www.ezt.ca/business-and-development/building-and-renovation/development-charges/
Edwardsburgh-Cardinal,Lower Tier,Leeds and Grenville,No,No DC Bylaw,No DC Bylaw,Municipality does not levy Development Charges,,,—
Elgin,Upper Tier,Elgin,No,No DC Bylaw,No DC Bylaw,Municipality does not levy Development Charges,,,—
Elizabethtown-Kitley,Lower Tier,Leeds and Grenville,No,No DC Bylaw,No DC Bylaw,Municipality does not levy Development Charges,,,—
Elliot Lake,Single Tier,Algoma,No,No DC Bylaw,No DC Bylaw,Municipality does not levy Development Charges,,,—
Emo,Single Tier,Rainy River,No,No DC Bylaw,No DC Bylaw,Municipality does not levy Development Charges,,,—
Englehart,Single Tier,Timiskaming,No,No DC Bylaw,No DC Bylaw,Municipality does not levy Development Charges,,,—
Enniskillen,Lower Tier,Lambton,No,No DC Bylaw,No DC Bylaw,Municipality does not levy Development Charges,,,—
Erin,Lower Tier,Wellington,Yes,Yes,Silent - Non-Residential Only,Standard 'non-residential farm building' exemption; worker housing contains residential occupancy and would not qualify,"SEE SECTION 3.10 c) c) the development of non-residential farm buildings constructed for bona fide farm uses, which qualify as a farm business, being that which operates with a valid Farm Business Registration Number and is assessed in the Farmland Realty Tax Class;",By-Law # 24-35,https://pub-erin.escribemeetings.com/filestream.ashx?DocumentId=15312
Espanola,Single Tier,Sudbury,No,No DC Bylaw,No DC Bylaw,Municipality does not levy Development Charges,,,—
Essa,Lower Tier,Simcoe,Yes,Yes,Silent - Non-Residential Only,Standard 'non-residential farm building' exemption; worker housing contains residential occupancy and would not qualify,5. EXEMPTIONS AND DISCOUNTS (1) This By-law shall not apply to land that is owned by and used for the purposes of: (c) a non-residential farm building;,BY-LAW NO. 2023-32 (amended by 2024-51),https://www.essatownship.on.ca/development-construction/planning-development-services/development-charges/
"Essex, Co",Upper Tier,Essex,No,Yes,No DC Bylaw,Municipality does not levy Development Charges,Farm buildings that are part of a bona fide farm operation are exempt from county development charges. Note: county DC not active until Jan 1 2028.,County DC By-law 2026-02,https://www.countyofessex.ca/doing-business/planning-and-development/development-charges-initiative/
"Essex, T",Lower Tier,Essex,Yes,Yes,Silent - Non-Residential Only,Standard 'non-residential farm building' exemption; worker housing contains residential occupancy and would not qualify,Non-residential farm buildings for bona fide farm uses exempt. Must have Farm Business Registration Number and Farmland Realty Tax Class. Greenhouse retail GFA NOT exempt.,By-law Number 2384,https://www.essex.ca/media/x0ldr1v5/by-law-2384-development-charges-2024.pdf
Evanturel,Single Tier,Timiskaming,No,No DC Bylaw,No DC Bylaw,Municipality does not levy Development Charges,,,—
Faraday,Lower Tier,Hastings,No,No DC Bylaw,No DC Bylaw,Municipality does not levy Development Charges,,,—
Fauquier-Strickland,Single Tier,Cochrane,No,No DC Bylaw,No DC Bylaw,Municipality does not levy Development Charges,,,—
Fort Erie,Lower Tier,Niagara,Yes,Yes,Silent - Standard Agricultural,Standard agricultural/farm building exemption; likely does not cover worker housing but operative text is ambiguous,"Discretionary Exemptions 3.10 Notwithstanding the provisions of this By-law, development charges shall not be imposed with respect to: (c) agricultural uses;","By-laws 20-2024, 21-2024, and 22-2024",https://www.forterie.ca/build-and-invest/planning-and-development/development-charges/
Fort Frances,Single Tier,Rainy River,No,No DC Bylaw,No DC Bylaw,Municipality does not levy Development Charges,,,—
French River,Single Tier,Sudbury,No,No DC Bylaw,No DC Bylaw,Municipality does not levy Development Charges,,,—
Front of Yonge,Lower Tier,Leeds and Grenville,No,No DC Bylaw,No DC Bylaw,Municipality does not levy Development Charges,,,—
Frontenac,Upper Tier,Frontenac,No,No DC Bylaw,No DC Bylaw,Municipality does not levy Development Charges,,,—
Frontenac Islands,Lower Tier,Frontenac,Yes,Yes,Silent - Non-Residential Only,Standard 'non-residential farm building' exemption; worker housing contains residential occupancy and would not qualify,4. Applicable Lands (2) f) a non-residential farm building;,By-Law Number 2021-20,https://www.frontenacislands.ca/township-services/by-laws/
Gananoque,Single Tier,Leeds and Grenville,Yes,No,No Farm Exemption,Municipality has a DC bylaw but does not exempt farm buildings; worker housing would be subject to residential DCs,,BY-LAW NO. 2021-070,https://www.gananoque.ca/town-hall/planning-and-development/development-charges
Gauthier,Single Tier,Timiskaming,No,No DC Bylaw,No DC Bylaw,Municipality does not levy Development Charges,,,—
Georgian Bay,Lower Tier,Muskoka,Yes,Yes,Silent - Non-Residential Only,Standard 'non-residential farm building' exemption; worker housing contains residential occupancy and would not qualify,Exemptions a) a non-residential farm building or structure;,BY-LAW 2024-054,https://www.gbtownship.ca/sustainable-development/development-charges-and-fees/
Georgian Bluffs,Lower Tier,Grey,No,No DC Bylaw,No DC Bylaw,Municipality does not levy Development Charges,,,—
Georgina,Lower Tier,York,Yes,Yes,Silent - Non-Residential Only,Standard 'non-residential farm building' exemption; worker housing contains residential occupancy and would not qualify,3. Applicable Lands (3) a) the development of a non-residential farm building used for bona fide agricultural purposes;,BYLAW NUMBER 2025-0053,https://www.georgina.ca/sites/default/files/2026-01/bylaw-2025-0053-ad-5-to-impose-develoment-charges-in-the-town-of-georgina.pdf
Gillies,Single Tier,Thunder Bay,No,No DC Bylaw,No DC Bylaw,Municipality does not levy Development Charges,,,—
Goderich,Lower Tier,Huron,Yes,No,No Farm Exemption,Municipality has a DC bylaw but does not exempt farm buildings; worker housing would be subject to residential DCs,N/A,By-Law 123-2021,https://www.goderich.ca/media/vixnk0eg/by-law-123-2021-development-charges-accessible.pdf
Gordon-Barrie Island,Single Tier,Manitoulin,No,No DC Bylaw,No DC Bylaw,Municipality does not levy Development Charges,,,—
Gore Bay,Single Tier,Manitoulin,No,No DC Bylaw,No DC Bylaw,Municipality does not levy Development Charges,,,—
Grand Valley,Lower Tier,Dufferin,Yes,Yes,Silent - Non-Residential Only,Standard 'non-residential farm building' exemption; worker housing contains residential occupancy and would not qualify,"Notwithstanding the provision of this by-law, development charges shall not be imposed with respect to: non-residential farm buildings",BY-LAW NO. 2024-33,https://www.townofgrandvalley.ca/media/wybplpsq/brochure-development-charges-august-2025.pdf
Gravenhurst,Lower Tier,Muskoka,Yes,Yes,Silent - Standard Agricultural,Standard agricultural/farm building exemption; likely does not cover worker housing but operative text is ambiguous,"Subject to Section 14 herein, the following types of development shall be exempt from payment of development charges: the development of a farm building",BY-LAW NO. 2024-110,https://www.gravenhurst.ca/business-building-development/building-and-planning/development-charges/
Greater Madawaska,Lower Tier,Renfrew,Yes,No,No Farm Exemption,Municipality has a DC bylaw but does not exempt farm buildings; worker housing would be subject to residential DCs,,BY-LAW 26-2022,https://www.greatermadawaska.com/business-and-development/planning-and-development/development-charges/
Greater Napanee,Lower Tier,Lennox and Addington,Yes,Yes,Silent - Non-Residential Only,Standard 'non-residential farm building' exemption; worker housing contains residential occupancy and would not qualify,A non-residential farm building constructed for bona fide farm uses,By-law 2022-0059 (as amended),https://www.greaternapanee.com/media/f0lnbgh1/2025-development-charges-summary-updated-jan-1-25.pdf
Greater Sudbury,Single Tier,Sudbury,Yes,No,No Farm Exemption,Municipality has a DC bylaw but does not exempt farm buildings; worker housing would be subject to residential DCs,"No explicit farm/agricultural exemption found in the DC bylaws. Exemptions focus on affordable housing, designated exempt areas (Downtown Sudbury, Val Caron, Walden, etc.), secondary dwelling units, garden suites, and brownfield redevelopment.",By-laws 2024-105 through 2024-110,https://www.greatersudbury.ca/live/building-and-renovating/development-charges/
Greenstone,Single Tier,Thunder Bay,No,No DC Bylaw,No DC Bylaw,Municipality does not levy Development Charges,,,—
Grey,Upper Tier,Grey,Yes,Yes,Exempt - Seasonal Labourer Accommodation,Buildings devoted to accommodation of temporary/seasonal agricultural labourers explicitly exempted,The following categories of uses are hereby designated as being exempt from the payment of development charges: (e) farm buildings; (f) buildings or structures used for and devoted solely to accommodation of temporary or seasonal agricultural labourers which may contain their own culinary facilities and sanitary facilities; and;,By-Law 5128-22,https://www.westgrey.com/media/ejsdc1l2/generalservicesdevelopmentchargesby-law5128-22.pdf
Grey Highlands,Lower Tier,Grey,Yes,Yes,Silent - Residential Excluded,Farm/agricultural exemption excludes residential use; worker housing would not qualify,"3. APPLICABLE LANDS (2) This by-law shall not apply to land that is owned by and used for the purposes of: (e) farm buildings, where ""Farm building"" means a building or structure actually used as part of or in connection with a bona fide farming operation and includes barns, silos, and other buildings or structures ancillary to a bona fide farming operation, but excluding a residential use.",By-law No. 2023-019,https://greyhighlands.civicweb.net/document/307767/
Grimsby,Lower Tier,Niagara,Yes,Yes,Silent - Non-Residential Only,Standard 'non-residential farm building' exemption; worker housing contains residential occupancy and would not qualify,"3. 5 Exemptions Notwithstanding the provisions of this by-law, development charges shall not be imposed with respect to: (b) Bona fide farm (non-residential) buildings including wholesale greenhouse facilities and structures, where “farm building” means that part of a bona fide farming operation encompassing barns, silos and other ancillary development to an agricultural use, but excluding a residential use and would include wholesale greenhouse facilities and structures;",BY-LAW NO. 21-14 (amended by 25-51),https://www.grimsby.ca/en/doing-business/development-charges.aspx
Guelph,Single Tier,Wellington,Yes,No,No Farm Exemption,Municipality has a DC bylaw but does not exempt farm buildings; worker housing would be subject to residential DCs,NO MENTION OF AGRICULTURE (CITY),"By-law Number (2024) – 20866, as amended by (2024) – 20997",https://guelph.ca/wp-content/uploads/Development-Charges-Bylaw.pdf
Guelph-Eramosa,Lower Tier,Wellington,Yes,Yes,Silent - Non-Residential Only,Standard 'non-residential farm building' exemption; worker housing contains residential occupancy and would not qualify,"Notwithstanding the provision of this By-law, development charges shall not be imposed with respect to: he development of non-residential farm buildings constructed for bona fide farming uses",By-Law Number 28/2023,https://www.get.on.ca/uploads/userfiles/files/28-2023%20-%20Water%20Services%20DC%20By-law(1).pdf
Haldimand,Single Tier,Haldimand,Yes,Yes,Silent - Residential Excluded,Farm/agricultural exemption excludes residential use; worker housing would not qualify,"Exemptions From Development Charges 9. Notwithstanding any other provision of this by-law, the following types of development are exempted from any development charges under this by-law: c) farm building constructed for bona fide farm uses, where “farm building” means that part of a bona fide farm operation encompassing barns, silos, and other ancillary development to an agricultural use that will be assessed in the Farmland Realty Tax Class by the Municipal Property Assessment Corporation, excl","By-law Number 2042/19, amended: By-law Number 2422/23",https://www.haldimandcounty.ca/wp-content/uploads/2020/03/Development-Charges-By-law-2042-19.pdf
Haliburton,Upper Tier,Haliburton,No,No DC Bylaw,No DC Bylaw,Municipality does not levy Development Charges,,,—
Halton,Upper Tier,Halton,Yes,Yes,Silent - Unclassified,Farm building exemption exists but wording does not clearly address worker housing,"28. Exemptions for Certain Buildings (1) THAT the following are exempt from the payment of development charges under this By-law: (viii) land and buildings that are used in connection with agricultural development, including up to 278.7 square metres (3,000 sq. ft.) for any industrial, retail or commercial component therein that is accessory to the bona fide farm operation provided that with regards to any industrial, retail or commercial component at least six months must have elapsed since the",BY-LAW NO. 25-22,https://www.halton.ca/the-region/finance-and-transparency/financing-growth/development-charges-front-ending-recovery-payment
Halton Hills,Lower Tier,Halton,Yes,Yes,Exempt - Farm Help Housing,Farm help house/quarters/accommodation explicitly included in exemption,"3. Applicable Lands (2) This By-law shall not apply to land that is owned by and used for the purposes of: (e) a Non-residential Building in connection with an Agricultural use including “farm help quarters” for farming operation workers and farm storage structures;, where “Agricultural,” is used to describe a use or Development means a use or Development that is a bona fide farming operation including, notwithstanding the generality of the foregoing, greenhouses which are not connected to Regio",BY-LAW NO. 2022-0042,https://pub-haltonhills.escribemeetings.com/filestream.ashx?DocumentId=17319
"Hamilton, C",Single Tier,Hamilton,Yes,Yes,Silent - Standard Agricultural,Standard agricultural/farm building exemption; likely does not cover worker housing but operative text is ambiguous,"Notwithstanding any other provision of this By-law, no Development Charges are imposed under this By-law respecting; (b) an Agricultural Use",BY-LAW NO. 24-072,https://www.hamilton.ca/build-invest-grow/planning-development/development-charges/development-charges
"Hamilton, Tp",Lower Tier,Northumberland,Yes,No,No Farm Exemption,Municipality has a DC bylaw but does not exempt farm buildings; worker housing would be subject to residential DCs,,By-Law Number 2022-04,https://www.hamiltontownship.ca/building-and-development/
Hanover,Lower Tier,Grey,No,No DC Bylaw,No DC Bylaw,Municipality does not levy Development Charges,,,—
Harley,Single Tier,Timiskaming,No,No DC Bylaw,No DC Bylaw,Municipality does not levy Development Charges,,,—
Harris,Single Tier,Timiskaming,No,No DC Bylaw,No DC Bylaw,Municipality does not levy Development Charges,,,—
Hastings,Upper Tier,Hastings,No,No DC Bylaw,No DC Bylaw,Municipality does not levy Development Charges,,,—
Hastings Highlands,Lower Tier,Hastings,No,No DC Bylaw,No DC Bylaw,Municipality does not levy Development Charges,,,—
Havelock-Belmont-Methuen,Lower Tier,Peterborough,No,Yes,No DC Bylaw,Municipality does not levy Development Charges,"3.8 Other Exemptions Notwithstanding the provision of this By-law, development charges shall not be imposed with respect to: a Farm Building.",By-law Number 2025-043,https://www.hbmtwp.ca/media/tp2peva0/15a-by-law-2025-043-being-a-bylaw-to-establish-development-charges.pdf
Hawkesbury,Lower Tier,Prescott and Russell,Yes,No,No Farm Exemption,Municipality has a DC bylaw but does not exempt farm buildings; worker housing would be subject to residential DCs,No explicit farm building exemption found in available bylaw excerpts. Ag use defined as bona fide farming but specific DC exemption for farm buildings not confirmed.,Development Charges By-law N° 16-2020,https://www.hawkesbury.ca/en/my-town/administration/policies-and-by-laws
"Head, Clara and Maria",Lower Tier,Renfrew,No,No DC Bylaw,No DC Bylaw,Municipality does not levy Development Charges,,,—
Hearst,Single Tier,Cochrane,No,No DC Bylaw,No DC Bylaw,Municipality does not levy Development Charges,,,—
Highlands East,Lower Tier,Haliburton,No,No DC Bylaw,No DC Bylaw,Municipality does not levy Development Charges,,,—
Hilliard,Single Tier,Timiskaming,No,No DC Bylaw,No DC Bylaw,Municipality does not levy Development Charges,,,—
Hilton,Single Tier,Algoma,No,No DC Bylaw,No DC Bylaw,Municipality does not levy Development Charges,,,—
Hilton Beach,Single Tier,Algoma,No,No DC Bylaw,No DC Bylaw,Municipality does not levy Development Charges,,,—
Hornepayne,Single Tier,Algoma,No,No DC Bylaw,No DC Bylaw,Municipality does not levy Development Charges,,,—
Horton,Lower Tier,Renfrew,No,No DC Bylaw,No DC Bylaw,Municipality does not levy Development Charges,,,—
Howick,Lower Tier,Huron,No,N/A,No DC Bylaw,Municipality does not levy Development Charges,"ACCORDING TO CLERK, NO DEVELOPMENT CHARGES IN MUNICIPALITY",,—
Hudson,Single Tier,Timiskaming,No,No DC Bylaw,No DC Bylaw,Municipality does not levy Development Charges,,,—
Huntsville,Lower Tier,Muskoka,Yes,No,No Farm Exemption,Municipality has a DC bylaw but does not exempt farm buildings; worker housing would be subject to residential DCs,,BY-LAW NUMBER 2024-130,https://www.huntsville.ca/home-property/development-charges/
Huron,Upper Tier,Huron,No,No DC Bylaw,No DC Bylaw,Municipality does not levy Development Charges,,,—
Huron East,Lower Tier,Huron,Yes,No,No Farm Exemption,Municipality has a DC bylaw but does not exempt farm buildings; worker housing would be subject to residential DCs,DC exemption details in attached schedules. Previous bylaw had farm exemption language; current status requires review of schedules.,Consolidated Fee By-law No. 002 for 2025,https://www.huroneast.com/en/municipal-services/bylaws-and-policies.aspx
Huron Shores,Single Tier,Algoma,No,No DC Bylaw,No DC Bylaw,Municipality does not levy Development Charges,,,—
Huron-Kinloss,Lower Tier,Bruce,Yes,Yes,Silent - Non-Residential Only,Standard 'non-residential farm building' exemption; worker housing contains residential occupancy and would not qualify,No development charge under section 3.2 is payable where the development; 2.3.9. is a bona fide non-residential farm building,BY-LAW No. 2024 - 103,https://www.huronkinloss.com/media/durdejsg/2024-103-development-charges-with-schedule.pdf
Ignace,Single Tier,Kenora,No,No DC Bylaw,No DC Bylaw,Municipality does not levy Development Charges,,,—
Ingersoll,Lower Tier,Oxford,Yes,Yes,Exempt - Bunkhouse Included,Farm building definition excludes residential use but makes an explicit exception for bunkhouses for seasonal farm workers,"3.APPLICABLE LANDS (3) This by-law shall not apply to: (a) farm buildins as defined as, a Building or structure associated with and located on land devoted to the practice of farming and that is used essentially for the housing of farm equipment or livestock or the production, storage or processing of agricultural and horticultural produce or feeds and as part of or in connection with a bona fide farming operation and includes barns, silos and other buildings or structures ancillary to that farm",By-Law 24-5323,https://www.ingersoll.ca/media/hzdja0c0/24-5323-establish-town-wide-development-charges-for-the-town.pdf
Innisfil,Lower Tier,Simcoe,Yes,Yes,Silent - Non-Residential Only,Standard 'non-residential farm building' exemption; worker housing contains residential occupancy and would not qualify,AGRICULTURAL USES 22. agricultural uses as well as farm buildings excluding any residential or non-residential uses shall be exempt,By-Law No. 096-23 (amended by 094-24),https://www.innisfil.ca/building-development/planning-development/development-charges
Iroquois Falls,Single Tier,Cochrane,No,No DC Bylaw,No DC Bylaw,Municipality does not levy Development Charges,,,—
James,Single Tier,Timiskaming,No,No DC Bylaw,No DC Bylaw,Municipality does not levy Development Charges,,,—
Jocelyn,Single Tier,Algoma,No,No DC Bylaw,No DC Bylaw,Municipality does not levy Development Charges,TEST TEST TEST,,—
Johnson,Single Tier,Algoma,No,No DC Bylaw,No DC Bylaw,Municipality does not levy Development Charges,,,—
Joly,Single Tier,Parry Sound,No,No DC Bylaw,No DC Bylaw,Municipality does not levy Development Charges,,,—
Kapuskasing,Single Tier,Cochrane,No,No DC Bylaw,No DC Bylaw,Municipality does not levy Development Charges,,,—
Kawartha Lakes,Single Tier,Kawartha Lakes,Yes,Yes,Silent - Non-Residential Only,Standard 'non-residential farm building' exemption; worker housing contains residential occupancy and would not qualify,"Agricultural lands/buildings/structures exempt. Ag = non-residential use exclusively for farming, apiaries, fish farming, animal husbandry, crop cultivation. Includes barns, implement sheds, seasonal roadside stands, silos. Excludes processing, year-round wholesale/retail.",By-Law 2025-139,https://www.kawarthalakes.ca/property-environment/building-septic-and-renovations/development-charges/
Kearney,Single Tier,Parry Sound,No,No DC Bylaw,No DC Bylaw,Municipality does not levy Development Charges,,,—
Kenora,Single Tier,Kenora,No,No DC Bylaw,No DC Bylaw,Municipality does not levy Development Charges,,,—
Kerns,Single Tier,Timiskaming,No,No DC Bylaw,No DC Bylaw,Municipality does not levy Development Charges,,,—
"Killaloe, Hagarty and Richards",Lower Tier,Renfrew,No,No DC Bylaw,No DC Bylaw,Municipality does not levy Development Charges,,,—
Killarney,Single Tier,Sudbury,No,No DC Bylaw,No DC Bylaw,Municipality does not levy Development Charges,,,—
Kincardine,Lower Tier,Bruce,Yes,Yes,Silent - Non-Residential Only,Standard 'non-residential farm building' exemption; worker housing contains residential occupancy and would not qualify,"5. APPLICABLE LANDS (2) This by-law shall not apply to land that is owned by and used for the purposes of: (f) non-residential farm buildings; where Farm building” means a building or structure actually used as part of or in connection with a bona fide farming operation and includes barns, silos and other buildings or structures ancillary to a bona fide farming operation, but excluding a residential use;",By-Law No. 2021-114 (amended by 26-069),https://www.kincardine.ca/big/development-planning-and-zoning/development-charges/
King,Lower Tier,York,Yes,Yes,Silent - Non-Residential Only,Standard 'non-residential farm building' exemption; worker housing contains residential occupancy and would not qualify,Agricultural uses and non-residential farm buildings exempt from development charges.,By-law 2021-002,https://www.king.ca/en/business-and-development/development-charges.aspx
Kingston,Single Tier,Frontenac,Yes,Yes,Silent - Dwelling Excluded,Agricultural use exemption explicitly excludes portions used as dwelling units; worker housing would not qualify,"Other Exemptions 6.8) Development Charges shall not apply to lands, buildings or structures used or to be used for the purposes of: c) an agricultural use; where “Agricultural Use” means lands, buildings or structures located within an agriculture zone as determined under the Zoning By-law applicable to the property, excluding any portion thereof used as a dwelling unit, used or designed or intended for use as a bona fide farming operation for the production of crops or the breeding, raising or ",By-Law Number 2025-142,https://www.cityofkingston.ca/by-laws-and-animal-services/commonly-requested-by-laws/bylaw-library/development-charges-bylaw/
Kingsville,Lower Tier,Essex,Yes,Yes,Silent - Residential Excluded,Farm/agricultural exemption excludes residential use; worker housing would not qualify,"3. APPLICATION OF BY-LAW RULES 3.12 Other Exemptions (b) Bona fide farm buildings, where “bona fide farm building” means that part of a bona fide farm operation encompassing barns, silos, and other ancillary development to an agricultural use, but excluding a residential use, greenhouses, and buildings ancillary to greenhouse operations.",BY-LAW 4-2023 (amended by 91-2024),https://www.kingsville.ca/media/kodbqja4/091-2024-amend-by-law-4-2023-development-charges_accessible.pdf
Kirkland Lake,Single Tier,Timiskaming,No,No DC Bylaw,No DC Bylaw,Municipality does not levy Development Charges,,,—
Kitchener,Lower Tier,Waterloo,Yes,Yes,Silent - Standard Agricultural,Standard agricultural/farm building exemption; likely does not cover worker housing but operative text is ambiguous,"SECTION 2 APPLICATION AND EXEMPTIONS Imposition of Development Charges 2.7 development chagres shall not apply to, (d) an agricultural use, where ""agricultural use"" means the use of land and buildings for apiaries, fish farming, animal husbandry or the cultivation of trees, shrubs, flowers, grains, sod, fruits, vegetables and other crops or ornamental plants (""agricultural products"") but shall not include any building or structure where agricultural products are displayed for sale in more than t",BY-LAW NUMBER 2022-071,https://www.kitchener.ca/media/4woh1bcb/dsd_build_dc_bylaw.pdf
La Vallee,Single Tier,Rainy River,No,No DC Bylaw,No DC Bylaw,Municipality does not levy Development Charges,,,—
LaSalle,Lower Tier,Essex,Yes,Yes,Silent - Non-Residential Only,Standard 'non-residential farm building' exemption; worker housing contains residential occupancy and would not qualify,Non-residential farm buildings for bona fide farm uses exempt from development charges.,By-law 8501,https://www.lasalle.ca/business-building-and-development/development-and-parkland-dedication-charges/
Laird,Single Tier,Algoma,No,No DC Bylaw,No DC Bylaw,Municipality does not levy Development Charges,,,—
Lake of Bays,Lower Tier,Muskoka,Yes,Yes,Silent - Non-Residential Only,Standard 'non-residential farm building' exemption; worker housing contains residential occupancy and would not qualify,Non-residential farm buildings/structures exempt at District level (Muskoka By-law 2024-34). Township-level exemption details require review of By-law 2019-049 text.,By-law 2019-049,https://www.lakeofbays.on.ca/municipal-services/by-laws-and-penalties/
Lake of the Woods,Single Tier,Rainy River,No,No DC Bylaw,No DC Bylaw,Municipality does not levy Development Charges,,,—
Lakeshore,Lower Tier,Essex,Yes,Yes,Silent - Non-Residential Only,Standard 'non-residential farm building' exemption; worker housing contains residential occupancy and would not qualify,"Non-residential farm buildings for bona fide farm uses exempt. Must have Farm Business Registration Number and Farmland Realty Tax Class. Ag use = cultivation of land, production of crops, breeding/care of livestock.",By-law 89-2020 (amended by 56-2022),https://www.lakeshore.ca/business-and-development/development-charges/
Lambton,Upper Tier,Lambton,No,No DC Bylaw,No DC Bylaw,Municipality does not levy Development Charges,,,—
Lambton Shores,Lower Tier,Lambton,Yes,Yes,Silent - Non-Residential Only,Standard 'non-residential farm building' exemption; worker housing contains residential occupancy and would not qualify,"3.10 Other Exemptions: Notwithstanding the provision of this by-law, development charges shall not be imposed with respect to: c) The development of non-residential farm buildings constructed for bona fide farm uses, which qualify as a farm business, being that operates with a valid Farm Business Registration Number and is assessed in the Farmland Realty Tax Class;",By-Law Number 04 of 2023,https://www.lambtonshores.ca/invest-and-build/development-and-planning/development-charges/
Lanark,Upper Tier,Lanark,Yes,Yes,Silent - Non-Residential Only,Standard 'non-residential farm building' exemption; worker housing contains residential occupancy and would not qualify,"3. APPLICABLE LANDS (2) This by-law shall not apply to: (b) the development of a non-residential farm building used for bona fide agricultural use; where ""agricultural use"" means lands, buildings or structures, excluding any portion thereof used as a dwelling unit or for a commercial use, used or designed or intended for use for the purpose of a bona fide farming operation including, but not limited to, animal husbandry, dairying, livestock, fallow, field crops, removal of sod, forestry, fruit f",BY-LAW NUMBER 2021-42,https://www.lanarkcounty.ca/wp-content/uploads/2025/06/By-Law-2021-42.pdf
Lanark Highlands,Lower Tier,Lanark,Yes,Yes,Silent - Non-Residential Only,Standard 'non-residential farm building' exemption; worker housing contains residential occupancy and would not qualify,"3. APPLICABLE LANDS (2) This by-law shall not apply to: (b) the development of a non-residential farm building used for bona fide agricultural use; where “agricultural use” means lands, buildings or structures, excluding any portion thereof used as a dwelling unit or for a commercial use, used or designed or intended for use for the purpose of a bona fide farming operation including, but not limited to, animal husbandry, dairying, livestock, fallow, field crops, removal of sod, forestry, fruit f",BY-LAW NUMBER 2021-42,https://www.lanarkhighlands.ca/images/By-Law_2021-42_Development_Charges_Effective_Jan_1_2022.pdf
Larder Lake,Single Tier,Timiskaming,No,No DC Bylaw,No DC Bylaw,Municipality does not levy Development Charges,,,—
Latchford,Single Tier,Timiskaming,No,No DC Bylaw,No DC Bylaw,Municipality does not levy Development Charges,,,—
Laurentian Hills,Lower Tier,Renfrew,Yes,No,No Farm Exemption,Municipality has a DC bylaw but does not exempt farm buildings; worker housing would be subject to residential DCs,,By-Law No. 11-12,https://www.laurentianhills.ca/userfiles/file/BY%20LAW%2011-12%282%29.PDF
Laurentian Valley,Lower Tier,Renfrew,Yes,Yes,Silent - Unclassified,Farm building exemption exists but wording does not clearly address worker housing,Standard farm exemption expected per Ontario practice. Specific exemption wording requires review of full bylaw text.,By-law 2020-09-039,https://www.lvtownship.ca/en/lv-government-services/resources/Documents/2020-09-039-Development-Charge-By-law-2020-with-Schedules.pdf
Leamington,Lower Tier,Essex,Yes,Yes,Explicitly Excluded,Bunkhouses/worker housing explicitly excluded from farm building DC exemption,"3.8 Other Exemptions/Reductions Notwithstanding the provisions of this by-law, development charges shall not be imposed with respect to: Agricultural buildings excluding bunk houses and greenhouse uses, where ""Agricultural Use"" means use or intended use for bona fide farming purpose, excluding retail sales activities, services related to grooming, boarding, or breeding household pets, and marijuana processing or production facilities.",By-Law 49-22,https://www.leamington.ca/media/3t4dvrqo/dev-charges-pamphlet-2026.pdf
Leeds and Grenville,Upper Tier,Leeds and Grenville,No,No DC Bylaw,No DC Bylaw,Municipality does not levy Development Charges,,,—
Leeds and the Thousand Islands,Lower Tier,Leeds and Grenville,No,No DC Bylaw,No DC Bylaw,Municipality does not levy Development Charges,,,—
Lennox and Addington,Upper Tier,Lennox and Addington,No,No DC Bylaw,No DC Bylaw,Municipality does not levy Development Charges,,,—
Limerick,Lower Tier,Hastings,No,No DC Bylaw,No DC Bylaw,Municipality does not levy Development Charges,,,—
Lincoln,Lower Tier,Niagara,Yes,Yes,Silent - Non-Residential Only,Standard 'non-residential farm building' exemption; worker housing contains residential occupancy and would not qualify,"Exemptions 3.5 Notwithstanding the provisions of this by-law, but subject to Subsection 3.5, development charges shall not be imposed with respect to: (b) the development of non-residential farm buildings for farming activities; (farm buildings not defined)",BY-LAW NO. 2024-28 through 2024-35,https://www.lincoln.ca/build-invest/planning-and-development/development-charges
London,Single Tier,Middlesex,Yes,Yes,Contradictory - Defeated by Residential Carveout,"Bylaw adopts PPS definition mentioning farm labour accommodation, but operative clause restricts exemption to 'non-residential' and explicitly excludes 'in all circumstances any residential component'","35. Certain Development Exempt No Development Charge under section 2 is payable where the Development or Redevelopment; 11. is a bona fide Non-residential farm building used for an Agricultural use; where “Agricultural use” means the growing of crops, including nursery, biomass, and horticultural crops; raising of livestock, raising of other animals for food, fur or fibre, including poultry and fish, aquaculture, apiaries, agro-forestry, maple syrup production, and associated on-farm buildings a",By-law - C.P.-1551-227,https://london.ca/business-development/development-charges
Loyalist,Lower Tier,Lennox and Addington,Yes,Yes,Silent - Residential Excluded,Farm/agricultural exemption excludes residential use; worker housing would not qualify,"4. APPLICABLE LANDS (2) This by­law shall not apply to land that is owned by and used for the purposes of: (d) a non-­residential farm building; where “Farm building” means that part of a bona fide farm operation encompassing barns, silos, and other ancillary development to an agricultural use, but excluding a residential use.",BY-LAW NUMBER 2021-066 (amended by 2026-17),https://www.loyalist.ca/media/4amj4g5l/2023-dc-pamphlet.pdf
Lucan Biddulph,Lower Tier,Middlesex,Yes,Yes,Silent - Non-Residential Only,Standard 'non-residential farm building' exemption; worker housing contains residential occupancy and would not qualify,SECTION 4 h. No development charge under section 5 is payable where the development; f. Is a bona fide non-residential farm building,BY-LAW NO. 26-2023 (amended by 25-2024),https://www.lucanbiddulph.on.ca/development-charges
Macdonald Meredith et al,Single Tier,Algoma,No,No DC Bylaw,No DC Bylaw,Municipality does not levy Development Charges,,,—
Machar,Single Tier,Parry Sound,No,No DC Bylaw,No DC Bylaw,Municipality does not levy Development Charges,,,—
Machin,Single Tier,Kenora,No,No DC Bylaw,No DC Bylaw,Municipality does not levy Development Charges,,,—
Madawaska Valley,Lower Tier,Renfrew,No,No DC Bylaw,No DC Bylaw,Municipality does not levy Development Charges,,,—
Madoc,Lower Tier,Hastings,No,No DC Bylaw,No DC Bylaw,Municipality does not levy Development Charges,,,—
Magnetawan,Single Tier,Parry Sound,No,No DC Bylaw,No DC Bylaw,Municipality does not levy Development Charges,,,—
Malahide,Lower Tier,Elgin,Yes,Yes,Silent - Non-Residential Only,Standard 'non-residential farm building' exemption; worker housing contains residential occupancy and would not qualify,"See Section 3.8 3.8. Notwithstanding the provision of this by-law, development charges shall not be imposed with respect to: (c) Non-residential farm buildings constructed for bona fide farm uses;",By-law Number 21-63,https://www.malahide.ca/en/municipal-office/resources/Bylaws--Policies/2021-Malahide-DC-By-law---3-year-phase-in-no-water.pdf
Manitouwadge,Single Tier,Thunder Bay,No,No DC Bylaw,No DC Bylaw,Municipality does not levy Development Charges,,,—
Mapleton,Lower Tier,Wellington,Yes,Yes,Silent - Unclassified,Farm building exemption exists but wording does not clearly address worker housing,"3.10 Other Exemptions: Notwithstanding the provision of this By-law, development charges shall not be imposed with resepct to: (b) A bona fide farm use; where ""bona fide farm use"" means the proposed development that will qualify as a farm business operating with a valid Farm Business Registration Number issued by the Onatrio Ministry of Agriculture, Food and Rural Affairs and be assessed in the Farmland Realty Tax Class by the Ontario Property Assessment Corporation.",BY-LAW NUMBER 2024-033,https://www.mapleton.ca/business-and-development/budget-and-finance/development-charges/
Marathon,Single Tier,Thunder Bay,No,No DC Bylaw,No DC Bylaw,Municipality does not levy Development Charges,,,—
Markham,Lower Tier,York,Yes,Yes,Silent - Dwelling Excluded,Agricultural use exemption explicitly excludes portions used as dwelling units; worker housing would not qualify,"3. APPLICABLE LANDS (4) This by-law shall not apply to land or Buildings within the Municipality that are used for the purposes of: (d) Agricultural Uses; where ""Agricultural Uses"" means land or buildings, excluding any portion thereof used as a dwelling unit, used or designed or intended for use for the purpose of a bona fide farming operation.",BY-LAW 2022-68,https://www.markham.ca/about-the-city-of-markham/city-hall/laws/development-charge-rates
Markstay-Warren,Single Tier,Sudbury,No,No DC Bylaw,No DC Bylaw,Municipality does not levy Development Charges,,,—
Marmora and Lake,Lower Tier,Hastings,No,No DC Bylaw,No DC Bylaw,Municipality does not levy Development Charges,,,—
Matachewan,Single Tier,Timiskaming,No,No DC Bylaw,No DC Bylaw,Municipality does not levy Development Charges,,,—
Mattawa,Single Tier,Nipissing,No,No DC Bylaw,No DC Bylaw,Municipality does not levy Development Charges,,,—
Mattawan,Single Tier,Nipissing,No,No DC Bylaw,No DC Bylaw,Municipality does not levy Development Charges,,,—
Mattice-Val Cote,Single Tier,Cochrane,No,No DC Bylaw,No DC Bylaw,Municipality does not levy Development Charges,,,
McDougall,Single Tier,Parry Sound,No,No DC Bylaw,No DC Bylaw,Municipality does not levy Development Charges,,,—
McGarry,Single Tier,Timiskaming,No,No DC Bylaw,No DC Bylaw,Municipality does not levy Development Charges,,,—
McKellar,Single Tier,Parry Sound,No,No DC Bylaw,No DC Bylaw,Municipality does not levy Development Charges,,,—
McMurrich-Monteith,Single Tier,Parry Sound,No,No DC Bylaw,No DC Bylaw,Municipality does not levy Development Charges,,,
McNab-Braeside,Lower Tier,Renfrew,Yes,No,No Farm Exemption,Municipality has a DC bylaw but does not exempt farm buildings; worker housing would be subject to residential DCs,"No explicit farm exemption. Exemptions limited to Board of Education, Municipality/Local Board, and County of Renfrew/Local Boards. DCs collected for new dwelling units, commercial buildings, and industrial buildings (additions >50% of existing GFA).",By-law 2019-42 (amended by By-law 2024-49),https://www.mcnabbraeside.com/en/doing-business/development-charges.aspx
Meaford,Lower Tier,Grey,Yes,Yes,Exempt - Temporary Farm Help,Agricultural use definition includes temporary farm help accommodation,"13.0 Categories of Exempt Uses 13.1 The following categories of uses are hereby designated as being exempt from the payment of development charges. e) agricultural use, where “Agricultural Use” means lands, buildings, or structures, excluding any portion thereof used as a dwelling unit, used, designed or intended to be used for the purpose of a bona fide farming operation including, but not limited to, animal husbandry, bee keeping, dairying, fallow, field crops, fish farming, forestry, fruit fa",By-law 2024-48,https://meaford.ca/development-charges/
Melancthon,Lower Tier,Dufferin,Yes,Yes,Silent - Residential Excluded,Farm/agricultural exemption excludes residential use; worker housing would not qualify,"Other Exemptions: 3.9.2 Notwithstanding the provisions of this By-law, development charges shall not be imposed on ""an agricultural use"", including barns, silos, or other storage facilities for produce, livestock, or machinery and equipment used in connection with an existing agricultural operation, and other ancillary development to an agricultural use, but excluding a ""residential dwelling"", an ""on-farm diversisied use"" or a ""cannabis production facility"".",By-law No. 30-2024,https://melancthontownship.ca/wp-content/uploads/2024/07/Development-Charges-By-law-30-2024.pdf
Merrickville-Wolford,Lower Tier,Leeds and Grenville,No,Yes,No DC Bylaw,Municipality does not levy Development Charges,,BY-LAW 15-2021,https://www.merrickville-wolford.ca/governance/plans-reports-studies?layout=table
Middlesex,Upper Tier,Middlesex,No,Yes,No DC Bylaw,Municipality does not levy Development Charges,"Other Exemptions/Reductions Notwithstanding the provision of this By-law, development charges shall not be imposed with respect to: non-residential agricultural use buildings shall be exempt from the development charge;",By-law #7291,https://www.middlesex.ca/sites/default/files/documents/07291%20-%20Establish%20Development%20Charges%20for%20Middlesex%20County%20-%20Final.pdf
Middlesex Centre,Lower Tier,Middlesex,Yes,No,No Farm Exemption,Municipality has a DC bylaw but does not exempt farm buildings; worker housing would be subject to residential DCs,,By-law 2024-064 (amended by 2025-064),https://www.middlesexcentre.ca/sites/default/files/2024-07/2024-064%20Development%20Charges.pdf
Midland,Lower Tier,Simcoe,Yes,No,No Farm Exemption,Municipality has a DC bylaw but does not exempt farm buildings; worker housing would be subject to residential DCs,,By-law 2025-21,https://www.midland.ca/media/vpxfsij1/by-law-2025-21-2025-development-charges-midland.pdf
Milton,Lower Tier,Halton,Yes,Yes,Silent - Unclassified,Farm building exemption exists but wording does not clearly address worker housing,"OTHER EXEMPTIONS/REDUCTIONS: 21. Notwithstanding the provision of this By-law, development charges shall not be imposed with respect to: f) agricultural development, including a one-time exemption of up to 50 square metres (538.2 square feet) on any commercial or retail component therein; where ""agricultural development"" means a bona fide farming operation, including greenhouses used in connection with a bona fide farming operation which are not connected to Regional water services or wastewater",By-law 053-2022,https://www.milton.ca/en/business-and-development/resources/Development-Charges/April-2026/May-2026/Development-Charges-Information-Pamphlet---May-30-2026.pdf
Minden Hills,Lower Tier,Haliburton,No,No DC Bylaw,No DC Bylaw,Municipality does not levy Development Charges,,,
Minto,Lower Tier,Wellington,Yes,No,No Farm Exemption,Municipality has a DC bylaw but does not exempt farm buildings; worker housing would be subject to residential DCs,No explicit farm exemption confirmed in available excerpts. Full bylaw text and 2021 amendment should be reviewed for specifics.,BY-LAW NUMBER 2024-055,https://www.town.minto.on.ca/residents/building-and-planning/development-charges
Mississauga,Lower Tier,Peel,Yes,No,No Farm Exemption,Municipality has a DC bylaw but does not exempt farm buildings; worker housing would be subject to residential DCs,,By-law 0133-2022 (as amended),https://www.mississauga.ca/services-and-programs/planning-and-development/growth-charges/development-charges/development-charges-by-laws-and-rates/
Mississippi Mills,Lower Tier,Lanark,Yes,Yes,Exempt - Farm Help Housing,Farm help house/quarters/accommodation explicitly included in exemption,"Other Exemptions 3.13 Notwithstanding the provision of this by-law, development charges shall not be imposed with respect to: (c) Non-residential farm building used for a bona fide agricultural use, where “Farm building” means that part of a farming operation encompassing barns, silos, and other accessory use to a bona fide agricultural use or “value add” buildings of a commercial or retail nature for the farming operation or farm help quarters for the farming operation workers but excluding a R",By-law No. 23-081 through 23-085,https://www.mississippimills.ca/media/4bdjb4fm/2025-development-charges_combined.pdf
Mono,Lower Tier,Dufferin,Yes,Yes,Exempt - Bunkhouse Included,Farm building definition excludes residential use but makes an explicit exception for bunkhouses for seasonal farm workers,"3.9 Other Exemptions: 1) Notwithstanding the provision of this by-law, development charges shall not be imposed with respect to: (i) Non-residential farm buildings constructed for bona fide farm uses, where “farm building” means a building or structure associated with and located on land devoted to the practice of farming and that is used essentially for the housing of farm equipment or livestock or the production, storage or processing of agricultural and horticultural produce or feeds and as p",BY-LAW NUMBER 2024-38,https://townofmono.com/services/fees-and-permits
Montague,Lower Tier,Lanark,Yes,No,No Farm Exemption,Municipality has a DC bylaw but does not exempt farm buildings; worker housing would be subject to residential DCs,,By-law 3893-2022,https://www.montaguetownship.ca/images/3893-2022_-_To_establish_development_charges_for_the_Township_of_Montague.pdf
Moonbeam,Single Tier,Cochrane,No,No DC Bylaw,No DC Bylaw,Municipality does not levy Development Charges,,,—
Moosonee,Single Tier,Cochrane,No,No DC Bylaw,No DC Bylaw,Municipality does not levy Development Charges,,,—
Morley,Single Tier,Rainy River,No,No DC Bylaw,No DC Bylaw,Municipality does not levy Development Charges,,,—
Morris-Turnberry,Lower Tier,Huron,No,No,No DC Bylaw,Municipality does not levy Development Charges,No development charges bylaw in place; therefore no farm exemption applicable.,,—
Mulmur,Lower Tier,Dufferin,Yes,Yes,Silent - Non-Residential Only,Standard 'non-residential farm building' exemption; worker housing contains residential occupancy and would not qualify,"8. EXEMPT BUILDINGS 8.1 Non-residential buildings used accessory to an agricultural operation shall be exempt from the development charge,",BY-LAW NO. 25-2024,https://mulmur.ca/content/build/development-charges/2024-development-charges-by-law.pdf
Muskoka,Upper Tier,Muskoka,Yes,Yes,Silent - Non-Residential Only,Standard 'non-residential farm building' exemption; worker housing contains residential occupancy and would not qualify,"8. Exemptions Subject to section 9 herein, the following types of development shall be exempt from payment of development charges: (a) the development of a non-residential farm building or structure; where ""farm building"" means buildings or structures used to carry on a bona fide farming operation including barns, silos and other ancillary development to an agricultural use, but excluding cannabis production facilities and those buildings or structures used for residential purposes;",BY-LAW NO. 2024-34,https://www.muskoka.on.ca/en/finance-and-administration/development-fees-and-charges.aspx
Muskoka Lakes,Lower Tier,Muskoka,Yes,No,No Farm Exemption,Municipality has a DC bylaw but does not exempt farm buildings; worker housing would be subject to residential DCs,"10. In the case of the demolition of all or part of a residential building, a non— residential building or a farm building or structure: 10.1. no development charge shall be imposed if a building that has been destroyed or legally demolished is rebuilt within three years of the destructionor demolition. If a different type of building is constructed, a credit equal to the development charge that would have been imposed on the original building if it were constructed elsewhere in the neighbourhoo",By-law 2024-055,https://www.muskokalakes.ca/business-property-development/building-demolition-and-construction/
Nairn and Hyman,Single Tier,Sudbury,No,No DC Bylaw,No DC Bylaw,Municipality does not levy Development Charges,,,—
Neebing,Single Tier,Thunder Bay,No,No DC Bylaw,No DC Bylaw,Municipality does not levy Development Charges,,,—
New Tecumseth,Lower Tier,Simcoe,Yes,Yes,Silent - Dwelling Excluded,Agricultural use exemption explicitly excludes portions used as dwelling units; worker housing would not qualify,"4. Applicable Lands (3) This by-law shall not apply to land that is owned by and used for the purposes of: (e) agricultural uses, where "" agricultural use"" means lands, buildings or structures, excluding any portion thereof used as a dwelling unit, used or designed or intended for use for the purpose of a bona fide farming operation including, but not limited to, animal husbandry, dairying, livestock, fallow, field crops, removal of sod, forestry, fruit farming, horticulture, market gardening, p",By-law #2021-166,https://www.newtecumseth.ca/en/resources/Finance/Development-Charges/Development-Charge-Brochure---Jul-01-2024.pdf
Newbury,Lower Tier,Middlesex,No,Not Known,No DC Bylaw,Municipality does not levy Development Charges,,,—
Newmarket,Lower Tier,York,Yes,Yes,Silent - Residential Excluded,Farm/agricultural exemption excludes residential use; worker housing would not qualify,"Section 3.5(g) of By-law 2019-48: ""agricultural uses"" are exempt from development charges. ""Farm building"" defined as part of a bona fide farming operation encompassing barns, silos and other ancillary development to an agricultural use, excluding residential use.","By-laws 2019-46, 2019-47, 2019-48 (amended by 2022-34, extended to 2029)",https://www.newmarket.ca/en/townhall/development-charges.aspx
Niagara,Upper Tier,Niagara,Yes,Yes,Exempt - On-Farm Accommodation,On-farm site farm accommodations explicitly exempted for agricultural use,"DISCRETIONARY EXEMPTIONS 19. Notwithstanding any other provision of this By-law, no development charge is imposed under this By-law respecting: (a) non-residential lands and buildings used for agricultural use; (b) on-farm site farm accommodations used for agricultural use; where “agricultural use” means use or intended use for bona fide farming purposes (a) including (but not limited to): (i) cultivation of crops, whether on open land or in greenhouses, including (but not limited to) fruit, veg",By-law 2022-48,https://www.niagararegion.ca/business/property/background-study.aspx
Niagara Falls,Lower Tier,Niagara,Yes,Yes,Silent - Standard Agricultural,Standard agricultural/farm building exemption; likely does not cover worker housing but operative text is ambiguous,"Agricultural buildings exempt from development charges. Exemption maintained following Niagara Region DC task force advocacy in 2022. Agricultural use defined per 2020 Provincial Policy Statement (crop growing, livestock raising, on-farm buildings and structures).",By-law 2024-053 (as amended),https://niagarafalls.ca/building-planning-and-business/planning-and-development/growth-charges-and-incentives/development-charges/
Niagara-on-the-Lake,Lower Tier,Niagara,Yes,Yes,Silent - Non-Residential Only,Standard 'non-residential farm building' exemption; worker housing contains residential occupancy and would not qualify,"Applicable Lands (2) This by-law shall not apply to land that is owned by and used for the purposes of (c) the development of a non-residential farm building used for bona fide agricultural purposes; where “farm building"" means that part of a bona fide farming operation encompassing barns, silos and other ancillary development to an agricultural use, but excluding a residential use;",By-law 5072-18 (as indexed),https://www.notl.com/town-hall/by-law-directory/development-charges-law-5072-18
Nipigon,Single Tier,Thunder Bay,No,No DC Bylaw,No DC Bylaw,Municipality does not levy Development Charges,,,
Nipissing,Single Tier,Parry Sound,No,No DC Bylaw,No DC Bylaw,Municipality does not levy Development Charges,,,—
Norfolk,Single Tier,Norfolk,Yes,Yes,Exempt - Farm Help Housing,Farm help house/quarters/accommodation explicitly included in exemption,5. Exemptions from Development Charges (5.2) iv) Farm help house development; v) Farming business development,By-law 2019-100 (as indexed),https://www.norfolkcounty.ca/council-administration-and-government/budget-fees-and-finances/development-charges/
North Algona Wilberforce,Lower Tier,Renfrew,No,No DC Bylaw,No DC Bylaw,Municipality does not levy Development Charges,,,—
North Bay,Single Tier,Nipissing,Yes,Yes,Silent - Unclassified,Farm building exemption exists but wording does not clearly address worker housing,"Applicable Lands 3. (2) This By-law shall not apply to land that is owned by and used for the purposes of: (g) Industrial Uses, where “Industrial Use” means a use considered a permitted use under Industrial Class 1, Industrial Class 2, Industrial Class 3, Wholesale or Transportation Terminal through the City’s Zoning By-law, By-law No. 2015-30, as amended;",By-Law No. 2019-72 (amended by 2024-69),https://northbay.ca/media/iffb3mtf/by-law-no-2024-69-amendment-to-by-law-2019-72-to-extend-expiry-date-final.pdf
North Dumfries,Lower Tier,Waterloo,Yes,Yes,Silent - Non-Residential Only,Standard 'non-residential farm building' exemption; worker housing contains residential occupancy and would not qualify,Non-residential farm buildings for bona fide farming operations exempt from development charges. Standard Ontario agricultural DC exemption.,BY-LAW NUMBER 3088-19,https://www.northdumfries.ca/en/doing-business/resources/Documents/By-law-3088-19-Development-Charges.pdf
North Dundas,Lower Tier,"Stormont, Dundas and Glengarry",Yes,Yes,Silent - Non-Residential Only,Standard 'non-residential farm building' exemption; worker housing contains residential occupancy and would not qualify,"4.0 Applicable Lands (4.2) (e) a non-residential farm building used for bona fide agricultural purposes; where ""Farm Building"" means a building or part thereof which does not contain a residential occupancy and which is associated with and located on land devoted to the practice of farming and used essentially for the housing of equipment or livestock, or the production, storage or processing of agricultural and horticultural produce or feeds and shall not include manure storage facilities, but ",By-law No. 2022-35,https://www.northdundas.com/sites/1/files/2022-05/Bylaw%20No.%202022-35%20Development%20Charges.pdf
North Frontenac,Lower Tier,Frontenac,No,No DC Bylaw,No DC Bylaw,Municipality does not levy Development Charges,,,—
North Glengarry,Lower Tier,"Stormont, Dundas and Glengarry",No,No DC Bylaw,No DC Bylaw,Municipality does not levy Development Charges,,,—
North Grenville,Lower Tier,Leeds and Grenville,Yes,Yes,Silent - Unclassified,Farm building exemption exists but wording does not clearly address worker housing,Section 3(6): Agricultural buildings/structures (excluding farm dwellings) subject only to fire service portion of DC - partial exemption from full development charges.,By-law 52-21,https://www.northgrenville.ca/services-and-payments/municipal-services/building-permits-fees
North Huron,Lower Tier,Huron,No,Not Known,No DC Bylaw,Municipality does not levy Development Charges,4. No development charge under section 5 is payable where the development; (11) Is a bona fide non-residential farm building;,,https://www.northhuron.ca/
North Kawartha,Lower Tier,Peterborough,No,Yes,No DC Bylaw,Municipality does not levy Development Charges,,By-law 2021-0062,https://www.northkawartha.ca/living-here/building-department/
North Middlesex,Lower Tier,Middlesex,Yes,No,No Farm Exemption,Municipality has a DC bylaw but does not exempt farm buildings; worker housing would be subject to residential DCs,"Development shall be imposed on all lands, builidngs or structures that are developed for residential or non-residental uses if the development requires: i. The passing of a zoning bylaw ii. Approval of a minor variance iii. A conveyance of land iv.aproval of a plan of subdivision v. a consent vi. the approval of a description vii. The issuing of a permint in realation to the building or structure",BY-LAW NO. 041 of 2022 (amended by 112 of 2025),https://www.northmiddlesex.on.ca/sites/default/files/2025-12/112%20of%202025%20-%20Development%20Charges%202026.pdf
North Perth,Lower Tier,Perth,Yes,Yes,Silent - Residential Excluded,Farm/agricultural exemption excludes residential use; worker housing would not qualify,"Notwithstanding the provision of this by-law, development charges shall not be imposed with respect to: Agricultural uses as well as farm buildings and other ancillary development to an agricultural use excluding any residential, commercial or cannabis production facilities uses shall be exempt from the provisions of this By-law.",By-law No. 74-2024,https://www.northperth.ca/media/ysgluhd0/74-2024-development-charges-for-the-municipality-of-north-perth.pdf
North Stormont,Lower Tier,"Stormont, Dundas and Glengarry",No,No DC Bylaw,No DC Bylaw,Municipality does not levy Development Charges,,,—
Northeastern Manitoulin & The Isl,Single Tier,Manitoulin,No,No DC Bylaw,No DC Bylaw,Municipality does not levy Development Charges,,,
Northern Bruce Peninsula,Lower Tier,Bruce,No,N/A,No DC Bylaw,Municipality does not levy Development Charges,,,—
Northumberland,Upper Tier,Northumberland,No,Not Known,No DC Bylaw,Municipality does not levy Development Charges,Farm buildings exempt per standard Ontario county DC practice.,,https://www.northumberland.ca/DevelopmentCharges
Norwich,Lower Tier,Oxford,Yes,Yes,Exempt - Bunkhouse Included,Farm building definition excludes residential use but makes an explicit exception for bunkhouses for seasonal farm workers,"3. APPLICABLE LANDS (3) This by-law shall not apply to: (a) Farm Buildings as defined herein; where “Farm Building” means a Building or structure associated with and located on land devoted to the practice of farming and that is used essentially for the housing of farm equipment or livestock or the production, storage or processing of agricultural and horticultural produce or feeds and as part of or in connection with a bona fide farming operation and includes barns, silos and other buildings or",By-Law No. 32-2024 (amended by 37-2024),https://www.norwich.ca/media/0v4iwqz5/development-charges-pamphlet-june-13-2026.pdf
O'Connor,Single Tier,Thunder Bay,No,No DC Bylaw,No DC Bylaw,Municipality does not levy Development Charges,,,—
Oakville,Lower Tier,Halton,Yes,Yes,Silent - Unclassified,Farm building exemption exists but wording does not clearly address worker housing,"EXEMPTIONS 7. (1) This By-law shall not apply to land that is owned by and used for the purposes of: (a) an agricultural development; where ""agricultural development"" means a bona fide farming operation (as evidenced by membership of the owner/operator of the farm operation in the Ontario Federation of Agriculture), including greenhouses which are not connected to Regional water services or wastewater services, sod farms and farms for the breeding and boarding of horses, and includes, but is not",By-law 2022-068,https://www.oakville.ca/town-hall/budget-finances/growth-infrastructure-financing-tools/development-charges/
Oil Springs,Lower Tier,Lambton,No,No DC Bylaw,No DC Bylaw,Municipality does not levy Development Charges,,,—
Oliver Paipoonge,Single Tier,Thunder Bay,No,Yes,No DC Bylaw,Municipality does not levy Development Charges,,BY-LAW NO. 627-2021,https://oliverpaipoonge.ca/sites/default/files/2021-10/By-Law%20627-2021%20Development%20Charges.pdf
Opasatika,Single Tier,Cochrane,No,No DC Bylaw,No DC Bylaw,Municipality does not levy Development Charges,,,—
Orangeville,Lower Tier,Dufferin,Yes,No,No Farm Exemption,Municipality has a DC bylaw but does not exempt farm buildings; worker housing would be subject to residential DCs,,By-law 2024-039,https://www.orangeville.ca/en/doing-business/resources/Documents/Town%20of%20Orangeville%202024%20D.C.%20Background%20Study%20-%20Final%20Report.pdf
Orillia,Single Tier,Simcoe,Yes,No,No Farm Exemption,Municipality has a DC bylaw but does not exempt farm buildings; worker housing would be subject to residential DCs,,By-law Number 2023-009 (amended by 2024-113),https://www.orillia.ca/media/14jhoa4s/dc-pamphlet-july-1-2026.pdf
Oro-Medonte,Lower Tier,Simcoe,Yes,Yes,Silent - Residential Excluded,Farm/agricultural exemption excludes residential use; worker housing would not qualify,"Exemptions 3.3 This by-law shall not apply to lands that are owned by and used for the purposes of: e) farm buildings as defined herein; where ""Farm Building"" means a building or structure actually used as part of or in connection with a bona fide farming operation and includes barns, silos and other buildings or structures ancillary to a bona fide farming operation, but excluding a residential use and marijuana faciltiies.",By-law No. 2024-097,https://www.oro-medonte.ca/media/5k2bcjpx/dc-pamphlet-2025-final.pdf
Oshawa,Lower Tier,Durham,Yes,Yes,Silent - Unclassified,Farm building exemption exists but wording does not clearly address worker housing,"2. Application 2.5 No Development Charge shall be imposed with respect to any Development: (g) respecting an Agricultural building or structure; where “Agricultural”, in reference to use, means land, buildings or structures used, designed or intended to be used solely for an “agricultural operation” as that term is defined in section 1 of the Farming and Food Production Protection Act, 1998, S.O. 1998, c. 1;",By-law 91-2024,https://www.oshawa.ca/media/or3lhgew/development_charges_by-law_91-2024.pdf
Otonabee-South Monaghan,Lower Tier,Peterborough,Yes,Yes,Silent - Non-Residential Only,Standard 'non-residential farm building' exemption; worker housing contains residential occupancy and would not qualify,Non-residential farm buildings exempt from development charges.,By-law 2020-60,https://www.osmtownship.ca/municipal-services/by-laws-policies/
Ottawa,Single Tier,Ottawa,Yes,Yes,Silent - Non-Residential Only,Standard 'non-residential farm building' exemption; worker housing contains residential occupancy and would not qualify,"7. (1) Subject to subsection (3), the following shall be exempt from development Charges: (g) Non-residential use buildings used for bona fide agricultural purposes, including buildings on a fairgrounds of an agricultural society",By-law 2024-218 (as amended),https://ottawa.ca/en/planning-development-and-construction/residential-property-regulations/development-application-review-process/development-application-submission/fees-and-funding-programs/development-charges/overview
Owen Sound,Lower Tier,Grey,Yes,Yes,Silent - Non-Residential Only,Standard 'non-residential farm building' exemption; worker housing contains residential occupancy and would not qualify,"Exempt Buildings 16. No Development Charge under Schedule B of this by-law are imposed with respect to: a. Non-residential buildings used accessory to an agricultural operation; where ""agricultural"" is not explicitly defined.",By-law No. 2020-112 (as amended),https://www.owensound.ca/media/o1uloljx/2023-development-charges-background-study.pdf
Oxford,Upper Tier,Oxford,Yes,Yes,Explicitly Excluded,Farm building definition explicitly excludes bunkhouses,"3. APPLICABLE LANDS (3) This by-law shall not apply to: (a) Farm Buildings as defined herein; where “Farm Building” means a Building or structure associated with and located on land devoted to the practice of farming, as defined by the Farming and Food Production Protection Act, 1998, and that is used essentially for the housing of farm equipment or livestock, or the production, storage or processing of agricultural and horticultural produce or feeds, and as part of or in connection with a bona ",By-law 6639-2024 (amended by 6709-2025),https://www.oxfordcounty.ca/your-government/financial-policy/development-charges-and-fees/
Papineau-Cameron,Single Tier,Nipissing,No,No DC Bylaw,No DC Bylaw,Municipality does not levy Development Charges,,,—
Parry Sound,Single Tier,Parry Sound,Yes,Yes,Silent - Non-Residential Only,Standard 'non-residential farm building' exemption; worker housing contains residential occupancy and would not qualify,"3. APPLICABLE LANDS (b) This By-law shall not apply to land that is owned by and used for the purposes of: 5) a Non-residential Building in connection with a bona fide Agricultural use including, but excluding a residential use and cannabis production facilities;",By-laws 2023-7346 through 2023-7350,https://www.parrysound.ca/media/jkslp5pa/dc-pamphlet-effective-june-6-2025.pdf
Peel,Upper Tier,Peel,Yes,Yes,Silent - Standard Agricultural,Standard agricultural/farm building exemption; likely does not cover worker housing but operative text is ambiguous,"11. Exemptions (2) No development charge is imposed under this By-law in respect of land developed for an agriculture use including on-farm diversified use. where ""agricultural use"" means a use for the purpose of animal husbandry, dairying, fallow, field crops, removal of sod, forestry, fruit farming, horticulture, market gardening, pasturage, poultry keeping and any other use customarily carried on for the purposes of a bona fide farming operation, but does not include a residential use on land",By-law 77-2020 (as amended),https://peelregion.ca/about/finance/development-charges
Pelee,Single Tier,Essex,No,No DC Bylaw,No DC Bylaw,Municipality does not levy Development Charges,,,—
Pelham,Lower Tier,Niagara,Yes,Yes,Silent - Residential Excluded,Farm/agricultural exemption excludes residential use; worker housing would not qualify,"4. APPLICABLE LANDS (6) This by-law shall not apply to land that is owned by and used for the purposes of: g) a farm building, excluding residential use",By-law No. 83-2024,https://www.pelham.ca/media/rcfjevil/83-2024-dc-by-law.pdf
Pembroke,Single Tier,Renfrew,Yes,No,No Farm Exemption,Municipality has a DC bylaw but does not exempt farm buildings; worker housing would be subject to residential DCs,,By-law No. 2021-26,https://www.pembroke.ca/media/zrepffel/development-charges-pamphlet-pembroke.pdf
Penetanguishene,Lower Tier,Simcoe,Yes,Yes,Silent - Residential Excluded,Farm/agricultural exemption excludes residential use; worker housing would not qualify,"Agricultural uses, farm buildings, and other development ancillary to an agricultural use are exempt, excluding residential uses.",BY-LAW NO. 2024-34,https://www.penetanguishene.ca/media/3yqfu4oe/penetanguishene_notice-of-passage.pdf
Perry,Single Tier,Parry Sound,No,No DC Bylaw,No DC Bylaw,Municipality does not levy Development Charges,,,—
Perth East,Lower Tier,Perth,Yes,Yes,Silent - Residential Excluded,Farm/agricultural exemption excludes residential use; worker housing would not qualify,"Bona Fide Farm Uses= encompassing barns, silos and other ancillary Development to an agricultural use, but excluding a Residential Use;",By-law 59-2021,https://www.pertheast.ca/wp-content/uploads/2025/04/Perth-East_DC-Pamphlet_January-2025.pdf
Perth South,Lower Tier,Perth,No,No DC Bylaw,No DC Bylaw,Municipality does not levy Development Charges,,,—
"Perth, Co",Upper Tier,Perth,No,No DC Bylaw,No DC Bylaw,Municipality does not levy Development Charges,,,N/A#http://N/A
"Perth, T",Lower Tier,Lanark,Yes,Yes,Silent - Unclassified,Farm building exemption exists but wording does not clearly address worker housing,"3) development charges shall not be imposed with respect to: c) industrial buildings; where ""industrial"" means any building used for or in connection with a) manufacturing, producing, processing, storing, or distributing something and includes a greenhouse;",By-Law No. 4839,https://perth.civicweb.net/filepro/document/6287/2019-4839-Amended%202019%20Development%20Charge%20Study%20_%20By-law%20Update-19Nov2019.pdf
Petawawa,Lower Tier,Renfrew,Yes,Yes,Silent - Non-Residential Only,Standard 'non-residential farm building' exemption; worker housing contains residential occupancy and would not qualify,3.11 Other Exemptions (b) The development of non-residential farm buildings constructed for bona-fide farm uses.,By-law 1435/21,https://www.petawawa.ca/en/doing-business/resources/Documents/By-law-1435-21-Development-Charges.pdf
"Peterborough, C",Single Tier,Peterborough,Yes,Yes,Silent - Non-Residential Only,Standard 'non-residential farm building' exemption; worker housing contains residential occupancy and would not qualify,"Other Exemptions 20. Notwithstanding the provisions of this By-law, development charges shall not be imposed with respect to: (e) a non-residential agricultural buildings or structures that are owned by and are used for the purposes of a bona fide farming operation.",By-Law Number 25-100,https://bylaws.peterborough.ca/bylaws/getFNDoc.do?class_id=20&document_id=14220
"Peterborough, Co",Upper Tier,Peterborough,Yes,Yes,Silent - Residential Excluded,Farm/agricultural exemption excludes residential use; worker housing would not qualify,"8. Exempt Buildings 8.1 The following Buildings are exempt from Development Charges: (f) Farm Buildings; where ""Farm Building"" means a Building or Structure actually used as part of or in connection with a bona fide farming operation and includes barns, silos, and other buildings or structures ancillary to a bona fide farming operation, but excluding a residential use. For greater clarity, a Farm Building does not include a commercial building, institutional building, or industrial building on a",By-law No. 2022-35,https://peterboroughcounty.civicweb.net/filepro/document/291647/Development%20Charges%20By-law%20No.%202022-35.pdf
Petrolia,Lower Tier,Lambton,No,Yes,No DC Bylaw,Municipality does not levy Development Charges,"Other Exemptions 3.11. Notwithstanding the provisions of this by-law, development charges shall not be imposed with respect to: b. The development of non-residential farm buildings constructed for bona fide farm uses, being that which operates with a valid Farm Business Registration Number and is assessed in the Farmland Realty Tax Class.",,—
Pickering,Lower Tier,Durham,Yes,Yes,Silent - Non-Residential Only,Standard 'non-residential farm building' exemption; worker housing contains residential occupancy and would not qualify,"PART I APPLICATION 1. (2) This By-law shall not apply to land that is owned by and used for the purposes of, (c) the development of a non-residential farm building used for bona fide agricultural purposes; where ""agricultural use"" means lands, buildings, or structures, excluding any portion thereofgricultural use"" means lands, buildings, or structures, excluding any portion thereof used as a dwelling unit or for a commercial use, used or designed or intended for use for the purpose of a bona fid",By-law No. 7953/22 (amended by 8199/25),https://www.pickering.ca/media/dsrg5d1s/development-charges-2024-2025.pdf
Pickle Lake,Single Tier,Kenora,No,No DC Bylaw,No DC Bylaw,Municipality does not levy Development Charges,,,—
Plummer Additional,Single Tier,Algoma,No,No DC Bylaw,No DC Bylaw,Municipality does not levy Development Charges,,,—
Plympton-Wyoming,Lower Tier,Lambton,Yes,No,No Farm Exemption,Municipality has a DC bylaw but does not exempt farm buildings; worker housing would be subject to residential DCs,,By-Law 98 of 2021,https://www.plympton-wyoming.com/media/soxmdfgi/dc-by-law-98-of-2021.pdf
Point Edward,Lower Tier,Lambton,No,No DC Bylaw,No DC Bylaw,Municipality does not levy Development Charges,,,—
Port Colborne,Lower Tier,Niagara,Yes,Yes,Silent - Non-Residential Only,Standard 'non-residential farm building' exemption; worker housing contains residential occupancy and would not qualify,"3.14 O Other Exemptions: Notwithstanding the provision of this by-law, development charges shall not be imposed with respect to: (1) Non-residential farm buildings for the purpose of an agricultural use except for any building constructed to accommodate an On-Farm Business which shall be considered to be an industrial building;",By-Law No. 6733/97/19 (amended by 7278/100/24),https://www.portcolborne.ca/en/business-and-development/resources/Building%20Division/By-Laws/7278%20100%2024.pdf
Port Hope,Lower Tier,Northumberland,Yes,Yes,Silent - Non-Residential Only,Standard 'non-residential farm building' exemption; worker housing contains residential occupancy and would not qualify,3.11 Other Exemptions 2) The construction of a non-residential farm building or structure constructed for a bona fide farm operation.,By-law 63/2019 (amended by 62/2022),https://www.porthope.ca/en/business-and-development/resources/Development%20Charges/2024%20DC%20Background%20Study%20-%20Port%20Hope.pdf
Powassan,Single Tier,Parry Sound,No,No DC Bylaw,No DC Bylaw,Municipality does not levy Development Charges,,,—
Prescott,Single Tier,Leeds and Grenville,No,No DC Bylaw,No DC Bylaw,Municipality does not levy Development Charges,,,—
Prescott and Russell,Upper Tier,Prescott and Russell,No,No DC Bylaw,No DC Bylaw,Municipality does not levy Development Charges,,,
Prince,Single Tier,Algoma,No,No DC Bylaw,No DC Bylaw,Municipality does not levy Development Charges,,,—
Prince Edward County,Single Tier,Prince Edward,Yes,No,No Farm Exemption,Municipality has a DC bylaw but does not exempt farm buildings; worker housing would be subject to residential DCs,,By-Law No. 35-2023,https://princeedwardcounty.civicweb.net/filepro/documents/278587/?preview=281624
Puslinch,Lower Tier,Wellington,Yes,Yes,Silent - Non-Residential Only,Standard 'non-residential farm building' exemption; worker housing contains residential occupancy and would not qualify,"3.10 Other Exemptions: Notwithstanding the provision of this by-law, development charges shall not be imposed with respect to: (d) Non-residential farm buildings used for agricultural purposes where “farm Building” means a building or structure associated with and located on land devoted to the practice of farming and that is used essentially for the housing of farm equipment or livestock or the growing, harvesting, or storage of agricultural and horticultural produce or feeds and as part of or ",By-law 053/24,https://puslinch.ca/wp-content/uploads/2024/09/DC-Information-Pamphlet-September-3RD-2024.pdf
Quinte West,Single Tier,Hastings,Yes,No,No Farm Exemption,Municipality has a DC bylaw but does not exempt farm buildings; worker housing would be subject to residential DCs,,By-law 24-130 (amended by 26-046),https://quintewest.ca/building-renovating/development-charges/
Rainy River,Single Tier,Rainy River,No,No DC Bylaw,No DC Bylaw,Municipality does not levy Development Charges,,,
Ramara,Lower Tier,Simcoe,Yes,Yes,Silent - Non-Residential Only,Standard 'non-residential farm building' exemption; worker housing contains residential occupancy and would not qualify,"3. APPLICABLE LANDS, BUILDINGS AND STRUCTURES 3.3 This by-law shall not apply to: c) a non-residential building used or designated or intended for use in connection with the production of crops, animal husbandry or other similar uses normally associated with agriculture;",By-Law 2022.39,https://www.ramara.ca/business-and-development/building-and-construction/building-permits/
Red Lake,Single Tier,Kenora,No,No DC Bylaw,No DC Bylaw,Municipality does not levy Development Charges,,,—
Red Rock,Single Tier,Thunder Bay,No,No DC Bylaw,No DC Bylaw,Municipality does not levy Development Charges,,,—
"Renfrew, Co",Upper Tier,Renfrew,No,No DC Bylaw,No DC Bylaw,Municipality does not levy Development Charges,,,
"Renfrew, T",Lower Tier,Renfrew,Yes,N/A,N/A,Not applicable,"""agricultural use"" and ""farm building"" is defined but not used. Confirm if farm exemption exists.",By-Law No. 84-2021,https://www.renfrew.ca/public_docs/bylaws/BL.84-2021.pdf
Richmond Hill,Lower Tier,York,Yes,No,No Farm Exemption,Municipality has a DC bylaw but does not exempt farm buildings; worker housing would be subject to residential DCs,"By-law defines ""agricultural use"" as bona fide farming operations including animal husbandry, dairying, livestock, field crops, forestry, fruit farming, horticulture, market gardening, and equestrian facilities (excluding dwelling units). However, there is no explicit exemption for farm buildings from development charges.",By-laws 6-24 through 10-24 (as amended),https://www.richmondhill.ca/en/shared-content/resources/documents/Development-Charges/2024_Development_Charges_Brochure.pdf
Rideau Lakes,Lower Tier,Leeds and Grenville,No,No,No DC Bylaw,Municipality does not levy Development Charges,"No full exemption. Ag uses receive 50% reduction in DC ($0.56/sqft vs $2.42/sqft). Ag use = buildings on land for farming (barns, silos, greenhouses). Excludes residential and retail/commercial.",,—
Russell,Lower Tier,Prescott and Russell,Yes,Yes,Silent (Presumed Not Exempt),Farm building exemption exists but operative wording not yet recorded; standard 'non-residential farm building' language presumed,,By-Law 2021-114,https://www.russell.ca/en/your-township/development-charges-by-law.aspx
Ryerson,Single Tier,Parry Sound,No,No DC Bylaw,No DC Bylaw,Municipality does not levy Development Charges,,,
Sables-Spanish Rivers,Single Tier,Sudbury,No,No DC Bylaw,No DC Bylaw,Municipality does not levy Development Charges,,,—
Sarnia,Lower Tier,Lambton,No,Yes,No DC Bylaw,Municipality does not levy Development Charges,"3.5. Notwithstanding the provisions of this by-law, and subject to the transition provisions of section 3.5.1, development charges shall not be imposed with respect to: 1) a non-residential farm building or structure on a property actively used for agricultural purposes in the rural zones as identified in the City's Zoning By-law;",,—
Saugeen Shores,Lower Tier,Bruce,Yes,Yes,Silent - Non-Residential Only,Standard 'non-residential farm building' exemption; worker housing contains residential occupancy and would not qualify,"4. APPLICABLE LANDS 2. e) non-residential farm building constructed for bona fide farm uses; where ""Bona Fide Farm Use"" means the proposed development will qualify as a farm business operating with a valid Farm Business Registration Number lssued by the Ontario Ministry of Agriculture, Food and Rural Affairs and be assessed in the Farmland Realty Tax Class by the Municipal Property Assessment Corporation;",By-law 61-2021,https://www.saugeenshores.ca/town-hall/applications-licences-and-permits/building-permits/
Sault Ste Marie,Single Tier,Algoma,No,No DC Bylaw,No DC Bylaw,Municipality does not levy Development Charges,,,
Schreiber,Single Tier,Thunder Bay,No,No DC Bylaw,No DC Bylaw,Municipality does not levy Development Charges,,,—
Scugog,Lower Tier,Durham,Yes,Yes,Silent - Standard Agricultural,Standard agricultural/farm building exemption; likely does not cover worker housing but operative text is ambiguous,"Agricultural uses, farm buildings, and other ancillary development related to an agricultural use are exempt from development charges. This exemption does not extend to residential or commercial uses, or cannabis production facilities.",By-law 16-24,https://www.scugog.ca/building-development/planning-and-development/development-charges/
Seguin,Single Tier,Parry Sound,No,Yes,No DC Bylaw,Municipality does not levy Development Charges,"Notwithstanding the provisions of this by-law, development charges shall not be imposed under this by-law respecting: (a) the development of a non-residential farm building used for a bona fide farm use;",By-law 2021-053,https://www.seguin.ca/building
Selwyn,Lower Tier,Peterborough,Yes,Yes,Silent - Non-Residential Only,Standard 'non-residential farm building' exemption; worker housing contains residential occupancy and would not qualify,"Other Exemptions 3.11 Notwithstanding any provision of this by-law, development charges shall not be imposed with respect to: (d) Non-residential farm buildings; where “Farm building” means that part of a bona fide farming operation encompassing barns, silos and other ancillary development to an agricultural use, but excluding a residential use;",By-law 2023-053 through 2023-060,https://www.selwyntownship.ca/en/news/resources/Development-Charges/2023-053---Development-Charges---Road-and-Related.pdf
Severn,Lower Tier,Simcoe,Yes,Yes,Silent - Non-Residential Only,Standard 'non-residential farm building' exemption; worker housing contains residential occupancy and would not qualify,"3.7 Other Exemptions: Notwithstanding the provision of this by-law, development charges shall not be imposed with respect to: g) The development of non-residential farm buildings constructed for bonafide farm uses, excluding cannabis production facilities and on-farm diversified uses",By-law No. 2024-54,https://www.severn.ca/media/nfcjasrf/development-charges-background-study.pdf
Shelburne,Lower Tier,Dufferin,Yes,Yes,Silent - Standard Agricultural,Standard agricultural/farm building exemption; likely does not cover worker housing but operative text is ambiguous,3. APPLICABLE LANDS (2) This by-law shall not apply to any of the following categories of development: (e) development of farm buildings.,"By-laws 19-2020, 20-2020, 21-2020",https://www.shelburne.ca/media/xm1blntq/dc-by-law-pamphlet-2025-updated-january-28-2026-web-version.pdf
Shuniah,Single Tier,Thunder Bay,No,No DC Bylaw,No DC Bylaw,Municipality does not levy Development Charges,,,—
Simcoe,Upper Tier,Simcoe,Yes,Yes,Silent - Residential Excluded,Farm/agricultural exemption excludes residential use; worker housing would not qualify,"4. APPLICABLE LANDS (2) This by-law shall not apply to land that is owned by and used for the purposes of: e) a farm buildin and farm equipment dealership as defined herein. farm building: a building used for bona fide farming operation, excluding residential and cannabis use farm equipment dealership: a building or structure used solely for sale of farm equipment",By-Law No. 6930,https://www.simcoe.ca/Finance/Documents/By-law%20No.%206930.pdf
Sioux Lookout,Single Tier,Kenora,No,No DC Bylaw,No DC Bylaw,Municipality does not levy Development Charges,,,—
Sioux Narrows-Nestor Falls,Single Tier,Kenora,No,No DC Bylaw,No DC Bylaw,Municipality does not levy Development Charges,,,—
Smiths Falls,Single Tier,Lanark,No,Not Known,No DC Bylaw,Municipality does not levy Development Charges,"EXEMPTIONS 11. (a) the development of a non-residential farm building used for a bona fide farm use, where ""bona fide farm use"" means the proposed development will qualify as a farm business operating with a valid FBRM issued by OMA. Excludes cannabis operations.",,https://www.smithsfalls.ca/
Smooth Rock Falls,Single Tier,Cochrane,No,No DC Bylaw,No DC Bylaw,Municipality does not levy Development Charges,,,—
South Algonquin,Single Tier,Nipissing,No,No DC Bylaw,No DC Bylaw,Municipality does not levy Development Charges,,,—
South Bruce,Lower Tier,Bruce,No,Yes,No DC Bylaw,Municipality does not levy Development Charges,"3.10 Notwithstanding the provisions of this by-law, development charges shall not be imposed with respect to: 3.1 0.2 The development of non-residential farm bu ildings constructed for bona fide farm uses.",By-Law 2025-36,https://www.southbruce.ca/media/zzplxun1/dc-by-law-2025-36.pdf
South Dundas,Lower Tier,"Stormont, Dundas and Glengarry",No,No DC Bylaw,No DC Bylaw,Municipality does not levy Development Charges,,,—
South Frontenac,Lower Tier,Frontenac,Yes,Yes,Silent - Residential Excluded,Farm/agricultural exemption excludes residential use; worker housing would not qualify,"4. APPLICABLE LANDS (2) c) bona fide agricultural use or farm building, excluding residential use",By-law 2024-53,https://www.southfrontenac.net/media/p5aoge3g/by-law-2024-53-development-charges.pdf
South Glengarry,Lower Tier,"Stormont, Dundas and Glengarry",No,No DC Bylaw,No DC Bylaw,Municipality does not levy Development Charges,,,—
South Huron,Lower Tier,Huron,Yes,Yes,Silent - Unclassified,Farm building exemption exists but wording does not clearly address worker housing,"Agricultural buildings or structures exempt. Defined as buildings for animal husbandry, crop cultivation, market gardening, horticulture, or bona fide farming operations.",By-law 17-2020 (amended by 68-2020),https://www.southhuron.ca/media/tkvdez1f/68-2020-development-charges-brochure-2020.pdf
South River,Single Tier,Parry Sound,No,No DC Bylaw,No DC Bylaw,Municipality does not levy Development Charges,,,—
South Stormont,Lower Tier,"Stormont, Dundas and Glengarry",Yes,Yes,Silent - Standard Agricultural,Standard agricultural/farm building exemption; likely does not cover worker housing but operative text is ambiguous,"3.10 Other Exemptions: 3.10.1 Notwithstanding the provision of this by-law, development charges shall not be imposed with respect to: (1) Bona-fide farm buildings;",By-law No. 2022-057,https://www.southstormont.ca/media/034lpdrw/2022-057-development-charges.pdf
South-West Oxford,Lower Tier,Oxford,Yes,Yes,Silent (Presumed Not Exempt),Farm building exemption exists but operative wording not yet recorded; standard 'non-residential farm building' language presumed,,BY-LAW NO. 2024-035,https://speakup.oxfordcounty.ca/2024-dc-background-study
Southgate,Lower Tier,Grey,Yes,Yes,Silent - Non-Residential Only,Standard 'non-residential farm building' exemption; worker housing contains residential occupancy and would not qualify,"Other Exemptions: 3.7 Notwithstanding the provision of this By-law, development charges shall not be imposed with respect to: (a) Non-residential farm building for a bona fide farm use, with a valid Farm Business Registration Number and assessed as Farmland Realty Tax Class;",By-Law No. 2022-154,https://www.southgate.ca/en/municipal-services/resources/BuildingDocuments/By-law-2022-154---Development-Charges-By-law.pdf
Southwest Middlesex,Lower Tier,Middlesex,No,No,No DC Bylaw,Municipality does not levy Development Charges,,N/A,
Southwold,Lower Tier,Elgin,No,Not Known,No DC Bylaw,Municipality does not levy Development Charges,Standard farm building exemption for bona fide farm uses.,,https://www.southwold.ca/
Spanish,Single Tier,Algoma,No,No DC Bylaw,No DC Bylaw,Municipality does not levy Development Charges,,,—
Springwater,Lower Tier,Simcoe,Yes,Yes,Silent - Residential Excluded,Farm/agricultural exemption excludes residential use; worker housing would not qualify,"15. Agricultural Uses 15.1. Agricultural uses as well as farm buildings and other ancillary development to an agricultural use, excluding any residential uses, shall be exempt from the provisions of this By-law.",By-law 2023-070,https://springwater-ca.govstack.com/media/vspl554e/township-of-springwater-dc-update-study.pdf
St Catharines,Lower Tier,Niagara,Yes,Yes,Silent - Residential Excluded,Farm/agricultural exemption excludes residential use; worker housing would not qualify,"“Farm Building” means that part of a bona fide farming operation encompassing barns, silos, and other ancillary development to an agricultural farm, but excluding a residential use, greenhouses and other buildings and structures used as Cannabis Production Facilities and would include wholesale greenhouse facilities and structures",BY-LAW NO. 2021-140,https://stcatharines.civicweb.net/filepro/documents/799/?preview=97923
St Clair,Lower Tier,Lambton,Yes,Yes,Silent - Non-Residential Only,Standard 'non-residential farm building' exemption; worker housing contains residential occupancy and would not qualify,Non-residential farm buildings for bona fide farm uses exempt from development charges.,By-law 6 of 2021,https://www.twpstclair.on.ca/en/build-invest-grow/development-charges.aspx
St Joseph,Single Tier,Algoma,No,No DC Bylaw,No DC Bylaw,Municipality does not levy Development Charges,,,
St Marys,Single Tier,Perth,Yes,Yes,Silent - Non-Residential Only,Standard 'non-residential farm building' exemption; worker housing contains residential occupancy and would not qualify,Development charges shall not be imposed with respect to non-residential farm buildings constructed for bona fide farm uses.,By-law 106-2022,https://www.townofstmarys.com/en/doing-business/development-charges.aspx
St Thomas,Single Tier,Elgin,Yes,Yes,Silent - Non-Residential Only,Standard 'non-residential farm building' exemption; worker housing contains residential occupancy and would not qualify,"The following uses are wholly exempt from development charges under the by-law: A non-residential farm building, except for the gross floor area in a greenhouse used for retail sales.",BY-LAW NUMBER 158-2020,
St-Charles,Single Tier,Sudbury,No,No DC Bylaw,No DC Bylaw,Municipality does not levy Development Charges,,,
Stirling-Rawdon,Lower Tier,Hastings,No,No,No DC Bylaw,Municipality does not levy Development Charges,,,—
Stone Mills,Lower Tier,Lennox and Addington,No,Yes,No DC Bylaw,Municipality does not levy Development Charges,"Notwithstanding the provisions of this By-law, development charges shall not be imposed with respect to: c) Agricultural Uses: Non-residential farm buildings constructed and used exclusively for bona fide agricultural purposes operating with a valid Farm Business Registration Number and assessed in Farmland Reality Tax Class;",,—
"Stormont, Dundas and Glengarry",Upper Tier,"Stormont, Dundas and Glengarry",No,No DC Bylaw,No DC Bylaw,Municipality does not levy Development Charges,,,
Stratford,Single Tier,Perth,Yes,No,No Farm Exemption,Municipality has a DC bylaw but does not exempt farm buildings; worker housing would be subject to residential DCs,,By-law 41-2022,https://www.stratford.ca/media/yaacguhp/by-law-41-2022-development-charges-aoda.pdf
Strathroy-Caradoc,Lower Tier,Middlesex,Yes,Yes,Silent - Standard Agricultural,Standard agricultural/farm building exemption; likely does not cover worker housing but operative text is ambiguous,Exemptions from the Payment of Development Charges 6. (1) These rules provide for an exemption by user for all development upon lands owned and occupied by: (3) farm buildings as defined in this by-law are exempt from paying development charges,By-law No. 10-20 (amended by 34-22),https://www.strathroy-caradoc.ca/media/g21a25kx/dc-pamplet-_2025.pdf
Strong,Single Tier,Parry Sound,No,No DC Bylaw,No DC Bylaw,Municipality does not levy Development Charges,,,—
Sundridge,Single Tier,Parry Sound,No,No DC Bylaw,No DC Bylaw,Municipality does not levy Development Charges,,,—
Tarbutt,Single Tier,Algoma,No,No DC Bylaw,No DC Bylaw,Municipality does not levy Development Charges,,,
Tay,Lower Tier,Simcoe,Yes,Yes,Silent - Standard Agricultural,Standard agricultural/farm building exemption; likely does not cover worker housing but operative text is ambiguous,"Farm buildings are exempt from development charges. ""Farm building"" means the part of a farming operation or hobby farm operation that includes barns, stables, silos, and other ancillary developments related to an agricultural use, but does not include a dwelling unit.","By-laws 2024-04, 2024-05, 2024-06 (amended by 2024-67)",https://www.tay.ca/media/nkrowxmd/2025-tay-dc-pamphlet.pdf
Tay Valley,Lower Tier,Lanark,Yes,No,No Farm Exemption,Municipality has a DC bylaw but does not exempt farm buildings; worker housing would be subject to residential DCs,No explicit farm exemption confirmed. Previous bylaw had exemptions section. Specific agricultural exemption status requires review of Section 14 of By-law 2024-046.,By-law 2024-046,https://www.tayvalleytwp.ca/media/ar2jjxjo/2025-development-charges-pamphlet.pdf
Tecumseh,Lower Tier,Essex,Yes,Yes,Silent - Non-Residential Only,Standard 'non-residential farm building' exemption; worker housing contains residential occupancy and would not qualify,Non-residential farm buildings for bona fide farming uses exempt from development charges.,By-Law Number 2024-063,https://www.tecumseh.ca/media/dowfgxyz/by-law-2024-063-development-charges-by-law-axes.pdf
Tehkummah,Single Tier,Manitoulin,No,No DC Bylaw,No DC Bylaw,Municipality does not levy Development Charges,,,—
Temagami,Single Tier,Nipissing,No,No DC Bylaw,No DC Bylaw,Municipality does not levy Development Charges,,,—
Temiskaming Shores,Single Tier,Timiskaming,No,No DC Bylaw,No DC Bylaw,Municipality does not levy Development Charges,,,—
Terrace Bay,Single Tier,Thunder Bay,No,No DC Bylaw,No DC Bylaw,Municipality does not levy Development Charges,,,—
Thames Centre,Lower Tier,Middlesex,Yes,Yes,Silent - Standard Agricultural,Standard agricultural/farm building exemption; likely does not cover worker housing but operative text is ambiguous,2) Development Charges as per this by- law shall not apply to land that is owned by and used for the purposes of: a non- residential farm building constructed for bona fide farm uses;,By-law No. 17-2022,https://www.thamescentre.on.ca/media/q1nnxg2s/2026-thames-centre-development-charges-pamphlet.pdf
The Archipelago,Single Tier,Parry Sound,No,No DC Bylaw,No DC Bylaw,Municipality does not levy Development Charges,,,—
The Blue Mountains,Lower Tier,Grey,Yes,Yes,Silent - Dwelling Excluded,Agricultural use exemption explicitly excludes portions used as dwelling units; worker housing would not qualify,"Categories of Exempt Uses 20. The following categories of uses are hereby designated as being exempt from the payment of development charges: (3) land, buildings or structures for agricultural use which do not receive municipal sanitary sewer or water supply services; where “agricultural use” means lands, buildings, or structures, excluding any portion thereof used as a dwelling unit, used, designed or intended to be used for the purpose of a bona fide farming operation including, but not limite",By-law 2024-15,https://www.thebluemountains.ca/sites/default/files/2024-04/The%20Blue%20Mountains_Notice%20of%20DC%20By-Law%20Passage_18April2024.pdf
The Nation,Lower Tier,Prescott and Russell,Yes,Yes,Silent - Standard Agricultural,Standard agricultural/farm building exemption; likely does not cover worker housing but operative text is ambiguous,"4) Notwithstanding Section 3 of this By-law and in accordance with the statutory exemptions set out in the Act, Development Charges shall not be imposed with respect to: • Agricultural use buildings or structures. where ""agricultural use"" is not explicitly defined.",By-law 63-2023,https://www.nationmun.ca/media/file/63-2023-dev-chg-by-law
The North Shore,Single Tier,Algoma,No,No DC Bylaw,No DC Bylaw,Municipality does not levy Development Charges,,,—
The South Bruce Peninsula,Lower Tier,Bruce,Yes,No,No Farm Exemption,Municipality has a DC bylaw but does not exempt farm buildings; worker housing would be subject to residential DCs,,By-Law Number 30-2022,https://southbrucepeninsula.civicweb.net/filepro/documents/100224/?preview=101508
Thessalon,Single Tier,Algoma,No,No DC Bylaw,No DC Bylaw,Municipality does not levy Development Charges,,,—
Thornloe,Single Tier,Timiskaming,No,No DC Bylaw,No DC Bylaw,Municipality does not levy Development Charges,,,
Thorold,Lower Tier,Niagara,Yes,Yes,Silent - Residential Excluded,Farm/agricultural exemption excludes residential use; worker housing would not qualify,"Agricultural Uses 22. Agricultural uses as well as farm buildings and other ancillary development to an agricultural use excluding any residential, commercial or industrial uses shall be exempt from the provisions of this By-law.",By-law 41-2024,https://www.thorold.ca/media/vbbexxeu/by-law-41-2024-development-charges.pdf
Thunder Bay,Single Tier,Thunder Bay,No,No DC Bylaw,No DC Bylaw,Municipality does not levy Development Charges,,,—
Tillsonburg,Lower Tier,Oxford,Yes,Yes,Silent - Standard Agricultural,Standard agricultural/farm building exemption; likely does not cover worker housing but operative text is ambiguous,"3. Applicable Lands 3) This by-law shall not apply to: a) Farm Buildings as defined herein, ""Farm Building"" means a Building or structure associated with and located on land devoted to the practice of farming and that is used essentially for the housing of farm equipment or livestock or the production, storage or processing of agricultural and horticultural produce or feeds and as part of or in connection with a bona fide farming operation and excludes residential uses.",By-law No. 2024-067,https://www.tillsonburg.ca/media/wi0axjlq/nvjbekwl_development-charges-by-law-notice-of-passing-003.pdf
Timmins,Single Tier,Cochrane,No,No DC Bylaw,No DC Bylaw,Municipality does not levy Development Charges,,,—
Tiny,Lower Tier,Simcoe,Yes,Yes,Silent - Non-Residential Only,Standard 'non-residential farm building' exemption; worker housing contains residential occupancy and would not qualify,Non-residential farm buildings for bona fide farm uses exempt from development charges.,By-law 25-054,https://www.tiny.ca/building-tiny/getting-started/building-vacant-lot/development-charges
Toronto,Single Tier,Toronto,Yes,No,No Farm Exemption,Municipality has a DC bylaw but does not exempt farm buildings; worker housing would be subject to residential DCs,,By-law 1137-2022,https://www.toronto.ca/city-government/budget-finances/city-finance/development-charges/development-charges-bylaws-rates/
Trent Hills,Lower Tier,Northumberland,Yes,Yes,Silent - Standard Agricultural,Standard agricultural/farm building exemption; likely does not cover worker housing but operative text is ambiguous,Farm buildings are exempt from development charges.,"By-law Nos. 2024-023, 2024-024, 2024-025, 2024-026 (amended by 2024-109, 2024-110, 2024-111)",https://www.trenthills.ca/en/build-invest-grow/development-charges.aspx
Trent Lakes,Lower Tier,Peterborough,Yes,Yes,Silent - Standard Agricultural,Standard agricultural/farm building exemption; likely does not cover worker housing but operative text is ambiguous,"Categories of Exempt Uses 18. The following categories of uses are hereby designated as being exempt from the payment of development charges: e) the development of bon-residential farm buildings constructed for bona fide farm uses, which qualify as a farm business, being that which operates with a valid FBRM and is assessed in the FRTC",By-law No. B2019-041,https://www.trentlakes.ca/media/ewsjuc3e/development-charges-pamphlet.pdf
Tudor and Cashel,Lower Tier,Hastings,No,No DC Bylaw,No DC Bylaw,Municipality does not levy Development Charges,,,—
Tweed,Lower Tier,Hastings,No,No DC Bylaw,No DC Bylaw,Municipality does not levy Development Charges,,,
Tyendinaga,Lower Tier,Hastings,No,No DC Bylaw,No DC Bylaw,Municipality does not levy Development Charges,,,—
Uxbridge,Lower Tier,Durham,Yes,Yes,Silent - Residential Excluded,Farm/agricultural exemption excludes residential use; worker housing would not qualify,"Agricultural Uses 22. Agricultural uses as well as farm buildings and other ancillary development to an agricultural use excluding any residential, commercial or cannabis production facilities uses shall be exempt from the provisions of this By-law.",By-law No. 2024-055,https://www.uxbridge.ca/en/index.aspx
Val Rita-Harty,Single Tier,Cochrane,No,No DC Bylaw,No DC Bylaw,Municipality does not levy Development Charges,,,—
Vaughan,Lower Tier,York,Yes,Yes,Silent - Standard Agricultural,Standard agricultural/farm building exemption; likely does not cover worker housing but operative text is ambiguous,"Rules – Application, Exemptions and Exceptions (8) Notwithstanding any other provisions of this By-law, a building or structure shall be exempt from the payment of development charges provided that it is for (d) an agricultural use;",By-law 084-2024,https://www.vaughan.ca/business/development-charges/development-charge-rates-and-by-laws
Wainfleet,Lower Tier,Niagara,Yes,Yes,Silent - Non-Residential Only,Standard 'non-residential farm building' exemption; worker housing contains residential occupancy and would not qualify,"Exemptions 3.5 Notwithstanding the provisions of this by-law, development charges shall not be imposed with respect to: (b) bona fide farm (non-residential) buildings; where ""farm building"" means that part of a bona fide farming operation encompassing barns, silos and other ancillary development to an agricultural use. This excludes BL025-2021 2021 07 27 Page4 ) a residential use, marijuana production facilities, wholesale greenhouse facilities, value added production uses, and value added marke",By-law No. 025-2021,https://www.wainfleet.ca/sites/24/files/2024-06/BL025-2021-Signed.pdf
Warwick,Lower Tier,Lambton,Yes,Yes,Silent - Non-Residential Only,Standard 'non-residential farm building' exemption; worker housing contains residential occupancy and would not qualify,"3.10 Other Exemptions/Reductions Notwithstanding the provision of this By-law, development charges shall not be imposed with respect to: • Non-residential farm buildings. where “Farm building” means that part of a bona fide farming operation encompassing barns, silos, and other ancillary development to an agricultural use, but excluding a residential use and would include wholesale greenhouse facilities and structures;",By-law 75 of 2021,https://www.warwicktownship.ca/en/doing-business/resources/Documents/By-law-75-of-2021-Development-Charges.pdf
Wasaga Beach,Lower Tier,Simcoe,Yes,No,No Farm Exemption,Municipality has a DC bylaw but does not exempt farm buildings; worker housing would be subject to residential DCs,,BY-LAW NO. 2024-55,https://www.wasagabeach.com/en/doing-business/resources/Documents/BY-LAW-NO.-2024-55-Development-Charges.pdf
"Waterloo, C",Lower Tier,Waterloo,Yes,No,No Farm Exemption,Municipality has a DC bylaw but does not exempt farm buildings; worker housing would be subject to residential DCs,,BY-LAW NO. 2019-064,https://www.waterloo.ca/en/government/resources/Documents/By-law/Development-Charges-Bylaw-2019-064.pdf
"Waterloo, R",Upper Tier,Waterloo,Yes,Yes,Silent - Unclassified,Farm building exemption exists but wording does not clearly address worker housing,"Rules for the Application and Imposition of Development Charges: (4) This By-law does not apply to: (c) Development for any one or more of the following uses of land: (iii) Farming, excluding a Farm Occupation; where ""Farming"" means the production of crops or the breeding, raising or maintaining of livestock, or both, and includes but is not limited to: (a) fur farming; (b) fruit and vegetable growing; (c) the keeping of bees; (d) fish farming; and (e) sod farming, and includes such buildings an",By-Law Number 19-037,https://www.regionofwaterloo.ca/en/doing-business/resources/Developmet-Charges-By-law-July-9-2019.pdf
Wawa,Single Tier,Algoma,No,No DC Bylaw,No DC Bylaw,Municipality does not levy Development Charges,,,—
Welland,Lower Tier,Niagara,Yes,Yes,Silent - Standard Agricultural,Standard agricultural/farm building exemption; likely does not cover worker housing but operative text is ambiguous,"22. This By-law shall not apply to: m) Agricultural development where ""Agricultural Use"" means use or intended use for bona fide farming purposes: i. including but not limited to: 1. cultivation of crops, whether on open land or in greenhouses, including, but not limited, to fruit, vegetables, herbs, grains, field crops, sod, trees, shrubs, flowers and ornamental plants. 2. raising of animals, including, but not limited, to cattle, horses, pigs, poultry, livestock, fish, and 3. animal husbandry,",BY-LAW NUMBER 2024-110,https://www.welland.ca/en/doing-business/resources/Documents/BY-LAW-NUMBER-2024-110-Development-Charges.pdf
Wellesley,Lower Tier,Waterloo,Yes,Yes,Silent - Standard Agricultural,Standard agricultural/farm building exemption; likely does not cover worker housing but operative text is ambiguous,"3. APPLICATION OF DEVELOPMENT CHARGES 3.6 Subsection shall not apply to: d) an agricultural use; where ""agricultural use"" means the use of land and buildings for apiaries, fish farming, animal husbandry or the cultivation of trees, shrubs, flowers, grains, sod, fruits, vegetables and other crops or ornamental plants;",BY-LAW NO. 35/2024,https://www.wellesley.ca/en/doing-business/resources/Documents/BY-LAW-NO.-35-2024-Development-Charges.pdf
Wellington,Upper Tier,Wellington,No,Yes,No DC Bylaw,Municipality does not levy Development Charges,,By-law 5828-24,https://www.wellington.ca/en/doing-business/resources/Documents/By-law-5828-24-Development-Charges.pdf
Wellington North,Lower Tier,Wellington,Yes,Yes,Silent - Non-Residential Only,Standard 'non-residential farm building' exemption; worker housing contains residential occupancy and would not qualify,"No twithstanding the provision of this by-law, development charges shall not be imposed with respect to: a) Bona fide farm uses used for farming purposes and includes ancillary agricultural uses such as non-residential accessory buildings or structures, storage buildings or structures and driving sheds, but does not include buildings or structures used for residential purposes;",BY-LAW 055-2024,https://www.wellington-north.com/en/doing-business/resources/Documents/BY-LAW-055-2024-Development-Charges.pdf
West Elgin,Lower Tier,Elgin,No,Yes,No DC Bylaw,Municipality does not levy Development Charges,,BY-LAW 2024-35,https://www.westelgin.net/en/doing-business/resources/Documents/BY-LAW-2024-35-Development-Charges.pdf
West Grey,Lower Tier,Grey,Yes,Yes,Silent - Non-Residential Only,Standard 'non-residential farm building' exemption; worker housing contains residential occupancy and would not qualify,"Non-residential buildings accessory to agricultural operations exempt. Residential units accessory to ag uses also not charged. Ag use = apiaries, fish farming, animal husbandry, crop cultivation.",By-Law 52-2021,https://www.westgrey.com/en/doing-business/resources/Documents/By-Law-52-2021-Development-Charges.pdf
West Lincoln,Lower Tier,Niagara,Yes,Yes,Exempt - Farm Help Housing,Farm help house/quarters/accommodation explicitly included in exemption,"Non-residential farm buildings used for bona fide farming activities are exempt (barns, silos, implement/agricultural storage buildings, cultivation structures including greenhouses). Farm helphouses also exempt. Must have valid Farm Business Registration Number from OMAFRA. ""Agricultural use"" = bona fide farming purposes.",By-law 2024-55,https://www.westlincoln.ca/en/doing-business/resources/Documents/By-law-2024-55-Development-Charges.pdf
West Nipissing,Single Tier,Nipissing,No,No DC Bylaw,No DC Bylaw,Municipality does not levy Development Charges,,,—
West Perth,Lower Tier,Perth,Yes,Yes,Silent - Unclassified,Farm building exemption exists but wording does not clearly address worker housing,"no development charge for ""bona fide farm uses""",By-law 63-2019 (amended by 38-2024),https://www.westperth.com/media/exfpwliw/38-2024-amending-63-2019-dc-extension-by-law.pdf
Westport,Lower Tier,Leeds and Grenville,No,No DC Bylaw,No DC Bylaw,Municipality does not levy Development Charges,,,
Whitby,Lower Tier,Durham,Yes,Yes,Silent - Non-Residential Only,Standard 'non-residential farm building' exemption; worker housing contains residential occupancy and would not qualify,"Exemptions 12. (1) Notwithstanding the provisions of this by-law, development charges shall not be imposed under this by-law respecting: (a) the development of a non-residential farm building used for a bona fide farm use; where “bona fide farm use” means the proposed development will qualify as a farm business operating with a valid Farm Business Registration Number issued by the Ontario Ministry of Agriculture, Food and Rural Affairs and be assessed in the Farmland Realty Tax Class by the Muni",By-law Number 7748-21,https://www.whitby.ca/media-manager/media-pages/by-laws/development-charges-by-law/
Whitchurch-Stouffville,Lower Tier,York,Yes,Yes,Silent - Non-Residential Only,Standard 'non-residential farm building' exemption; worker housing contains residential occupancy and would not qualify,"3.9 Other Exemptions (a) The development of non-residential farm buildings constructed for an agricultural use. ""agricultural use"" means use or intended use for bona fide farming purposes: (a) including (but not limited to): (i) cultivation of crops, whether on open land or in greenhouses, including (but not limited to) fruit, vegetables, herbs, grains, field crops, sod, trees, shrubs, flowers, and ornamental plants; (ii) raising of animals, including (but not limited to) cattle, horses, pigs, p",By-law 2023-152-FI,https://townofws.ca/media/1g4db1qc/stouffville-development-charges-guide-november-21-2024.pdf
White River,Single Tier,Algoma,No,No DC Bylaw,No DC Bylaw,Municipality does not levy Development Charges,,,—
Whitestone,Single Tier,Parry Sound,No,No DC Bylaw,No DC Bylaw,Municipality does not levy Development Charges,,,
Whitewater Region,Lower Tier,Renfrew,Yes,Yes,Silent - Unclassified,Farm building exemption exists but wording does not clearly address worker housing,"3.10 Other Exemptions: Notwithstanding the provision of this by-law, development charges shall not be imposed with respect to: (b) bona fide farm uses and buildings, as defined by this By-law, are wholly exempted from the development charges imposed pursuant to this by-law. where “Bona fide farm uses” means the proposed development that will qualify as a farm business operating with a valid Farm Business Registration Number issued by the Ontario Ministry of Agriculture, Food and Rural Affairs an",By-law Number 21-05-1382,https://www.whitewaterregion.ca/services/planning/development-charges/
Wilmot,Lower Tier,Waterloo,Yes,Yes,Silent - Non-Residential Only,Standard 'non-residential farm building' exemption; worker housing contains residential occupancy and would not qualify,Non-residential farm buildings for bona fide farm uses exempt from development charges.,By-law 2019-42,https://www.wilmot.ca/media/njwdxq12/wilmot-dc-by-law-consolidated-version.pdf
Windsor,Single Tier,Essex,Yes,No,No Farm Exemption,Municipality has a DC bylaw but does not exempt farm buildings; worker housing would be subject to residential DCs,No explicit farm exemption found. Windsor is primarily urban with limited agricultural land.,By-law 1-2021,https://www.citywindsor.ca/business/planning/development-charges
Wollaston,Lower Tier,Hastings,No,No DC Bylaw,No DC Bylaw,Municipality does not levy Development Charges,,,—
Woodstock,Lower Tier,Oxford,Yes,Yes,Silent - Standard Agricultural,Standard agricultural/farm building exemption; likely does not cover worker housing but operative text is ambiguous,"OTHER EXEMPTIONS FROM DEVELOPMENT CHARGES 6. (1) Notwithstanding any other provision of this By-law, development charges shall not be imposed with respect to (d) farm buildings as defined herein; where “Farm Building” means a Building or structure associated with and located on land devoted to the practice of farming and that is used essentially for the housing of farm equipment or livestock, or the production, storage or processing of agricultural and horticultural produce or feeds, and as part",BY-LAW NUMBER 9538-22,https://www.cityofwoodstock.ca/en/resourcesGeneral/PDFs/Engineering/ReportsStudies/Development-Charges-Study/9538-22-A-by-law-to-establish-development-charges.pdf
Woolwich,Lower Tier,Waterloo,Yes,Yes,Silent - Non-Residential Only,Standard 'non-residential farm building' exemption; worker housing contains residential occupancy and would not qualify,"3.11 Other Exemptions: Notwithstanding the provision of this by-law development charges shall not be imposed with respect to c) The development of non-residential farm buildings constructed for bona-fide farm uses except for any building constructed to accommodate an On-Farm Business which shall be considered to be an industrial building. where “bona fide farm uses"" means the proposed development will qua lify as a farm business operating with a valid Farm Business Registration Number issued by ",By-law No. 39-2024,https://www.woolwich.ca/media/crykrumt/39-2024-a-by-law-for-the-imposition-of-development-charges.pdf
York,Upper Tier,York,Yes,Yes,Silent - Dwelling Excluded,Agricultural use exemption explicitly excludes portions used as dwelling units; worker housing would not qualify,"Exemptions 3.5.1 Notwithstanding the provisions of this bylaw, but subject to subsection 3.5.2, development charges shall not be imposed or may be deferred, on terms and conditions, satisfactory to the Region, with respect to: (g) agricultural uses; where “agricultural use” means lands, buildings or structures, excluding any portion thereof used as a dwelling unit, used or designed or intended for use for the purpose of a bona fide farming operation including, but not limited to, animal husbandr",By-law No. 2022-31 (as amended),https://www.york.ca/business/economic-and-development-services/land-development/development-charges
Zorra,Lower Tier,Oxford,Yes,Yes,Silent - Standard Agricultural,Standard agricultural/farm building exemption; likely does not cover worker housing but operative text is ambiguous,"3.0. Applicable Lands 3.3. This by-law shall not apply to: (a) Farm Buildings as defined herein; where “Farm Building” means a Building or structure associated with and located on land devoted to the practice of farming and that is used essentially for the housing of farm equipment or livestock or the production, storage or processing of agricultural and horticultural produce or feeds and as part of or in connection with a bona fide farming operation and includes barns, silos and other buildings",By-law 2024-30,https://www.zorra.ca/media/o2veejcw/fact-sheet-development-charges-2025-02-26.pdf
dawn,Lower Tier,Lennox and Addington,No,No DC Bylaw,No DC Bylaw,Municipality does not levy Development Charges,,,
