Municipality,County,Extraction Status,Source URL,NEW_bylaw_name,NEW_date_enacted,NEW_progress_label,NEW_has_lgd_definition,NEW_lgd_definition,NEW_has_herding_def,NEW_herding_definition,NEW_exempt_license_fees,NEW_collar_tag_req,NEW_barking_restrictions,NEW_exempt_barking,NEW_dog_limit,NEW_notes,OLD_bylaw_name,OLD_date_enacted,OLD_progress_label,OLD_has_lgd_definition,OLD_lgd_definition,OLD_has_herding_def,OLD_herding_definition,OLD_exempt_license_fees,OLD_collar_tag_req,OLD_barking_restrictions,OLD_exempt_barking,OLD_dog_limit,DB_bylaw_id
Armour,Parry Sound,SUCCESS,,BY-LAW #18-2023,2023-04-11,COMPLETE,No,,No,,No,The owner of a dog shall be furnished with a numbered dog tag and the said tag shall be kept securely fixed on the dog at all times and shall not use the dog tag upon a dog other than the one it was issued for.,Yes,No,No owner or owners living at the same address shall keep more than 4 dogs in any one household over the age of twelve (12) weeks.,Standard animal control bylaw with no farm-friendly LGD provisions.,BY-LAW #18-2023,2023-04-11,COMPLETE,No,,No,,No,The owner of a dog shall be furnished with a numbered dog tag and the said tag shall be kept securely fixed on the dog at all times and shall not use the dog tag upon a dog other than the one it was issued for.,Yes,No,No owner or owners living at the same address shall keep more than 4 dogs in any one household over the age of twelve (12) weeks.,95
Bluewater,Huron,SUCCESS,,By-law 34-2015,,COMPLETE - FARM FRIENDLY,Yes,"""Livestock Guardian Dog"" means a dog that works and/or lives with domestic farm animals (e.g. cattle, sheep, poultry) to protect them by repelling predators and is used exclusively for that purpose.",Yes,"""Herding Dog"" means a dog that has been trained and is actively being used in a bona fide farming operation for the purposes of controlling livestock on the farm.",No,"Except as provided herein, no person shall harbour a dog or dogs within the boundaries of the Municipality unless such dog has affixed to it a current dog tag issued under this by-law.",Yes,No,"No person shall keep more than three (3) dogs in any one dwelling unit within the Municipality. Notwithstanding Sections 4.1 and 4.2, more than three (3) dogs may be kept in a dwelling unit that is not a kennel licensed by the Municipality, provided that: the dwelling unit is not in an Urban area, the person is keeping livestock upon the same premises, the premises is on land that is zoned agricultural, the dogs are licensed annually in accordance with this by-law, and the dogs are livestock guardian dogs and or herding dogs.",Bylaw contains specific exemptions for livestock guardian dogs and herding dogs regarding dog limits on agricultural land.,By-law 34-2015,2015-03-16,COMPLETE - FARM FRIENDLY,Yes,"""Livestock Guardian Dog"" means a dog that works and/or lives with domestic farm animals (e.g. cattle, sheep, poultry) to protect them by repelling predators and is used exclusively for that purpose.",Yes,"""Herding Dog"" means a dog that has been trained and is actively being used in a bona fide farming operation for the purposes of controlling livestock on the farm.",No,"Except as provided herein, no person shall harbour a dog or dogs within the boundaries of the Municipality unless such dog has affixed to it a current dog tag issued under this by-law.",Yes,No,"No person shall keep more than three (3) dogs in any one dwelling unit within the Municipality. Notwithstanding Sections 4.1 and 4.2, more than three (3) dogs may be kept in a dwelling unit that is not a kennel licensed by the Municipality, provided that: the dwelling unit is not in an Urban area, the person is keeping livestock upon the same premises, the premises is on land that is zoned agricultural, the dogs are licensed annually in accordance with this by-law, and the dogs are livestock guardian dogs and or herding dogs.",235
Arnprior,Renfrew,SUCCESS,,By-law Number 5991-11,2011-07-11,COMPLETE,No,,No,,No,The owner of a dog or cat shall keep the tag securely affixed on the animal for which it was issued at all times.,Yes,No,"There shall be no more than two (2) dogs and (2) cats kept, possessed or harboured at any one household for a total of no more than four (4) animals.",Standard animal control bylaw with no farm-friendly LGD provisions.,By-law Number 5991-11,2011-07-11,COMPLETE,No,,No,,No,The owner of a dog or cat shall keep the tag securely affixed on the animal for which it was issued at all times.,Yes,No,"There shall be no more than two (2) dogs and (2) cats kept, possessed or harboured at any one household for a total of no more than four (4) animals.",109
Aylmer,Elgin,SUCCESS,,BY-LAW NO. 09-06,2006-02-27,COMPLETE,No,,No,,No,Shall procure a tag for such dog which tag shall be kept securely fixed on the dog until a tag is procured for the following year.,No,N/A,"No land, building or structure in the Town of Aylmer shall be used for the keeping of more than three dogs, three cats or three of any other permitted animal, except in an animal clinic or retail store selling cats or dogs, or a legally licensed and registered Kennel.",Section 31(b) allows dogs in an Agricultural Zone to be kept from leaving property by 'any reasonable means' rather than strictly enclosed. No specific LGD definitions.,BY-LAW NO. 09-06,2006-02-27,COMPLETE,No,,No,,No,Shall procure a tag for such dog which tag shall be kept securely fixed on the dog until a tag is procured for the following year.,No,No,"No land, building or structure in the Town of Aylmer shall be used for the keeping of more than three dogs, three cats or three of any other permitted animal, except in an animal clinic or retail store selling cats or dogs, or a legally licensed and registered Kennel.",158
Bradford West Gwillimbury,Simcoe,SUCCESS,,Animal Control By-law 2019-109,,COMPLETE,No,,No,,No,Ensure that the dog wears the current license issued for the dog at all times while off the owner's property.,Yes,No,"Maximum of 3 dogs in any dwelling unit, except where they are kept in a lawful kennel.",BYLAW NOT FOUND AT ORIGINAL URL. Extracted text from the Town's official website listing By-law 2019-109. No agricultural or working dog exemptions were found. URL found: https://www.townofbwg.com/en/town-hall/animal-control-by-law.aspx,Animal Control By-law 2019-109,2019-12-17,COMPLETE,No,,No,,No,Ensure that the dog wears the current license issued for the dog at all times while off the owner's property.,Yes,No,"Maximum of 3 dogs in any dwelling unit, except where they are kept in a lawful kennel.",263
Brighton,Northumberland,SUCCESS,,By-Law No. 052-2020,2020-06-01,COMPLETE,No,,No,,No,"When a dog is off the property of its owner, the owner shall ensure that the dog is fitted with a collar appropriate to the size of the dog, to which shall be attached the current licence tag issued by the Municipality of Brighton for that dog.",Yes,No,"No person or group of persons shall own, keep, harbour or possess more than 3 dogs at one time on property owned, rented, leased or controlled by them unless the appropriate class of kennel permit has been lawfully issued for the property.",Standard animal control bylaw with no farm-friendly LGD provisions.,By-Law No. 052-2020,2020-06-01,COMPLETE,No,,No,,No,"When a dog is off the property of its owner, the owner shall ensure that the dog is fitted with a collar appropriate to the size of the dog, to which shall be attached the current licence tag issued by the Municipality of Brighton for that dog.",Yes,No,"No person or group of persons shall own, keep, harbour or possess more than 3 dogs at one time on property owned, rented, leased or controlled by them unless the appropriate class of kennel permit has been lawfully issued for the property.",298
Barrie,Simcoe,SUCCESS,,By-law 2010-035,,COMPLETE,No,,No,,No,Every owner shall affix to his dog a valid tag issued by the City in accordance with this by-law and shall keep such tag affixed on the dog at all times when the dog is not on the owner's property.,Yes,No,"No owner shall have more than three (3) dogs in any residential dwelling unit or any structure used for commercial, industrial or institutional purposes within the City.","BYLAW NOT FOUND AT ORIGINAL URL. Found at https://www.barrie.ca/Animal-Control-Bylaw.pdf. Standard urban bylaw. The definition of 'Animal' broadly includes 'an animal kept as a working animal', but there are no specific definitions or exemptions for Livestock Guardian Dogs or Herding Dogs.",By-law 2010-035,2010-02-22,COMPLETE,No,,No,,No,Every owner shall affix to his dog a valid tag issued by the City in accordance with this by-law and shall keep such tag affixed on the dog at all times when the dog is not on the owner's property.,Yes,No,"No owner shall have more than three (3) dogs in any residential dwelling unit or any structure used for commercial, industrial or institutional purposes within the City.",179
Brooke-Alvinston,Lambton,SUCCESS,,By-law Number 5 of 2017,2017-01-26,COMPLETE - FARM FRIENDLY,No,,Yes,"""Herding Dog"" means a dog that has been trained and is actively being used in a bon fide farming operation for the purposes of controlling livestock on the farm",No,The owner shall securely fix the dog tag on the dog and shall keep such tag securely fixed on the dog at all times until the tag is renewed or replaced.,Yes,Yes,"No owner shall keep in or upon any lands or premises within the Municipality of Brooke-Alvinston, irrespective of the number of owners, more than two (2) dogs/household unless in a licensed kennel.",Section 8.1 explicitly exempts livestock guardian dogs from barking restrictions if actively engaged in guarding livestock against predators.,By-law Number 5 of 2017,2017-01-26,COMPLETE - FARM FRIENDLY,No,,Yes,"""Herding Dog"" means a dog that has been trained and is actively being used in a bon fide farming operation for the purposes of controlling livestock on the farm",No,The owner shall securely fix the dog tag on the dog and shall keep such tag securely fixed on the dog at all times until the tag is renewed or replaced.,Yes,Yes,"No owner shall keep in or upon any lands or premises within the Municipality of Brooke-Alvinston, irrespective of the number of owners, more than two (2) dogs/household unless in a licensed kennel.",326
Brantford,Brant,SUCCESS,,Chapter 206 DOGS,,COMPLETE - FARM FRIENDLY,No,,No,,No,Tag issued upon fee paid; must be kept affixed to the dog.,Yes,No,"Maximum of 3 dogs per location, with exceptions for animal hospitals, pounds, zoos, parks.","BYLAW NOT FOUND AT ORIGINAL URL. Working URL: https://www.brantford.ca/en/transportation/resources/Documents/Bylaw-Animal-Control.pdf. While there is no LGD definition, the bylaw is farm-friendly as it provides explicit exemptions for 'farmland' (206.7.9) and 'agricultural land' (206.7.10) concerning dogs running at large.",Chapter 206 DOGS,2018-02-27,COMPLETE - FARM FRIENDLY,No,,No,,No,Tag issued upon fee paid; must be kept affixed to the dog.,Yes,No,"Maximum of 3 dogs per location, with exceptions for animal hospitals, pounds, zoos, parks.",284
Central Huron,Huron,SUCCESS,,BY-LAW 16-2012,2012-01-09,COMPLETE - FARM FRIENDLY,No,,Yes,"""Herding Dog"" means a dog that has been trained and is actively being used in a bona fide farming operation for the purposes of controlling livestock on the farm",No,No person shall harbour a dog or dogs within the boundaries of the Municipality of Central Huron unless such dog has affixed to it a current dog tag issued under this By-law,Yes,No,"The total number of cats and dogs shall not exceed five (5) within urban areas... with a maximum number of two (2) dogs harboured at any one time in a dwelling unit. No more than three (3) dogs shall be harboured, at any time, in a dwelling unit located within rural areas... In a rural area, a person may harbour more than three (3) dogs at a premise without a kennel license, provided all the following conditions are met: The person is keeping livestock upon the same premises, and; The premises are on land that is zoned agricultural, and; The dogs are licensed annually in accordance with this by-law, and; The dogs are livestock guardian dogs and/or herding dogs.",Farm-friendly exemptions allow exceeding the 3-dog limit in rural areas for livestock guardian and herding dogs on agricultural land with livestock.,BY-LAW 16-2012,2012-01-09,COMPLETE - FARM FRIENDLY,No,,Yes,"""Herding Dog"" means a dog that has been trained and is actively being used in a bona fide farming operation for the purposes of controlling livestock on the farm",No,No person shall harbour a dog or dogs within the boundaries of the Municipality of Central Huron unless such dog has affixed to it a current dog tag issued under this By-law,Yes,No,"The total number of cats and dogs shall not exceed five (5) within urban areas... with a maximum number of two (2) dogs harboured at any one time in a dwelling unit. No more than three (3) dogs shall be harboured, at any time, in a dwelling unit located within rural areas... In a rural area, a person may harbour more than three (3) dogs at a premise without a kennel license, provided all the following conditions are met: The person is keeping livestock upon the same premises, and; The premises are on land that is zoned agricultural, and; The dogs are licensed annually in accordance with this by-law, and; The dogs are livestock guardian dogs and/or herding dogs.",508
Brampton,Peel,SUCCESS,,Animal Services By-law 201-2023,2023-11-22,COMPLETE - FARM FRIENDLY,Yes,"""Livestock Guardian Dog"" is a Dog that works and/or lives with domestic farm Animals, including but not limited to sheep, cattle, and poultry, to protect them while repelling predators and is used exclusively for that purpose;",Yes,"""Herding Dog"" means a Dog that has been trained and is actively being used in a bona fide farming operation for the purposes of controlling livestock on the farm;",No,"Keep the tag issued by the City securely fixed on the Dog or Cat collar at all times. The Tag may be removed while a Dog is being lawfully used for hunting in the bush or in the case of a Livestock Guardian Dog or Herding Dog, while the Dog is being actively used in farming practices, provided that the Dog is identified by a microchip.",No,N/A,"No Person shall Keep or permit to be Kept more than a cumulative total of six (6) Cats and Dogs older than 3 months (12 weeks) of age on any Premises in the City, of which there may only be a maximum of three (3) Dogs.",Contains specific definitions for Livestock Guardian Dog and Herding Dog. Exempts these dogs from wearing a collar/tag while actively working if they are microchipped and registered.,Animal Services By-law 201-2023,2023-11-22,COMPLETE - FARM FRIENDLY,Yes,"""Livestock Guardian Dog"" is a Dog that works and/or lives with domestic farm Animals, including but not limited to sheep, cattle, and poultry, to protect them while repelling predators and is used exclusively for that purpose;",Yes,"""Herding Dog"" means a Dog that has been trained and is actively being used in a bona fide farming operation for the purposes of controlling livestock on the farm;",No,"Keep the tag issued by the City securely fixed on the Dog or Cat collar at all times. The Tag may be removed while a Dog is being lawfully used for hunting in the bush or in the case of a Livestock Guardian Dog or Herding Dog, while the Dog is being actively used in farming practices, provided that the Dog is identified by a microchip.",No,N/A,"No Person shall Keep or permit to be Kept more than a cumulative total of six (6) Cats and Dogs older than 3 months (12 weeks) of age on any Premises in the City, of which there may only be a maximum of three (3) Dogs.",270
Centre Hastings,Hastings,SUCCESS,,By-Law 2022-04,2022-01-19,COMPLETE - FARM FRIENDLY,Yes,"""Livestock Guardian Dog"" means a dog that works and/or lives with domestic farm animals (i.e., cattle, sheep, goats) to protect them while aggressively repelling predators and is used exclusively for that purpose.",No,,No,"Every tag that is issued shall be kept securely fixed on the dog at all times when the dog is in a place other than the dwelling of its owner. The owner of a licenced Livestock Guardian Dog may remove the tag from a Livestock Guardian Dog's collar while the dog is being actively used for Livestock protection to repel predators, provided that the owner provides for alternative means of identification.",No,N/A,"No person shall keep, or cause to be kept, more than three (3) dogs, three (3) cats or a total of six (6) individual animals, except: ... (5) where the keeping of animals is on lands zoned and used for agricultural, agricultural support or agriculturally related purposes.",Defines Livestock Guardian Dog. Includes agricultural exemptions to dog limits and collar/tag requirements while actively working.,By-Law 2022-04,2022-01-19,COMPLETE - FARM FRIENDLY,Yes,"""Livestock Guardian Dog"" means a dog that works and/or lives with domestic farm animals (i.e., cattle, sheep, goats) to protect them while aggressively repelling predators and is used exclusively for that purpose.",No,,No,"Every tag that is issued shall be kept securely fixed on the dog at all times when the dog is in a place other than the dwelling of its owner. The owner of a licenced Livestock Guardian Dog may remove the tag from a Livestock Guardian Dog's collar while the dog is being actively used for Livestock protection to repel predators, provided that the owner provides for alternative means of identification.",No,N/A,"No person shall keep, or cause to be kept, more than three (3) dogs, three (3) cats or a total of six (6) individual animals, except: ... (5) where the keeping of animals is on lands zoned and used for agricultural, agricultural support or agriculturally related purposes.",522
Clearview,Simcoe,SUCCESS,,By-law 21-84,2021-08-23,COMPLETE - FARM FRIENDLY,No,,No,,No,Securely affix on the collar of the dog the tag issued by the Township or its representative.,Yes,No,"The maximum number of dogs shall be two (2) per property in a settlement area within the Township. A maximum number of four (4) dogs per property are permitted outside of the settlement area boundaries, unless the landowner possesses a valid Kennel License.","BYLAW NOT FOUND AT ORIGINAL URL. Found via web search (https://www.clearview.ca/media/50342). Farm-friendly limit structure: Allows up to 4 dogs outside of settlement areas (rural/agricultural properties) compared to 2 dogs in settlement areas, though no explicit definition for working dogs exists.",By-law 21-84,2021-08-23,COMPLETE - FARM FRIENDLY,No,,No,,No,Securely affix on the collar of the dog the tag issued by the Township or its representative.,Yes,No,"The maximum number of dogs shall be two (2) per property in a settlement area within the Township. A maximum number of four (4) dogs per property are permitted outside of the settlement area boundaries, unless the landowner possesses a valid Kennel License.",599
Clarington,Durham,SUCCESS,,By-Law 2013-024,2013-03-25,COMPLETE - FARM FRIENDLY,No,,No,,No,A pet owner shall ensure that the identification tag issued by the Municipality is kept securely affixed to its pet at all times.,Yes,No,"No person shall keep more than 3 dogs on a property without a permit. Section 3.20 shall not apply to any owner who keeps on property in an Agricultural Zone, ... (d) farming dogs provided the farming dog owner provides proof acceptable to the Municipal Clerk that the dogs are required as part of animal husbandry.",Agricultural exemptions to the dog limit are permitted for farming dogs required as part of animal husbandry on properties zoned Agricultural.,By-Law 2013-024,2013-03-25,COMPLETE - FARM FRIENDLY,No,,No,,No,A pet owner shall ensure that the identification tag issued by the Municipality is kept securely affixed to its pet at all times.,Yes,No,"No person shall keep more than 3 dogs on a property without a permit. Section 3.20 shall not apply to any owner who keeps on property in an Agricultural Zone, ... (d) farming dogs provided the farming dog owner provides proof acceptable to the Municipal Clerk that the dogs are required as part of animal husbandry.",592
Central Manitoulin,Manitoulin,SUCCESS,,By-law #2022-12,2022-12-15,COMPLETE - FARM FRIENDLY,Yes,"""Livestock guardian dog"" means a dog that (a) is identifiably of a breed this is generally recognized as suitable for the purposes of protection of livestock from predation, and (b) lives with a flock or herd of livestock;",No,,No,"The owner shall keep the dog tag securely fixed on the dog at all times until the tag is renewed or replaced, but the tag may be removed while the dog is within the premises of the owner.",Yes,No,In all areas of the Municipality having a lot area of less than 0.4 ha (1 acre) the maximum number of dogs permitted per household shall be two (2). In all areas of the Municipality having a lot area of equal to or more than 0.4 ha (1 acre) the maximum number of dog permitted per household shall be (3).,Defines Livestock guardian dog. Exempts LGDs from outdoor shelter requirements if they have ready access to a structurally sound building used to house livestock.,By-law #2022-12,2022-12-15,COMPLETE - FARM FRIENDLY,Yes,"""Livestock guardian dog"" means a dog that (a) is identifiably of a breed this is generally recognized as suitable for the purposes of protection of livestock from predation, and (b) lives with a flock or herd of livestock;",No,,No,"The owner shall keep the dog tag securely fixed on the dog at all times until the tag is renewed or replaced, but the tag may be removed while the dog is within the premises of the owner.",Yes,No,In all areas of the Municipality having a lot area of less than 0.4 ha (1 acre) the maximum number of dogs permitted per household shall be two (2). In all areas of the Municipality having a lot area of equal to or more than 0.4 ha (1 acre) the maximum number of dog permitted per household shall be (3).,515
Caledon,Peel,SUCCESS,,By-law Number 2019-43,,COMPLETE - FARM FRIENDLY,No,,No,,N/A,A pet ID tag and/or microchip with contact information is required.,Yes,No,No owner shall keep or permit to be kept in excess of 3 dogs on a lot.,"BYLAW NOT FOUND AT ORIGINAL URL. Found working URL (https://www.caledon.ca/en/government/resources/Documents/council-town-administration/Animal-Control-By-law.pdf). The by-law explicitly exempts animals 'kept and managed in accordance with a normal farm practice' (Section 3.19) from the by-law provisions, making it farm friendly.",By-law Number 2019-43,2019-06-25,COMPLETE - FARM FRIENDLY,No,,No,,No,A pet ID tag and/or microchip with contact information is required.,Yes,No,No owner shall keep or permit to be kept in excess of 3 dogs on a lot.,375
Cochrane,Cochrane,SUCCESS,,By-law Number 124-2001,2001-05-14,COMPLETE - FARM FRIENDLY,No,,No,,No,Every owner shall affix to his or her dog the licence tag issued... and shall keep such tag affixed on the dog at all times.,Yes,No,No person shall keep more than a total of two dogs in any Urban Area within the Town of Cochrane (Exemptions for licensed kennels). No maximum limit applies to Rural Areas.,"BYLAW NOT FOUND AT ORIGINAL URL. Located 'Pet Owners Bylaw' at https://cochraneontario.com/documents/89/services/01I7KMSPTCECSHZZ7OX5BK3SWEAA6PMRQQ/Pet%20Owners%20Bylaw.pdf. Farm-friendly approach to dog limits: the 2-dog maximum applies strictly to Urban Areas, leaving Rural Areas without a cap (though annual licenses for 'multiple dogs in Rural Areas' are still required).",By-law Number 124-2001,2001-05-14,COMPLETE - FARM FRIENDLY,No,,No,,No,Every owner shall affix to his or her dog the licence tag issued... and shall keep such tag affixed on the dog at all times.,Yes,No,No person shall keep more than a total of two dogs in any Urban Area within the Town of Cochrane (Exemptions for licensed kennels). No maximum limit applies to Rural Areas.,620
Armstrong,Timiskaming,SUCCESS,,BY-LAW NO. 2022-47,2023-01-11,COMPLETE - FARM FRIENDLY,Yes,"""Livestock Guardian Dog"" means a dog that works and/or lives with domestic farm animals (e.g., cattle, sheep, poultry) to protect them while repelling predators and is used exclusively for that purpose.",Yes,"""Herding Dog"" means a dog that has been trained and is actively being used in a bona fide farming operation for the purposed of controlling livestock on the farm.",Yes,"Every owner of a dog... shall keep the tag securely fixed... an owner need not keep the tag on his or her dog... if the dog is a Livestock Guardian Dog or a Herding Dog and the dog is being actively used in farming practices, and has been tattooed or implanted with a microchip.",Yes,Yes,"4 dogs and 6 cats for zoned rural and agricultural. All other zones: Two (2) dogs... Notwithstanding Section 4.2.1 this requirement shall not apply to owners of Livestock Guardian Dogs, Herding Dogs... while such dogs... are kept in an area which is zoned 'agricultural/rural' pursuant to the Zoning By-Law and said dogs are kept for agricultural uses in accordance with their defined function.","Highly farm-friendly bylaw. Includes fee exemptions for LGDs and herding dogs, exempts them from barking restrictions, dog limits, and collar/tag requirements while actively engaged.",BY-LAW NO. 2022-47,2023-01-11,COMPLETE - FARM FRIENDLY,Yes,"""Livestock Guardian Dog"" means a dog that works and/or lives with domestic farm animals (e.g., cattle, sheep, poultry) to protect them while repelling predators and is used exclusively for that purpose.",Yes,"""Herding Dog"" means a dog that has been trained and is actively being used in a bona fide farming operation for the purposed of controlling livestock on the farm.",Yes,"Every owner of a dog... shall keep the tag securely fixed... an owner need not keep the tag on his or her dog... if the dog is a Livestock Guardian Dog or a Herding Dog and the dog is being actively used in farming practices, and has been tattooed or implanted with a microchip.",Yes,Yes,"4 dogs and 6 cats for zoned rural and agricultural. All other zones: Two (2) dogs... Notwithstanding Section 4.2.1 this requirement shall not apply to owners of Livestock Guardian Dogs, Herding Dogs... while such dogs... are kept in an area which is zoned 'agricultural/rural' pursuant to the Zoning By-Law and said dogs are kept for agricultural uses in accordance with their defined function.",102
Enniskillen,Lambton,SUCCESS,,BL 24 of 2011,,COMPLETE,No,,No,,No,Failure to display a dog tag is an offence subject to fine.,Yes,No,The total number of dogs owned by all of the persons comprising any one household within the limits of the municipality shall be restricted to three (3)... The restriction in numbers of dogs shall not apply to any licensed Dog Kennel within the Township.,Standard animal control bylaw with no specific farm-friendly LGD provisions mentioned.,BL 24 of 2011,,COMPLETE,No,,No,,No,Failure to display a dog tag is an offence subject to fine.,Yes,No,The total number of dogs owned by all of the persons comprising any one household within the limits of the municipality shall be restricted to three (3)... The restriction in numbers of dogs shall not apply to any licensed Dog Kennel within the Township.,844
Drummond-North Elmsley,Lanark,SUCCESS,,By-Law 2019-024,,COMPLETE,No,,No,,Yes,"DOG TAG - shall mean a personal tag provided by the owner with identifying information i.e., name, telephone number.",Yes,No,"Not explicitly restricted for general households, though keeping more than 5 dogs constitutes a Kennel.","BYLAW NOT FOUND AT ORIGINAL URL. Re-searched and located By-Law No. 2019-024 on the Township's website. The municipality eliminated municipal dog licensing fees and tags, requiring owners to self-tag instead. No specific livestock guardian dog definitions or exemptions exist.",By-Law 2019-024,2019-04-23,COMPLETE,No,,No,,Yes,"DOG TAG - shall mean a personal tag provided by the owner with identifying information i.e., name, telephone number.",Yes,No,"Not explicitly restricted for general households, though keeping more than 5 dogs constitutes a Kennel.",711
Cobalt,Timiskaming,SUCCESS,,BY-LAW NO. 2013-037,,COMPLETE - FARM FRIENDLY,Yes,,Yes,,N/A,Unknown,Yes,N/A,Unknown,"The bylaw index lists sections specifically defining 'Livestock Guardian Dog' (2.31) and 'Herding Dog' (2.25), but the exact text is not accessible.",BY-LAW NO. 2013-037,2013-11-26,COMPLETE - FARM FRIENDLY,Yes,"a dog that works and/or lives with domestic farm animals (e.g. cattle, sheep, poultry) to protect them while repelling predators and is used exclusively for that purpose.",Yes,a dog that has been trained and is actively being used in a bona fide farming operation for the purposed of controlling livestock on the farm.,Yes,Unknown,Yes,Yes,Unknown,606
Essa,Simcoe,SUCCESS,,BY-LAW NO. 2006-18,,COMPLETE - FARM FRIENDLY,Yes,"""Livestock Guardian Dog"" (LGD) means a dog that is specifically trained to work or live with domestic animals (e.g. cattle, sheep, poultry) without causing harm while aggressively repelling predators and is used exclusively for that purpose.",Yes,"""Herding dog"" means a dog that has been trained to and actively assists its owner(s) with herding in a bona fide farming operation for the purposes of controlling livestock on the farm.",No,"This By-law shall exempt livestock guardian and herding dog(s) that are being used in active farming practices from the requirement for the dog(s) to wear a collar and tag, provided that the owner uses an alternative means of identification such as microchipping.",Yes,Unknown,"No one person shall, nor shall any one household own, possess, harbour, board, or license more than three dogs unless the person or household holds a valid kennel license pursuant to the Township's most current Business Licensing By-law.",Includes clear definitions and an explicit exemption from collar/tag requirements for LGDs and herding dogs on active farms.,BY-LAW NO. 2006-18,2006-03-15,COMPLETE - FARM FRIENDLY,Yes,"""Livestock Guardian Dog"" (LGD) means a dog that is specifically trained to work or live with domestic animals (e.g. cattle, sheep, poultry) without causing harm while aggressively repelling predators and is used exclusively for that purpose.",Yes,"""Herding dog"" means a dog that has been trained to and actively assists its owner(s) with herding in a bona fide farming operation for the purposes of controlling livestock on the farm.",No,"This By-law shall exempt livestock guardian and herding dog(s) that are being used in active farming practices from the requirement for the dog(s) to wear a collar and tag, provided that the owner uses an alternative means of identification such as microchipping.",Yes,Unknown,"No one person shall, nor shall any one household own, possess, harbour, board, or license more than three dogs unless the person or household holds a valid kennel license pursuant to the Township's most current Business Licensing By-law.",865
Grey Highlands,Grey,SUCCESS,,Consolidated By-law No. 2021-071,,COMPLETE - FARM FRIENDLY,No,,No,,No,Every person shall license a dog within 1 week after the dog comes into their care or possession and affix the tag.,Yes,Yes,No person shall keep or permit to be kept more than 3 dogs within or about any dwelling unit in the Municipality of Grey Highlands... with exception to a licensed kennel.,"BYLAW NOT FOUND AT ORIGINAL URL. Found the Consolidated Canine Control By-law No. 2021-071. While the Canine Control By-law lacks LGD definitions, the municipality's Noise Control By-law (2018-063) specifically exempts barking noises from 'an animal used for, and located on, the property of an agriculture, livestock based use', which is very farm friendly.",Consolidated By-law No. 2021-071,2021-07-21,COMPLETE - FARM FRIENDLY,No,,No,,No,Every person shall license a dog within 1 week after the dog comes into their care or possession and affix the tag.,Yes,Yes,No person shall keep or permit to be kept more than 3 dogs within or about any dwelling unit in the Municipality of Grey Highlands... with exception to a licensed kennel.,1054
Gravenhurst,Muskoka,SUCCESS,,By-Law 2018-26,,COMPLETE - FARM FRIENDLY,Yes,"“Livestock Guardian Dog” means a dog that is specifically trained to work and live with domestic farm animals ( i. e. cattle, sheep) without causing them harm while aggressively repelling predators and is used exclusively for that purpose, and includes the following breeds; Akbash, Great Pyrenees, Komondor, and Maremma.",Yes,“Farm Working Dog” means a dog that is specifically trained to and actively assists its owner(s) with the herding of livestock and where the owner(s) can demonstrate that they are an active livestock farmer...,No,"Every owner of a dog, until ceasing to be the owner of the dog, shall obtain a licence.",Yes,No,There is a three (3) dog limit in each household on all properties within the Town. Any household exceeding three (3) dogs must apply for a Kennel License.,BYLAW NOT FOUND AT ORIGINAL URL. Found By-law 2018-26 via web search. Highly farm-friendly by-law that explicitly defines both 'Livestock Guardian Dog' and 'Farm Working Dog' and includes them as mitigating factors in dangerous dog/biting assessments.,By-Law 2018-26,2018-03-20,COMPLETE - FARM FRIENDLY,Yes,"“Livestock Guardian Dog” means a dog that is specifically trained to work and live with domestic farm animals ( i. e. cattle, sheep) without causing them harm while aggressively repelling predators and is used exclusively for that purpose, and includes the following breeds; Akbash, Great Pyrenees, Komondor, and Maremma.",Yes,“Farm Working Dog” means a dog that is specifically trained to and actively assists its owner(s) with the herding of livestock and where the owner(s) can demonstrate that they are an active livestock farmer...,No,"Every owner of a dog, until ceasing to be the owner of the dog, shall obtain a licence.",Yes,No,There is a three (3) dog limit in each household on all properties within the Town. Any household exceeding three (3) dogs must apply for a Kennel License.,1019
Greater Napanee,Lennox and Addington,SUCCESS,,By-law No. 2024-0055,2024-01-01,COMPLETE - FARM FRIENDLY,Yes,"""Working Farm Dogs"" include dogs that are used for herding or guarding livestock on a farm.",No,,No,"Ensure that the Dog identification tag, issued as part of the registration, is displayed on the Dog's collar, and that the said collar is always affixed to the Dog.",Yes,Unknown,Unknown,"Classifies both livestock guardian dogs and herding dogs together under the definition of ""Working Farm Dogs"".",By-law No. 2024-0055,2024-01-01,COMPLETE - FARM FRIENDLY,Yes,"""Working Farm Dogs"" include dogs that are used for herding or guarding livestock on a farm.",No,,No,"Ensure that the Dog identification tag, issued as part of the registration, is displayed on the Dog's collar, and that the said collar is always affixed to the Dog.",Yes,Unknown,Unknown,1033
Halton Hills,Halton,SUCCESS,,By-law No. 94-077,,COMPLETE - FARM FRIENDLY,Yes,"“Livestock Guardian Animal” means an animal that works and/or lives with domestic farm animals (eg. Cattle, sheep, poultry) to protect them while repelling predators and is used exclusively for that purpose.",Yes,“Herding Dog” means a dog that has been trained to and is actively being used in a bona fide farming operation for the purposes of controlling livestock on the farm,Yes,The Owner shall keep the tag securely fixed on the dog for which it was issued at all times (except while lawfully hunting in the bush).,Yes,No,No person shall keep more than three (3) dogs at one location.,"BYLAW NOT FOUND AT ORIGINAL URL. Retrieved the text of the Responsible Pet Owners By-law 94-077 via web search. Very farm friendly. By-law 94-077 was amended (2022-0056) to explicitly define 'Livestock Guardian Animal' and 'Herding Dog', and entirely exempts them from municipal licensing fees.",By-law No. 94-077,1994-06-13,COMPLETE - FARM FRIENDLY,Yes,"“Livestock Guardian Animal” means an animal that works and/or lives with domestic farm animals (eg. Cattle, sheep, poultry) to protect them while repelling predators and is used exclusively for that purpose.",Yes,“Herding Dog” means a dog that has been trained to and is actively being used in a bona fide farming operation for the purposes of controlling livestock on the farm,Yes,The Owner shall keep the tag securely fixed on the dog for which it was issued at all times (except while lawfully hunting in the bush).,Yes,No,No person shall keep more than three (3) dogs at one location.,1103
Guelph-Eramosa,Wellington,SUCCESS,,By-law Number 080-2016,2016-12-05,COMPLETE,No,,No,,No,No person shall within the Township own any dog without having obtained a license and dog tag for the dog from the Township.,Yes,No,"A maximum of 3 (three) dogs may be owned, harboured or kept within or about any dwelling or building within the Township of Guelph/Eramosa.",Standard animal control bylaw with no farm-friendly LGD provisions.,By-law Number 080-2016,2016-12-05,COMPLETE,No,,No,,No,No person shall within the Township own any dog without having obtained a license and dog tag for the dog from the Township.,Yes,No,"A maximum of 3 (three) dogs may be owned, harboured or kept within or about any dwelling or building within the Township of Guelph/Eramosa.",1082
Fort Erie,Niagara,SUCCESS,,By-law No. 73-2021,2021-05-31,COMPLETE - FARM FRIENDLY,No,,No,,No,Identification tag corresponding to the licence issued for dog or cat must be attached to the dog or cat at all times.,Yes,Yes,"No person shall own, possess or harbour in any one (1) household or on any premises more than three (3) dogs. Exception provided for properties with a minimum of three (3) acres of land.","BYLAW NOT FOUND AT ORIGINAL URL. Found Animal By-law No. 73-2021 and its amendment By-law 98-2021 via web search. It is farm-friendly because it grants an acreage-based exemption to the 3-dog limit for properties of at least 3 acres. The town's Noise and Nuisance By-law (83-2023) is also farm friendly, explicitly exempting persistent animal barking/howling from enforcement if it is a 'normal farm practice carried on by an agricultural operation'.",By-law No. 73-2021,2021-05-31,COMPLETE - FARM FRIENDLY,No,,No,,No,Identification tag corresponding to the licence issued for dog or cat must be attached to the dog or cat at all times.,Yes,Yes,"No person shall own, possess or harbour in any one (1) household or on any premises more than three (3) dogs. Exception provided for properties with a minimum of three (3) acres of land.",907
Innisfil,Simcoe,SUCCESS,,By-Law 069-22,2022-06-22,COMPLETE - FARM FRIENDLY,Yes,Livestock Guardian Dogs are explicitly listed as an exemption class under Section 1.12.4 (Amended by By-Law 105-22).,Yes,"HERDING DOG means a Dog that has been trained and is actively being used in a bona fide farming operation for the purposes of guarding, control or protection of Livestock on a farm.",No,Every License issued under this By-Law shall expire at 12:00 midnight one year from the day on which the License was issued.,Yes,No,"No Person shall own, control, possess, board or harbor more than two (2) Dogs on any property. Exemption: A bona fide farmer to a maximum of six (6) Herding Dogs and Livestock Guardian Dogs on an operating farm property.","BYLAW NOT FOUND AT ORIGINAL URL. Found Consolidated Animal Control By-Law 069-22 on the Town's website. Highly farm-friendly. The bylaw was amended in 2022 (By-law 105-22) specifically to introduce exemptions for 'sheep dogs and livestock guardian dogs', raising the limit from 2 dogs up to 6 dogs for bona fide farmers on operating farm properties.",By-Law 069-22,2022-06-22,COMPLETE - FARM FRIENDLY,Yes,Livestock Guardian Dogs are explicitly listed as an exemption class under Section 1.12.4 (Amended by By-Law 105-22).,Yes,"HERDING DOG means a Dog that has been trained and is actively being used in a bona fide farming operation for the purposes of guarding, control or protection of Livestock on a farm.",No,Every License issued under this By-Law shall expire at 12:00 midnight one year from the day on which the License was issued.,Yes,No,"No Person shall own, control, possess, board or harbor more than two (2) Dogs on any property. Exemption: A bona fide farmer to a maximum of six (6) Herding Dogs and Livestock Guardian Dogs on an operating farm property.",1299
Kenora,Kenora,SUCCESS,,By-law Number 150-2010,2010-08-09,COMPLETE - FARM FRIENDLY,No,,No,,Yes,"The owner of the dog shall keep the dog tag securely affixed on the dog for which it was issued at all times until renewed or replaced, except that it may be removed while the dog is confined to the owner's property.",Yes,No,No dwelling or property within the Municipality shall house more than two (2) dogs with the exception of the rural areas in which case up to four (4) dogs shall be allowed.,BYLAW NOT FOUND AT ORIGINAL URL. The 'Keeping of Animals' By-Law Number 150-2010 explicitly waives the licensing fee for a certified 'working dog' (defined strictly as assistance dogs). Features a farm-friendly higher dog limit (4 dogs) in rural areas vs urban areas (2 dogs).,By-law Number 150-2010,2010-08-09,COMPLETE - FARM FRIENDLY,No,,No,,Yes,"The owner of the dog shall keep the dog tag securely affixed on the dog for which it was issued at all times until renewed or replaced, except that it may be removed while the dog is confined to the owner's property.",Yes,No,No dwelling or property within the Municipality shall house more than two (2) dogs with the exception of the rural areas in which case up to four (4) dogs shall be allowed.,1362
London,Middlesex,SUCCESS,,Dog Licensing and Control By-law - PH-4,,COMPLETE,No,,No,,No,"Owners are required to identify their domestic animals by animal identification systems including tagging, tattooing and microchip implantation.",Unknown,N/A,No person shall keep or permit to be kept more than three dogs within or about any dwelling unit. Registered kennels under the Animal Pedigree Act are exempt.,Standard animal control bylaw with no farm-friendly LGD provisions.,Dog Licensing and Control By-law - PH-4,2021-10-26,COMPLETE,No,,No,,No,"Owners are required to identify their domestic animals by animal identification systems including tagging, tattooing and microchip implantation.",Unknown,N/A,No person shall keep or permit to be kept more than three dogs within or about any dwelling unit. Registered kennels under the Animal Pedigree Act are exempt.,1551
King,York,SUCCESS,,By-law Number 2016-85,,COMPLETE,No,,No,,No,Cats and dogs within the Township need to be registered and a tag affixed to the collar of the dog.,Yes,No,No more than four (4) dogs may be owned and reside at a single property in the Township at the same time.,BYLAW NOT FOUND AT ORIGINAL URL. Found Animal Control By-law 2016-85 via web search. Standard limit of 4 dogs per property. No specific farm/working dog exemptions found in the By-law.,By-law Number 2016-85,2016-09-12,COMPLETE,No,,No,,No,Cats and dogs within the Township need to be registered and a tag affixed to the collar of the dog.,Yes,No,No more than four (4) dogs may be owned and reside at a single property in the Township at the same time.,1397
Loyalist,Lennox and Addington,SUCCESS,,By-law 2011-069,,COMPLETE,No,,No,,No,Dog Tags must be purchased annually for all dogs in Loyalist Township in accordance with the Municipal Dog Control By-law.,Yes,No,You can purchase tags for up to three dogs per household. Households with more than 3 dogs must apply for a Kennel Licence.,BYLAW NOT FOUND AT ORIGINAL URL. Dog Control By-law 2011-069 establishes a limit of 3 dogs per household. No explicit livestock guardian dog or farm dog definitions or exemptions found through available documentation.,By-law 2011-069,2011-08-29,COMPLETE,No,,No,,No,Dog Tags must be purchased annually for all dogs in Loyalist Township in accordance with the Municipal Dog Control By-law.,Yes,No,You can purchase tags for up to three dogs per household. Households with more than 3 dogs must apply for a Kennel Licence.,1558
Kincardine,Bruce,SUCCESS,,By-law No. 24-159,,COMPLETE,No,,No,,No,"Every Person residing within the limits of the Municipality, who is the Owner of a Dog, shall cause the Dog to be Licenced.",Unknown,N/A,"No Person shall own, keep, possess or harbour more than three (3) Dogs at any one time, per dwelling unit, location or residence within the Municipality, with the exception of a licensed Kennel, an animal hospital/veterinary clinic, or a pet store.",Standard animal control bylaw with no farm-friendly LGD provisions.,By-law No. 24-159,2024-11-24,COMPLETE,No,“Livestock Guardian Dog” shall mean a Dog used for the purpose of protecting Livestock from predators.,No,,No,"Every Person residing within the limits of the Municipality, who is the Owner of a Dog, shall cause the Dog to be Licenced.",Unknown,No,"No Person shall own, keep, possess or harbour more than three (3) Dogs at any one time, per dwelling unit, location or residence within the Municipality, with the exception of a licensed Kennel, an animal hospital/veterinary clinic, or a pet store.",1390
Greater Sudbury,Sudbury,SUCCESS,,By-law 2017-22,,COMPLETE,No,,No,,No,"Dog Tag means the current Dog Tag provided by the License Issuer upon issuing a License for a Dog pursuant to this By-law, for attachment to the Dog identified in the License.",Unknown,N/A,Unknown,Standard animal control bylaw with no farm-friendly LGD provisions.,By-law 2017-22,2017-01-10,COMPLETE,No,,No,,No,"Dog Tag means the current Dog Tag provided by the License Issuer upon issuing a License for a Dog pursuant to this By-law, for attachment to the Dog identified in the License.",Unknown,No,Unknown,1040
Huron Shores,Algoma,SUCCESS,,By-law #22-76,,COMPLETE - FARM FRIENDLY,Yes,"“Livestock Guardian Dog” (LGDs) means a dog that works and/or lives with domestic farm animals (e.g. cattle, sheep, poultry) to protect them while repelling predators and is used exclusively for that purpose.",Yes,“Herding Dog” means a dog that has been trained and is actively being used in a bona fide farming operation for the purposes of controlling livestock on the farm.,No,Livestock Guardian Dogs and Herding dogs shall be exempt from ensuring the Dog identification tag is displayed on the dog collar while the dog is being actively used in farming practices provided the owner uses an alternative means of identification linking the animal to the name and address.,Yes,No,"Maximum of four dogs per dwelling unit, with exceptions for certain premises like agricultural lands, licensed kennels, etc.","BYLAW NOT FOUND AT ORIGINAL URL. Very farm-friendly by-law that explicitly defines both LGDs and Herding Dogs, and grants them an exemption from wearing their municipal dog tag collar while actively working on the farm. Agricultural lands are also exempt from the 4-dog limit.",By-law #22-76,2022-09-28,COMPLETE - FARM FRIENDLY,Yes,"“Livestock Guardian Dog” (LGDs) means a dog that works and/or lives with domestic farm animals (e.g. cattle, sheep, poultry) to protect them while repelling predators and is used exclusively for that purpose.",Yes,“Herding Dog” means a dog that has been trained and is actively being used in a bona fide farming operation for the purposes of controlling livestock on the farm.,No,Livestock Guardian Dogs and Herding dogs shall be exempt from ensuring the Dog identification tag is displayed on the dog collar while the dog is being actively used in farming practices provided the owner uses an alternative means of identification linking the animal to the name and address.,Yes,No,"Maximum of four dogs per dwelling unit, with exceptions for certain premises like agricultural lands, licensed kennels, etc.",1264
McDougall,Parry Sound,SUCCESS,,By-law No. 2013-33,,COMPLETE,No,,No,,Yes,Every owner of a dog shall affix an identity tag or plate or a Municipal issued dog ID tag/license to each dog in their ownership.,Yes,No,"No person shall have more than three (3) dogs in any residential dwelling unit or any structure used for commercial, industrial or institutional purposes within the Municipality.","BYLAW NOT FOUND AT ORIGINAL URL. Recovered By-law 2013-33 from the new municipal website. The municipality uniquely allows owners to use a personal ID tag with their contact information as an alternative to purchasing a municipal dog license tag. Mentions 'LAW ENFORCEMENT WORK DOG' but no farm dog, herding dog, or livestock guardian dog definitions.",By-law No. 2013-33,2013-05-15,COMPLETE,No,,No,a dog used for herding of farm fowl or animals and is actively participating in herding.,Yes,Every owner of a dog shall affix an identity tag or plate or a Municipal issued dog ID tag/license to each dog in their ownership.,Yes,No,"No person shall have more than three (3) dogs in any residential dwelling unit or any structure used for commercial, industrial or institutional purposes within the Municipality.",1691
Ashfield-Colborne-Wawanosh,Huron,SUCCESS,,By-law Number 30-2022,,COMPLETE - FARM FRIENDLY,No,,No,,N/A,"Requires a 'Dog Identifier', meaning a physical tag attached to the Dog or Microchip bearing information that identifies the Owner of the Dog.",Unknown,N/A,"Urban area: 2 dogs. Rural areas: 5 dogs. Exemption: In a rural area, a person may Harbour more than five (5) Dogs on a property without a Kennel License, provided (a) the person is keeping Livestock upon the same property; (b) the property is zoned agricultural.","Does not specifically define LGDs, but provides an exemption to the 5-dog limit in rural areas for properties keeping livestock on agricultural zoned land.",By-law Number 30-2022,2022-04-05,COMPLETE - FARM FRIENDLY,No,"a Dog that works and/or lives with domestic farm animals (e.g. cattle, sheep, poultry) to protect them by repelling predators and is used exclusively for that purpose.",No,a Dog that has been trained and is actively being used in a bona fide farming operation for the purposes of controlling Livestock on the farm.,N/A,"Requires a 'Dog Identifier', meaning a physical tag attached to the Dog or Microchip bearing information that identifies the Owner of the Dog.",Unknown,No,"Urban area: 2 dogs. Rural areas: 5 dogs. Exemption: In a rural area, a person may Harbour more than five (5) Dogs on a property without a Kennel License, provided (a) the person is keeping Livestock upon the same property; (b) the property is zoned agricultural.",123
Middlesex Centre,Middlesex,SUCCESS,,By-Law 2012-030,,COMPLETE,No,,No,,No,Every owner of a dog shall keep the dog licence securely fixed on the dog at all times when the dog is not on the premises.,Unknown,N/A,Unknown,Standard animal control bylaw with no farm-friendly LGD provisions.,By-Law 2012-030,2012-03-21,COMPLETE,No,,No,,No,Every owner of a dog shall keep the dog licence securely fixed on the dog at all times when the dog is not on the premises.,Unknown,NOT KNOWN,Unknown,1747
Laurentian Valley,Renfrew,SUCCESS,,BY-LAW NUMBER 2017-09-036,2017-09-19,COMPLETE - FARM FRIENDLY,No,,No,,No,Requires licensing and an animal identification system.,Yes,Yes,Unknown,"The definition of 'Nuisance Animal', which covers excessive barking and howling, explicitly excludes animals kept or harboured on a farm.",BY-LAW NUMBER 2017-09-036,2017-09-19,COMPLETE - FARM FRIENDLY,No,,No,,No,Requires licensing and an animal identification system.,Yes,Yes,Unknown,1523
New Tecumseth,Simcoe,SUCCESS,,Canine Control By-law No. 2017-077,,COMPLETE - FARM FRIENDLY,Yes,"“Livestock Guardian Dogs” means a dog that is specifically trained to work and/or live with domestic farm animals (i.e. cattle, sheep) without causing harm while aggressively repelling predators and is used exclusively for that purpose; “Farm Working Dog” means a dog that is specifically trained to and actively assists its owner(s) with herding and/or protection of livestock and where the owner(s) can demonstrative they are active livestock producers/farmers;",No,,Yes,An Owner shall keep the Dog Tag securely affixed to the Dog’s collar or other restraining device whenever the Dog is off the owner’s property.,No,N/A,3 Dogs in any Urban area of the Town. 5 Dogs in any Rural area of the Town.,Very farm-friendly bylaw. Specifically defines both 'Farm Working Dog' and 'Livestock Guardian Dogs'. Allows up to 5 dogs in rural areas without a special exemption. The Town’s Fees and Charges By-law explicitly exempts 'livestock guardian dogs' and 'working dogs' from annual dog tag fees (No Charge).,Canine Control By-law No. 2017-077,2017-05-29,COMPLETE - FARM FRIENDLY,Yes,"“Livestock Guardian Dogs” means a dog that is specifically trained to work and/or live with domestic farm animals (i.e. cattle, sheep) without causing harm while aggressively repelling predators and is used exclusively for that purpose; “Farm Working Dog” means a dog that is specifically trained to and actively assists its owner(s) with herding and/or protection of livestock and where the owner(s) can demonstrative they are active livestock producers/farmers;",No,,Yes,An Owner shall keep the Dog Tag securely affixed to the Dog’s collar or other restraining device whenever the Dog is off the owner’s property.,No,N/A,3 Dogs in any Urban area of the Town. 5 Dogs in any Rural area of the Town.,1880
Minto,Wellington,SUCCESS,,By-Law 2019-39,,COMPLETE,No,,No,,No,"The Town shall supply the owner with a dog tag and the owner shall always keep the tag securely affixed on the dog when the dog is off the property of the owner. No person shall remove the tag from a licensed dog, except while the dog is being lawfully used for hunting.",Yes,No,"3 dogs per household (Keeping 4 to 25 dogs requires a Kennel license, which mandates a 10-acre minimum lot size).","Standard animal control bylaw. While the tag can be removed when a dog is lawfully used for hunting, there are no specific definitions, exemptions, or tag removal privileges mentioned for livestock guardian or herding dogs.",By-Law 2019-39,2019-04-16,COMPLETE,No,,No,,No,"The Town shall supply the owner with a dog tag and the owner shall always keep the tag securely affixed on the dog when the dog is off the property of the owner. No person shall remove the tag from a licensed dog, except while the dog is being lawfully used for hunting.",Yes,No,"3 dogs per household (Keeping 4 to 25 dogs requires a Kennel license, which mandates a 10-acre minimum lot size).",1782
Milton,Halton,SUCCESS,,By-law No. 090-2004,,COMPLETE,No,,No,,No,Every Owner of every dog shall renew his or her dog license once every calendar year. This section does not apply to a microchipped dog that has obtained a microchip dog tag.,No,N/A,3 dogs per premises (more than 3 dogs requires a kennel license as defined in the Business Licensing By-law).,"Standard animal control bylaw. The bylaw’s title indicates it regulates animals ‘OTHER THAN FARM ANIMALS’, but it does not classify working dogs or LGDs as farm animals. No farm-friendly dog provisions found. Barking is handled under a separate Noise By-law.",By-law No. 090-2004,2004-10-25,COMPLETE,No,"“domestic farm animal” shall mean an animal kept by a person for animal husbandry, or for its pelt, wool or fur or for food or research purposes, and includes, but is not limited to, domesticated ungulates of the families Artiodactylus, and Perissodactylus, Anseriformes, Galliformes, Gallus Gallus, and Ratite Birds as outlined in Schedule “B” to this By-law.",No,,No,Every Owner of every dog shall renew his or her dog license once every calendar year. This section does not apply to a microchipped dog that has obtained a microchip dog tag.,No,N/A,3 dogs per premises (more than 3 dogs requires a kennel license as defined in the Business Licensing By-law).,1768
Mulmur,Dufferin,SUCCESS,,By-law No. 53-2019,2019-11-06,COMPLETE,No,,No,,No,All dogs must be licensed and bear a tag. Alternative identification (like tattoos/microchips) can be provided on the application.,Yes,No,No person shall keep more than three dogs in Dwelling - Single unit within the Township on all zoned properties.,Standard animal care and control by-law. No LGD or working dog exemptions were found.,By-law No. 53-2019,2019-11-06,COMPLETE,No,,No,,No,All dogs must be licensed and bear a tag. Alternative identification (like tattoos/microchips) can be provided on the application.,Yes,No,No person shall keep more than three dogs in Dwelling - Single unit within the Township on all zoned properties.,1845
Meaford,Grey,SUCCESS,,By-law Number 78-2013,,COMPLETE - FARM FRIENDLY,Yes,"“Working Dog” shall mean a dog trained, kept and utilized for work purposes including, but not limited to, livestock handling and/or guarding, pest and predator control, recreation dog sled use and police or rescue dogs;",No,,No,Every owner shall affix to his dog a current license tag issued by the Municipality... and shall keep such tag affixed on the dog at all times when the dog is not on the owner’s property.,Yes,No,No owner shall have more than three (3) dogs in any dwelling unit. Keeping more than 3 dogs requires a Kennel license.,"Favourable to farm dogs. Defines ‘Working Dog’ to explicitly include livestock handling, guarding, and predator control. A ‘Personal Use Kennel’ license can be obtained to keep more than 3 dogs for specific purposes, explicitly including ‘predator control’.",By-law Number 78-2013,2013-10-28,COMPLETE - FARM FRIENDLY,Yes,"“Working Dog” shall mean a dog trained, kept and utilized for work purposes including, but not limited to, livestock handling and/or guarding, pest and predator control, recreation dog sled use and police or rescue dogs;",No,,No,Every owner shall affix to his dog a current license tag issued by the Municipality... and shall keep such tag affixed on the dog at all times when the dog is not on the owner’s property.,Yes,No,No owner shall have more than three (3) dogs in any dwelling unit. Keeping more than 3 dogs requires a Kennel license.,1726
Niagara-on-the-Lake,Niagara,SUCCESS,,By-law No. 5543-23,,COMPLETE,No,,No,,N/A,Requires a system of licences under section 11(3).,Yes,No,3 dogs (4 or more dogs constitutes a Kennel).,A comprehensive animal care and control by-law with detailed standards for tethering and sheltering. Explicitly restricts excessive barking for more than 30 mins during the day or 20 mins at night. Does not include provisions or exemptions for working dogs or LGDs.,By-law No. 5543-23,2023-11-23,COMPLETE,No,,No,,No,Requires a system of licences under section 11(3).,Yes,No,3 dogs (4 or more dogs constitutes a Kennel).,1915
Mono,Dufferin,SUCCESS,,Bylaw No. 2002-62,,COMPLETE,No,,No,,Yes,Guard dogs are required to be licenced and wear a tag.,Yes,No,A maximum of 3 dogs are permitted on any property not licenced as a kennel.,"URL NOT ACCESSIBLE. CivicWeb portal blocked web crawlers. Based on municipal meeting highlights from 2024, Mono recently reviewed its dog bylaw regarding Livestock Guardian Dogs, and the Town’s dog licensing portal provides a fee exemption ($0.00) for ‘Guard Dogs’, but the exact text and definitions from the bylaw could not be verified.",Bylaw No. 2002-62,2019-05-14,COMPLETE,No,,No,,Yes,Guard dogs are required to be licenced and wear a tag.,Yes,No,A maximum of 3 dogs are permitted on any property not licenced as a kennel.,1803
Lincoln,Niagara,SUCCESS,,BY-LAW NO. 2019-18,2019-02-19,COMPLETE,No,,No,,No,Requires registration and an identification tag.,Yes,No,3 dogs per household (keeping 4 to 10 dogs constitutes a Hobby Kennel or Commercial/Breeding Kennel).,"Standard animal care and control bylaw. No agricultural or working dog definitions found, other than ‘Service Dog’.",BY-LAW NO. 2019-18,2019-02-19,COMPLETE,No,,No,,No,Requires registration and an identification tag.,Yes,No,3 dogs per household (keeping 4 to 10 dogs constitutes a Hobby Kennel or Commercial/Breeding Kennel).,1544
North Dundas,"Stormont, Dundas and Glengarry",SUCCESS,,Bylaw No. 2023-100,2023-12-11,COMPLETE - FARM FRIENDLY,Yes,“Working Dog” means a dog that is trained specifically to assist police and other law enforcement personnel in their work.,No,,Yes,"Every owner of a dog shall keep an identification tag, securely affixed on the collar or harness on the dog at all times or have the dog microchipped. The tag may be removed while a dog is being lawfully used for hunting, herding or other similar activity.",Yes,No,"4 dogs in the Rural Area, 3 dogs in the Urban Area.","The municipality no longer requires municipal dog tags or license fees for individual dogs, requiring only personal identification tags or microchips. Tags may be removed while dogs are actively herding or hunting. A higher limit of 4 dogs applies in rural areas compared to 3 in urban areas. The definition of ‘Working Dog’ is strictly limited to law enforcement dogs, but the herding tag exemption is farm friendly.",Bylaw No. 2023-100,2023-12-11,COMPLETE - FARM FRIENDLY,Yes,“Working Dog” means a dog that is trained specifically to assist police and other law enforcement personnel in their work.,No,,Yes,"Every owner of a dog shall keep an identification tag, securely affixed on the collar or harness on the dog at all times or have the dog microchipped. The tag may be removed while a dog is being lawfully used for hunting, herding or other similar activity.",Yes,No,"4 dogs in the Rural Area, 3 dogs in the Urban Area.",1964
Oakville,Halton,SUCCESS,,BY-LAW NUMBER 2018-006,,COMPLETE,No,,No,,No,Every dog licensed under this by-law shall have their Oakville identification tag securely attached to the dog at all times.,No,N/A,"Maximum of 3 dogs per premises, or any combination of six (6) dogs and cats maximum.",Urban animal control by-law with comprehensive regulations on standards of care and an administrative penalty system. No farm dog or livestock guardian dog definitions/exemptions. Barking/noise is regulated under a separate Noise By-law.,BY-LAW NUMBER 2018-006,2018-04-03,COMPLETE,No,,No,,No,Every dog licensed under this by-law shall have their Oakville identification tag securely attached to the dog at all times.,No,N/A,"Maximum of 3 dogs per premises, or any combination of six (6) dogs and cats maximum.",2041
Northern Bruce Peninsula,Bruce,SUCCESS,,BY-LAW NO. 2019-08,,COMPLETE - FARM FRIENDLY,Yes,"“Working/Livestock Guardian Dog” means a dog that is specifically trained to work and/or live with domestic farm animals (i.e. cattle, sheep, goats, etc.) without causing them harm while aggressively repelling predators.",No,,No,The dog owner shall keep the metal tag securely fixed on the dog at all times or until the tag is renewed or replaced except when the dog is engaged in a lawful hunting activity.,Yes,No,"2 dogs per household, but up to 5 dogs per agricultural location.","Farm-friendly bylaw. It features a specific definition for 'Working/Livestock Guardian Dog' and sets a higher limit of 5 dogs per agricultural location (compared to 2 dogs for a standard household). LGDs are subject to a separate annual block fee ($100 for up to 5 dogs) rather than individual standard tag fees, and are exempt from 'running at large' provisions while actively working on their owner’s premises. However, the by-law explicitly states working/livestock guardian dogs are not entirely exempt from the Animal Control By-law itself.",BY-LAW NO. 2019-08,2019-02-11,COMPLETE - FARM FRIENDLY,Yes,"“Working/Livestock Guardian Dog” means a dog that is specifically trained to work and/or live with domestic farm animals (i.e. cattle, sheep, goats, etc.) without causing them harm while aggressively repelling predators.",No,,No,The dog owner shall keep the metal tag securely fixed on the dog at all times or until the tag is renewed or replaced except when the dog is engaged in a lawful hunting activity.,Yes,No,"2 dogs per household, but up to 5 dogs per agricultural location.",2013
Russell,Prescott and Russell,SUCCESS,,By-law 2018-062,,COMPLETE,No,,No,,No,All dogs must be registered and always wear their dog tag. The tag is issued by the Director and must be securely affixed to the dog.,Yes,No,Households within village limits are permitted two (2) dogs. Households outside village limits are permitted three (3) dogs.,"Standard animal care and control by-law. There is a general limit difference based on zoning (3 dogs permitted outside village limits vs. 2 inside village limits), but there are no specific definitions or exemptions for livestock guardian dogs or working farm dogs.",By-law 2018-062,2022-01-22,COMPLETE,No,,No,,No,All dogs must be registered and always wear their dog tag. The tag is issued by the Director and must be securely affixed to the dog.,Yes,No,Households within village limits are permitted two (2) dogs. Households outside village limits are permitted three (3) dogs.,2391
North Middlesex,Middlesex,SUCCESS,,By-law 090 of 2022,,COMPLETE - FARM FRIENDLY,Yes,"“Livestock Guardian Dog” (LGD) shall mean a dog that works and/or lives with domestic farm animals such as cattle, sheep and poultry to protect them while repelling predators and is used on land legally used for exclusively for that purpose.",Yes,“Herding Dog” means a dog that has been trained and is actively being used on land legally used for a bona fide farming operation for the purposes of controlling livestock on the farm.,Yes,"The Municipality issues Dog Tag Licences (no annual fees, just a nominal one-time processing fee of $10.00). The Dog Tag must be worn by the animal at all times.",Yes,No,"Maximum 2 dogs per dwelling unit or premises. Exemption: ""Notwithstanding section 3.1 of this by-law, more than two (2) livestock guardian dogs and/or herding dogs may be licensed for lawful livestock operations on agricultural premises.""","Highly farm-friendly by-law. Includes explicit definitions for both 'Livestock Guardian Dog' and 'Herding Dog', and completely exempts them from the two-dog limit provided they are on agricultural premises and a clearly visible warning sign is posted at the entrance(s).",By-law 090 of 2022,2022-09-07,COMPLETE - FARM FRIENDLY,Yes,"“Livestock Guardian Dog” (LGD) shall mean a dog that works and/or lives with domestic farm animals such as cattle, sheep and poultry to protect them while repelling predators and is used on land legally used for exclusively for that purpose.",Yes,“Herding Dog” means a dog that has been trained and is actively being used on land legally used for a bona fide farming operation for the purposes of controlling livestock on the farm.,Yes,"The Municipality issues Dog Tag Licences (no annual fees, just a nominal one-time processing fee of $10.00). The Dog Tag must be worn by the animal at all times.",Yes,No,"Maximum 2 dogs per dwelling unit or premises. Exemption: ""Notwithstanding section 3.1 of this by-law, more than two (2) livestock guardian dogs and/or herding dogs may be licensed for lawful livestock operations on agricultural premises.""",1985
Port Hope,Northumberland,SUCCESS,,By-law No. 60/2022,2022-09-06,COMPLETE - FARM FRIENDLY,Yes,"“Working Dog” shall mean any of various breeds of dogs developed or trained to perform useful work to assist humans (i.e. herding animals, pulling wagons or sleds, livestock guardian, or guarding property) and excludes hunting dogs.",No,,No,Every dog Owner shall cause a dog tag to be securely affixed on the dog at all times (until the tag needs replaced).,No,N/A,"Maximum of 3 dogs on a single detached dwelling. Exemption: Sections 3.8.1 and 3.8.2 shall not apply to a property which is zoned Agricultural, a property possessing a valid kennel license, an approved business and/or veterinary offices.","Farm-friendly bylaw. Defines ""Working Dog"" broadly to include both livestock guardians and herding dogs. Explicitly exempts properties zoned as Agricultural from the 3-dog limit, making it favourable for farming operations. Noise/barking is enforced under a separate noise by-law.",By-law No. 60/2022,2022-09-06,COMPLETE - FARM FRIENDLY,Yes,"“Working Dog” shall mean any of various breeds of dogs developed or trained to perform useful work to assist humans (i.e. herding animals, pulling wagons or sleds, livestock guardian, or guarding property) and excludes hunting dogs.",No,,No,Every dog Owner shall cause a dog tag to be securely affixed on the dog at all times (until the tag needs replaced).,No,No,"Maximum of 3 dogs on a single detached dwelling. Exemption: Sections 3.8.1 and 3.8.2 shall not apply to a property which is zoned Agricultural, a property possessing a valid kennel license, an approved business and/or veterinary offices.",2279
Orangeville,Dufferin,SUCCESS,,By-law Number 2024-026,2024-04-29,COMPLETE,No,,No,,No,An owner of a dog shall keep the tag issued by the Town securely fixed on the dog it was issued at all times. No person shall affix a tag to any dog other than the dog for which it was issued; or remove a tag except to replace it with a current or valid tag.,Yes,No,"No person shall keep or harbour or permit to be kept or harboured at any one time, more than three (3) dogs on a property or per dwelling unit.","Standard urban animal control by-law. While there are specific definitions and licensing exemptions for Service Dogs and Police Working Dogs, there are no definitions or exemptions for farm dogs, herding dogs, or livestock guardian dogs.",By-law Number 2024-026,2024-04-29,COMPLETE,No,,No,,No,An owner of a dog shall keep the tag issued by the Town securely fixed on the dog it was issued at all times. No person shall affix a tag to any dog other than the dog for which it was issued; or remove a tag except to replace it with a current or valid tag.,Yes,No,"No person shall keep or harbour or permit to be kept or harboured at any one time, more than three (3) dogs on a property or per dwelling unit.",2069
Quinte West,Hastings,SUCCESS,,By-Law 15-034,,COMPLETE - FARM FRIENDLY,No,,No,,No,Every dog owner within the City’s limits shall obtain a dog licence annually by the first day of January of each year.,Yes,No,"No person shall harbour more than three (3) dogs in an urban area, and no more than five (5) dogs in a rural area.","Note: The document linked in the prompt (16-139) is the Animal Regulation By-law primarily dealing with exotic/prohibited animals. Dog control is governed by the Dog Licensing and Control By-law (15-034). It is farm-friendly because it explicitly allows a higher limit of 5 dogs in rural areas compared to 3 dogs in urban areas, though there are no specific LGD definitions.",By-Law 15-034,2016-11-07,COMPLETE - FARM FRIENDLY,No,,No,,No,Every dog owner within the City’s limits shall obtain a dog licence annually by the first day of January of each year.,Yes,No,"No person shall harbour more than three (3) dogs in an urban area, and no more than five (5) dogs in a rural area.",2328
Scugog,Durham,SUCCESS,,By-Law Number 85-08,2008-10-06,COMPLETE - FARM FRIENDLY,Yes,"Working/Livestock Guardian Dog - shall mean a dog that is specifically trained and actively being used in a bona-fide farming operation, to work and/or live with domestic farm animals (i.e. cattle, sheep, etc.) to protect and/or control them while aggressively repelling predators and is used exclusively for that",No,,No,"Working/Livestock Guardian Dogs shall be exempt from wearing a collar or tag, provided that the Owner has paid the annual licensing fee, registered said dog with the Township and provided identifying information for the dog from a registered micro-chip.",Yes,Yes,"Maximum of 2 dogs per household. Exemption: ""Notwithstanding the limit set forth in Section 5.2.1, a person may own, harbor, keep or permit to be kept an additional three (3) dogs at a premise provided the dogs are working/livestock guardian dogs.""","Extremely farm-friendly by-law, incorporating recent amendments. It specifically defines Working/Livestock Guardian Dogs, exempts them from wearing collars/tags while working (provided they are microchipped and licensed), and exempts them from noise/barking bylaw provisions while actively engaged in their duties. It also increases the limit from 2 dogs to 5 dogs strictly to accommodate 3 additional working/livestock guardian dogs for owners with domestic farm animals.",By-Law Number 85-08,2008-10-06,COMPLETE - FARM FRIENDLY,Yes,"Working/Livestock Guardian Dog - shall mean a dog that is specifically trained and actively being used in a bona-fide farming operation, to work and/or live with domestic farm animals (i.e. cattle, sheep, etc.) to protect and/or control them while aggressively repelling predators and is used exclusively for that",No,,No,"Working/Livestock Guardian Dogs shall be exempt from wearing a collar or tag, provided that the Owner has paid the annual licensing fee, registered said dog with the Township and provided identifying information for the dog from a registered micro-chip.",Yes,Yes,"Maximum of 2 dogs per household. Exemption: ""Notwithstanding the limit set forth in Section 5.2.1, a person may own, harbor, keep or permit to be kept an additional three (3) dogs at a premise provided the dogs are working/livestock guardian dogs.""",2440
Southwold,Elgin,SUCCESS,,By-law 2013-30,,COMPLETE,No,,No,,Yes,"Effective January 1, 2022, residents are no longer required to purchase a municipal dog tag. Each owner is to obtain their own tag with owner contact information clearly displayed (must include a phone number for the owner of the dog).",Yes,No,No person shall keep more than 3 dogs in any one dwelling unit or on any premises.,"The municipality removed municipal dog tag and licensing fees entirely for all dogs as of 2022, requiring owners to self-tag. ""Guard Dog"" is defined, but is restricted to security purposes on commercial/industrial land, not agricultural. No explicit mentions of working farm dogs or LGDs in the by-law.",By-law 2013-30,2013-01-01,COMPLETE,No,,No,,Yes,"Effective January 1, 2022, residents are no longer required to purchase a municipal dog tag. Each owner is to obtain their own tag with owner contact information clearly displayed (must include a phone number for the owner of the dog).",Yes,No,No person shall keep more than 3 dogs in any one dwelling unit or on any premises.,2601
Rideau Lakes,Leeds and Grenville,SUCCESS,,By-Law Number 2012-3,,COMPLETE - FARM FRIENDLY,No,,No,,No,"The owner shall keep the dog tag securely fastened on the dog at all times until the tag is renewed or replaced, but the tag may be removed while the dog is lawfully hunting.",Yes,No,"Not explicitly restricted for general households, though keeping more than 5 dogs constitutes a Kennel per the Township Zoning By-Law 2023-50.","While there is no formal LGD definition, the by-law explicitly acknowledges and protects farm dogs in its running at large provisions: 'Farm dogs and hunting dogs under the control of any person and acting in accordance with acceptable behavior shall not be deemed to be running at large when found in any place other than the premises of the owner.'",By-Law Number 2012-3,2012-02-06,COMPLETE - FARM FRIENDLY,No,,No,,No,"The owner shall keep the dog tag securely fastened on the dog at all times until the tag is renewed or replaced, but the tag may be removed while the dog is lawfully hunting.",Yes,No,"Not explicitly restricted for general households, though keeping more than 5 dogs constitutes a Kennel per the Township Zoning By-Law 2023-50.",2384
Richmond Hill,York,SUCCESS,,By-Law No. 22-25,,COMPLETE,No,,No,,No,All dogs must be licensed and wear an issued municipal tag.,Yes,No,"Maximum of seven animals per household, including no more than three (3) dogs and four cats.","Recently updated modern 'Responsible Pet Ownership and Animal Regulation' by-law. It outlines strict limits on household pets and introduces an Administrative Monetary Penalty System. There are no farm dog or livestock guardian dog provisions or exemptions, reflecting its urban nature.",By-Law No. 22-25,2025-03-26,COMPLETE,No,,No,,No,All dogs must be licensed and wear an issued municipal tag.,Yes,No,"Maximum of seven animals per household, including no more than three (3) dogs and four cats.",2377
Tay,Simcoe,SUCCESS,,BY-LAW NO. 2025-10,,COMPLETE - FARM FRIENDLY,Yes,“Working Farm Dog” shall mean a dog that is specifically trained to work and live with domestic farm animals without causing them harm while aggressively repelling predators and is used exclusively for that purpose and belongs to one of the breeds defined as a Working Dog by the Canadian Kennel Club.,No,,No,Every owner of a dog shall securely fasten on the collar of the dog the tag issued by the Township.,Yes,No,Limit of two (2) dogs in a dwelling unit.,"Farm-friendly bylaw. The Township recently updated its Canine Control By-law to 2025-10. It explicitly defines 'Working Farm Dog', distinguishing them from regular domestic pets, though they are subject to standard licensing and the standard limit of 2 dogs. Unlike the previous 2017 bylaw which allowed up to 4 working farm dogs on agricultural properties, the 2025 bylaw removes this specific exemption unless a Kennel License is obtained.",BY-LAW NO. 2025-10,2018-04-25,COMPLETE - FARM FRIENDLY,Yes,“Working Farm Dog” shall mean a dog that is specifically trained to work and live with domestic farm animals without causing them harm while aggressively repelling predators and is used exclusively for that purpose and belongs to one of the breeds defined as a Working Dog by the Canadian Kennel Club.,No,,No,Every owner of a dog shall securely fasten on the collar of the dog the tag issued by the Township.,Yes,No,Limit of two (2) dogs in a dwelling unit.,2727
The Blue Mountains,Grey,SUCCESS,,By-law 2006-32,,COMPLETE - FARM FRIENDLY,Yes,"“Working Dog” shall mean a dog trained, kept and utilized for work purposes including, but not limited to, livestock handling and/or guarding, pest and predator control, recreational dog sled use and police or rescue dogs.",No,,No,"Except as provided herein, no person shall harbour a dog or dogs within the boundaries of the Town, unless such dog has affixed to it a current dog tag issued under this By-law.",Yes,No,No person shall keep or harbour more than three dogs at any one time in a dwelling unit or on any individual conveyable land entity located within the boundaries of the Town.,"Farm-friendly bylaw. Includes a specific definition for 'Working Dog' which explicitly includes livestock handling, guarding, and pest/predator control. However, there are no specific exemptions to the 3-dog limit or licensing fees provided for working dogs.",By-law 2006-32,2006-04-24,COMPLETE - FARM FRIENDLY,Yes,"“Working Dog” shall mean a dog trained, kept and utilized for work purposes including, but not limited to, livestock handling and/or guarding, pest and predator control, recreational dog sled use and police or rescue dogs.",No,,No,"Except as provided herein, no person shall harbour a dog or dogs within the boundaries of the Town, unless such dog has affixed to it a current dog tag issued under this By-law.",Yes,No,No person shall keep or harbour more than three dogs at any one time in a dwelling unit or on any individual conveyable land entity located within the boundaries of the Town.,2783
dawn,Lennox and Addington,SUCCESS,,By-law 0143/2004,,COMPLETE,No,,No,,No,The owner shall keep the dog tag securely fixed on the dog at all times. Dogs engaged in hunting under the control of their owner may have tags and collar removed during the hunt.,Yes,No,"No person shall keep, or do anything, which may cause to be kept, more than three (3) dogs and six (6) cats on any lot within any hamlet.","Note: The municipality was listed as 'dawn' in the prompt, but the provided URL explicitly belongs to the Township of Addington Highlands. It is a standard animal control bylaw that explicitly allows collar/tag removal for hunting dogs while actively hunting, but contains no mentions or exemptions for working farm dogs or LGDs.",By-law 0143/2004,2004-02-16,COMPLETE,No,,No,,No,The owner shall keep the dog tag securely fixed on the dog at all times. Dogs engaged in hunting under the control of their owner may have tags and collar removed during the hunt.,Yes,No,"No person shall keep, or do anything, which may cause to be kept, more than three (3) dogs and six (6) cats on any lot within any hamlet.",18
Wilmot,Waterloo,SUCCESS,,By-law No. 2023-11,,COMPLETE - FARM FRIENDLY,Yes,"“Farm Dog” – means a dog whose role is to actively heard/guard livestock, such as cattle or sheep, on an agricultural property;",No,,No,Every Owner of a Dog shall cause a Dog tag to be securely affixed on the Dog at all times (until the tag is renewed or replaced).,Yes,No,"Maximum Number of Dogs Per Dwelling: Subject to the provisions of this By-law, no person shall keep or permit to be kept, more than three (3) Dogs on his or her property.","Farm-friendly bylaw. It includes a specific definition for 'Farm Dog' that encompasses both guarding and herding livestock. It also provides a farm-friendly containment exemption, allowing dogs on farms to be restrained by 'any reasonable means that prevents the Dog from being At Large' rather than strictly requiring a physical fence or chain.",By-law No. 2023-11,2023-03-06,COMPLETE - FARM FRIENDLY,Yes,"“Farm Dog” – means a dog whose role is to actively heard/guard livestock, such as cattle or sheep, on an agricultural property;",No,,No,Every Owner of a Dog shall cause a Dog tag to be securely affixed on the Dog at all times (until the tag is renewed or replaced).,Yes,No,"Maximum Number of Dogs Per Dwelling: Subject to the provisions of this By-law, no person shall keep or permit to be kept, more than three (3) Dogs on his or her property.",3063
Whitewater Region,Renfrew,SUCCESS,,By-law Number 20-07-1308,,COMPLETE,No,,No,,No,The Owner of a Dog shall keep the Dog tag securely affixed on the Dog for which it was issued until renewed or replaced.,Yes,No,No more than a maximum of three (3) dogs are permitted per household and all must be licensed.,"Standard animal control bylaw. Contains no specific provisions, definitions, or exemptions for livestock guardian dogs or farm dogs. Properties with more than 3 dogs must meet zoning provisions and acquire a Kennel licence.",By-law Number 20-07-1308,2020-06-17,COMPLETE,No,,No,,No,The Owner of a Dog shall keep the Dog tag securely affixed on the Dog for which it was issued until renewed or replaced.,Yes,No,No more than a maximum of three (3) dogs are permitted per household and all must be licensed.,3056
West Nipissing,Nipissing,SUCCESS,,BY-LAW 2020/67,2020-11-17,COMPLETE - FARM FRIENDLY,Yes,“Farm Dog” or “Farm Cat” means a Dog that is trained and kept for the purpose of controlling or protecting livestock and poultry or a Cat that is kept for the purpose of rodent control within a privately owned barn or farm building.,No,,No,"Every Owner shall affix to his or her Dog or Cat a license tag, consisting of a metallic plate having raised, cast or stamped thereon figures indicating the year of issuance... and shall keep such tag affixed.",Yes,No,"The number of permitted Dogs and Cats within each Zone of the Municipality, as defined in Section 2.1 of the Zoning By-Law 2014/45, shall be as follows (keeping more than permitted number of Dogs is an offence).",Farm-friendly bylaw. Features a specific definition for 'Farm Dog' explicitly covering dogs trained and kept for the purpose of controlling or protecting livestock and poultry. Municipal news articles indicate the municipality maintained a limit exemption for livestock guard dogs when it reduced pet limits for urban areas in 2020.,BY-LAW 2020/67,2020-11-17,COMPLETE - FARM FRIENDLY,Yes,“Farm Dog” or “Farm Cat” means a Dog that is trained and kept for the purpose of controlling or protecting livestock and poultry or a Cat that is kept for the purpose of rodent control within a privately owned barn or farm building.,No,,No,"Every Owner shall affix to his or her Dog or Cat a license tag, consisting of a metallic plate having raised, cast or stamped thereon figures indicating the year of issuance... and shall keep such tag affixed.",Yes,No,"The number of permitted Dogs and Cats within each Zone of the Municipality, as defined in Section 2.1 of the Zoning By-Law 2014/45, shall be as follows (keeping more than permitted number of Dogs is an offence).",3007
Morris-Turnberry,Huron,SUCCESS,,BY-LAW NO. 109-2019,,COMPLETE - FARM FRIENDLY,Yes,"“Livestock Guardian Dog” (LGD) is a dog that works and/or lives with domestic farm animals or livestock (e.g. cattle, sheep, poultry) to protect them while repelling predators and is used exclusively for that purpose.",Yes,“Herding Dog” means a dog that has been trained and is actively being used in a bona fide farming operation for the purposes of controlling livestock on the farm.,No,Dog tags will be valid for the life of the dog for which they are issued.,Yes,No,"Maximum of two (2) dogs within urban areas, and three (3) dogs within rural areas. Exemption: In a Rural area, a person may harbor more than 3 dogs at a premises without a kennel license, provided the person is keeping sheep upon the same premises... the person provides proof of producer registration issued in the name recorded by the Ontario Sheep Marketing Agency; and the dogs are LGDs and or herding dogs.","Highly farm-friendly bylaw. It explicitly defines both 'Livestock Guardian Dog' and 'Herding Dog'. Most notably, it features a unique agricultural exemption allowing more than 3 dogs on rural properties without a kennel license specifically for LGDs and herding dogs, provided the owner keeps sheep and provides proof of Ontario Sheep Marketing Agency registration.",BY-LAW NO. 109-2019,2019-12-17,COMPLETE - FARM FRIENDLY,Yes,"“Livestock Guardian Dog” (LGD) is a dog that works and/or lives with domestic farm animals or livestock (e.g. cattle, sheep, poultry) to protect them while repelling predators and is used exclusively for that purpose.",Yes,“Herding Dog” means a dog that has been trained and is actively being used in a bona fide farming operation for the purposes of controlling livestock on the farm.,No,Dog tags will be valid for the life of the dog for which they are issued.,Yes,No,"Maximum of two (2) dogs within urban areas, and three (3) dogs within rural areas. Exemption: In a Rural area, a person may harbor more than 3 dogs at a premises without a kennel license, provided the person is keeping sheep upon the same premises... the person provides proof of producer registration issued in the name recorded by the Ontario Sheep Marketing Agency; and the dogs are LGDs and or herding dogs.",1838
Alnwick-Haldimand,Northumberland,SUCCESS,,BY-LAW NO. 133-2019,2019-11-21,COMPLETE - FARM FRIENDLY,Yes,"""Working Dog"" shall mean any of various breeds of dogs developed or trained to perform useful work to assist humans (i.e. herding animals, pulling wagons or sleds, or guarding property) and excludes hunting dogs.",No,,No,Every dog Owner shall cause a dog tag to be securely affixed on the dog at all times (until the tag needs replaced).,Yes,Yes,"Limit of three (3) dogs within or about any single detached dwelling, or two (2) dogs per dwelling unit. This limit shall not apply to a property which is zoned Agricultural, possesses a valid kennel license, an approved business and/or veterinary office.","URL: https://ahtwp.squarespace.com/s/BL-133-2019-Animal-Control.pdf. The bylaw is highly farm-friendly. It explicitly defines 'Working Dog' to include both guarding and herding roles, and it completely exempts agriculturally zoned properties from the 3-dog limit. Barking is governed by a separate Noise By-law No. 63-2022 which exempts noises by animals kept or used for agricultural purposes.",BY-LAW NO. 133-2019,2019-11-21,COMPLETE - FARM FRIENDLY,Yes,"""Working Dog"" shall mean any of various breeds of dogs developed or trained to perform useful work to assist humans (i.e. herding animals, pulling wagons or sleds, or guarding property) and excludes hunting dogs.",No,,No,Every dog Owner shall cause a dog tag to be securely affixed on the dog at all times (until the tag needs replaced).,Yes,Yes,"Limit of three (3) dogs within or about any single detached dwelling, or two (2) dogs per dwelling unit. This limit shall not apply to a property which is zoned Agricultural, possesses a valid kennel license, an approved business and/or veterinary office.",74
Amherstburg,Essex,SUCCESS,,BY-LAW NO. 2022-008,2022-02-28,COMPLETE,No,,No,,No,A dog tag is to be securely fixed on the dog at all times until the tag is renewed or replaced.,Yes,N/A,No person shall keep or permit to be kept more than three (3) dogs in any one dwelling unit or on any premises in a residential area unless they hold a valid kennel licence.,"URL: https://www.amherstburg.ca/media/iv1o4ub3/2022-008-keeping-of-animals-rm.pdf. Standard animal control bylaw without specific exemptions for farm dogs or LGDs. The 3-dog limit specifies 'residential area', suggesting agricultural zones may be implicitly exempt from this restriction.",BY-LAW NO. 2022-008,2022-02-28,COMPLETE,No,,No,,No,A dog tag is to be securely fixed on the dog at all times until the tag is renewed or replaced.,Yes,No,No person shall keep or permit to be kept more than three (3) dogs in any one dwelling unit or on any premises in a residential area unless they hold a valid kennel licence.,88
Amaranth,Dufferin,SUCCESS,,By-law Number 2026-08,2026-02-04,COMPLETE - FARM FRIENDLY,Yes,"""Livestock Guardian Dog"" means a purpose bred and trained dog that works and/or lives with domestic farm animals to protect them for predators while aggressively repelling those predators, and is used exclusively for the purpose.",No,,No,Every owner of a dog shall cause a dog tag to be securely affixed on the dog at all times (until the tag needs replaced).,Yes,Yes,"No owner shall keep or permit to be kept more than three (3) dogs at any one time, per dwelling unit, location or residence within the Township of Amaranth, (unless you are on an Agricultural zoned property).","URL: https://www.amaranth.ca/media/x5mbop0o/by-law-2026-08-animal-control-dogs-and-kennels.pdf. Recently updated bylaw that is very farm friendly. It explicitly defines 'Livestock Guardian Dog' and fully exempts agriculturally zoned properties from the 3-dog limit. It also creates a 'Personal Use Kennel' category explicitly for 'Livestock Guardian, Hunting and Predator Control' that allows for additional dogs.",By-law Number 2026-08,2026-02-04,COMPLETE - FARM FRIENDLY,Yes,"""Livestock Guardian Dog"" means a purpose bred and trained dog that works and/or lives with domestic farm animals to protect them for predators while aggressively repelling those predators, and is used exclusively for the purpose.",No,,No,Every owner of a dog shall cause a dog tag to be securely affixed on the dog at all times (until the tag needs replaced).,Yes,Yes,"No owner shall keep or permit to be kept more than three (3) dogs at any one time, per dwelling unit, location or residence within the Township of Amaranth, (unless you are on an Agricultural zoned property).",81
Blandford-Blenheim,Oxford,SUCCESS,,BY-LAW NUMBER 2275-2021,2021-09-01,COMPLETE - FARM FRIENDLY,Yes,"""Livestock Guardian Dog shall mean a dog that works and/or lives with domestic farm animals to protect them while repelling predators and is used exclusively for that purpose;""",Yes,"""Herding Dog shall mean a dog that has been trained and is actively being used in a bona fide farming operation for the purposes of controlling livestock on the farm;""",Yes,"The Township is no longer licensing dogs (program discontinued in 2022). Instead, owners must have either a personalized tag with contact information or microchip their dogs.",Yes,Yes,"Residents may keep a maximum of three (3) dogs which are over three (3) months at any one (1) location, unless a kennel license is obtained.",URL: https://www.blandfordblenheim.ca/media/uocbfd43/consolidated-2275-2021-animal-care-and-control.pdf. Contains highly accurate definitions for both LGDs and Herding Dogs. Barking is governed by a separate Noise Control By-law (2357-2023) which exempts normal farm practices.,BY-LAW NUMBER 2275-2021,2021-09-01,COMPLETE - FARM FRIENDLY,Yes,"""Livestock Guardian Dog shall mean a dog that works and/or lives with domestic farm animals to protect them while repelling predators and is used exclusively for that purpose;""",Yes,"""Herding Dog shall mean a dog that has been trained and is actively being used in a bona fide farming operation for the purposes of controlling livestock on the farm;""",Yes,"The Township is no longer licensing dogs (program discontinued in 2022). Instead, owners must have either a personalized tag with contact information or microchip their dogs.",Yes,Yes,"Residents may keep a maximum of three (3) dogs which are over three (3) months at any one (1) location, unless a kennel license is obtained.",221
Brant,Brant,SUCCESS,,By-Law Number 174-10,2010-08-10,COMPLETE - FARM FRIENDLY,No,,No,,No,"No person shall fail to keep the dog tag securely affixed to the dog for which it was issued, except while the dog is being lawfully used for hunting in the bush, provided the name of the registered owner and their phone number is written on the dog's collar.",Yes,Yes,"No person shall keep or permit to be kept more than three (3) dogs at any premises. However, a person may keep more than three dogs at a premises provided the person is keeping sheep upon the same premises, the premises is on land that is zoned agricultural, and the person provides proof of registration with the Ontario Sheep Marketing Agency.",URL: https://www.brant.ca/media/htqpbujq/animal-control.pdf. Uniquely provides a specific exemption to the 3-dog limit for farmers keeping sheep on agriculturally zoned land. The County's online dog licensing portal also explicitly lists 'Herding Dogs' as an exemption category.,By-Law Number 174-10,2010-08-10,COMPLETE - FARM FRIENDLY,No,,No,,No,"No person shall fail to keep the dog tag securely affixed to the dog for which it was issued, except while the dog is being lawfully used for hunting in the bush, provided the name of the registered owner and their phone number is written on the dog's collar.",Yes,Yes,"No person shall keep or permit to be kept more than three (3) dogs at any premises. However, a person may keep more than three dogs at a premises provided the person is keeping sheep upon the same premises, the premises is on land that is zoned agricultural, and the person provides proof of registration with the Ontario Sheep Marketing Agency.",277
Burlington,Halton,SUCCESS,,BY-LAW NUMBER 60-2005,2005-06-13,COMPLETE - FARM FRIENDLY,No,,No,,No,All dogs in Burlington must be licensed and wear the identification tag issued by the City.,Yes,N/A,Residents are allowed to own a maximum of 4 animals total (cats or dogs) per residence. This limit does not apply to properties outside of the Urban Planning Area.,URL: https://www.burlington.ca/en/by-laws-and-animal-services/resources/By-laws/By-law-Search/060-2005-By-law.pdf. Agricultural properties located outside the Urban Planning Area are implicitly exempted from the strict animal caps. Barking is governed by the Nuisance and Noise Control By-law (019-2003).,BY-LAW NUMBER 60-2005,2005-06-13,COMPLETE - FARM FRIENDLY,No,,No,,No,All dogs in Burlington must be licensed and wear the identification tag issued by the City.,Yes,N/A,Residents are allowed to own a maximum of 4 animals total (cats or dogs) per residence. This limit does not apply to properties outside of the Urban Planning Area.,361
Brock,Durham,SUCCESS,,By-Law Number 2446-2012-PP,2012-12-03,COMPLETE - FARM FRIENDLY,Yes,“Livestock Guardian Dog” (LGD) means a dog that works with domestic farm animals for protection from predators and is used exclusively for that purpose.,Yes,“Herding Dog” means a dog that has been trained and is actively being used in a bona fide farming operation for the purpose of controlling livestock.,No,"Livestock Guardian Dog or Herding Dog shall be exempt from wearing a collar or tag, provided that the Owner has paid the annual licensing fee, registered said dog with the Township and provided identifying information for the dog from an ear tattoo, micro-chip, and/or proof of membership with the Canadian Kennel Club.",Yes,N/A,"Maximum of 3 dogs per property. However, Working Dogs, Herding Dogs and LGDs are excluded from the definition of a 'Dog' in the bylaw entirely, explicitly exempting them from the limit.","URL: https://www.townshipofbrock.ca/media/rvwhdxuh/2446-2012-pp-animal-control-bylaw-accessible.pdf. Highly accommodating to farmers. It explicitly defines LGDs and Herding Dogs, and exempts them from having to wear a physical collar or tag while working (provided they are microchipped or tattooed) to protect them from snagging or injuries from predators.",By-Law Number 2446-2012-PP,2012-12-03,COMPLETE - FARM FRIENDLY,Yes,“Livestock Guardian Dog” (LGD) means a dog that works with domestic farm animals for protection from predators and is used exclusively for that purpose.,Yes,“Herding Dog” means a dog that has been trained and is actively being used in a bona fide farming operation for the purpose of controlling livestock.,No,"Livestock Guardian Dog or Herding Dog shall be exempt from wearing a collar or tag, provided that the Owner has paid the annual licensing fee, registered said dog with the Township and provided identifying information for the dog from an ear tattoo, micro-chip, and/or proof of membership with the Canadian Kennel Club.",Yes,No,"Maximum of 3 dogs per property. However, Working Dogs, Herding Dogs and LGDs are excluded from the definition of a 'Dog' in the bylaw entirely, explicitly exempting them from the limit.",305
Cambridge,Waterloo,SUCCESS,,By-law 172-13,2013-09-24,COMPLETE,No,,No,,No,All dogs (older than 12 weeks/4 months of age) residing within the City of Cambridge are to be licensed and have their license tag affixed at all times.,Yes,No,Maximum of three (3) dogs on property. Keeping more than three dogs requires a kennel licence.,A strictly urban-focused by-law enforced by the Cambridge & District Humane Society. No exemptions or specific provisions for farm dogs or LGDs were found.,By-law 172-13,2013-09-24,COMPLETE,No,,No,,No,All dogs (older than 12 weeks/4 months of age) residing within the City of Cambridge are to be licensed and have their license tag affixed at all times.,Yes,No,Maximum of three (3) dogs on property. Keeping more than three dogs requires a kennel licence.,396
Cavan Monaghan,Peterborough,SUCCESS,,By-law No. 2023-85,2023-11-20,COMPLETE - FARM FRIENDLY,No,,No,,No,Every person who is provided with a tag... shall ensure that the tag is affixed to the collar of the dog in such a manner that the tag can identify such dog to any person at all times.,Yes,Yes,"Maximum of three (3) dogs within any single detached dwelling, or two (2) dogs per dwelling unit. These limits shall not apply to a property which is zoned Agricultural, possesses a valid kennel license, or an approved veterinary office.",URL: https://www.cavanmonaghan.net/media/kjfbhhqi/by-law-no-2023-85.pdf. Extremely farm-friendly by broadly exempting all properties zoned Agricultural from the standard 3-dog limit. Noise By-law No. 2022-21 excludes noises generated by farm equipment and animals.,By-law No. 2023-85,2023-11-20,COMPLETE - FARM FRIENDLY,No,,No,,No,Every person who is provided with a tag... shall ensure that the tag is affixed to the collar of the dog in such a manner that the tag can identify such dog to any person at all times.,Yes,Yes,"Maximum of three (3) dogs within any single detached dwelling, or two (2) dogs per dwelling unit. These limits shall not apply to a property which is zoned Agricultural, possesses a valid kennel license, or an approved veterinary office.",438
Centre Wellington,Wellington,SUCCESS,,By-law 2019-70,2019-11-18,COMPLETE - FARM FRIENDLY,No,,Yes,"“Farm Dog” means a dog which is actively herding farm animals on agricultural property, such as cattle or sheep;",No,An owner of a dog shall keep the tag issued by the Township securely fixed on the dog for which it was issued at all times.,Yes,N/A,"No person shall keep or harbour or permit to be kept or harboured at any one time, more than three (3) dogs on a property. This limit does not apply to the owner of an Agricultural property that is actively being used for agricultural purposes.",URL: https://www.centrewellington.ca/media/32rgywui/19-70.pdf. The bylaw defines 'Farm Dog' to include herding dogs and exempts them from 'running at large' restrictions if active in their trained duties. It also explicitly exempts actively used agricultural properties from the 3-dog limit.,By-law 2019-70,2019-11-18,COMPLETE - FARM FRIENDLY,No,"“Farm Dog” means a dog which is actively herding farm animals on agricultural property, such as cattle or sheep;",Yes,"“Farm Dog” means a dog which is actively herding farm animals on agricultural property, such as cattle or sheep;",No,An owner of a dog shall keep the tag issued by the Township securely fixed on the dog for which it was issued at all times.,Yes,No,"No person shall keep or harbour or permit to be kept or harboured at any one time, more than three (3) dogs on a property. This limit does not apply to the owner of an Agricultural property that is actively being used for agricultural purposes.",487
Chatsworth,Grey,SUCCESS,,By-law Number 2019-32,2019-05-15,COMPLETE - FARM FRIENDLY,No,,No,,No,Every dog owner must ensure that the dog tag is securely fixed on the animal for the purpose of identification.,Yes,N/A,No person shall keep more than three (3) dogs on any property unless operating a licensed kennel. The bylaw establishes a 'Personal Use Kennel' category that permits keeping more than three dogs for predator control.,"URL: https://chatsworth.ca/wp-content/uploads/2021/08/2019-32-Animal-Control-By-law-Dogs-and-Kennels-amended-BL-2020-76.pdf. While the bylaw lacks a distinct LGD definition, it is farm-friendly because its 'Personal Use Kennel' provisions explicitly permit properties to keep more than 3 dogs specifically for the purpose of 'predator control'.",By-law Number 2019-32,2019-05-15,COMPLETE - FARM FRIENDLY,No,,No,,No,Every dog owner must ensure that the dog tag is securely fixed on the animal for the purpose of identification.,Yes,N/A,No person shall keep more than three (3) dogs on any property unless operating a licensed kennel. The bylaw establishes a 'Personal Use Kennel' category that permits keeping more than three dogs for predator control.,571
Dysart et al,Haliburton,SUCCESS,,By-law No. 2020-45,2020-06-23,COMPLETE,No,,No,,N/A,N/A,Yes,No,"The bylaw defines a kennel as a building or structure where more than 3 dogs are kept, meaning a maximum of 3 dogs is permitted before kennel regulations and zoning by-laws apply.",URL: https://www.dysartetal.ca/en/municipal-government/resources/Documents/By-law-2020-45-Canine-Control.pdf. The municipality abolished its dog licensing and tagging program entirely in June 2020. The current Canine Control By-law governs dog behaviour but has no specific exemptions for farm dogs or LGDs.,By-law No. 2020-45,2020-06-23,COMPLETE,No,,No,,N/A,N/A,Yes,No,"The bylaw defines a kennel as a building or structure where more than 3 dogs are kept, meaning a maximum of 3 dogs is permitted before kennel regulations and zoning by-laws apply.",753
East Gwillimbury,York,SUCCESS,,BY-LAW NUMBER 2020-085,2020-10-20,COMPLETE - FARM FRIENDLY,Yes,"“Working/Livestock Guardian Dog” means a Dog that is specifically trained to work and/or live with domestic farm Animals (ie. cattle, sheep, goats, etc.) without causing them harm while aggressively repelling predators;",No,,No,"Every Owner or Person in Control of, or in apparent Control of, a Dog shall Keep the Tag securely fixed on the Dog at all times (except while the dog is being used for hunting purposes or when a Working/Livestock Guardian Dog is actively engaged in their duties).",Yes,No,"No Person shall Keep more than three (3) Dogs in any Dwelling Unit or any other structure used for commercial, industrial, or institutional purposes within the Town.",URL: https://www.eastgwillimbury.ca/en/By-law-and-Parking/Animal-Care-and-Control-By-law-2020-085-and-admendment.pdf. Highly farm-friendly bylaw. It explicitly exempts Working/Livestock Guardian Dogs from wearing a collar/tag while actively engaged in their duties to prevent snagging or injury. Agricultural buildings are also implicitly exempt from the 3-dog limit. The municipality's fee schedule offers a flat-rate 'Working/Livestock Guardian Dog Licence' per farm.,BY-LAW NUMBER 2020-085,2020-10-20,COMPLETE - FARM FRIENDLY,Yes,"“Working/Livestock Guardian Dog” means a Dog that is specifically trained to work and/or live with domestic farm Animals (ie. cattle, sheep, goats, etc.) without causing them harm while aggressively repelling predators;",No,,No,"Every Owner or Person in Control of, or in apparent Control of, a Dog shall Keep the Tag securely fixed on the Dog at all times (except while the dog is being used for hunting purposes or when a Working/Livestock Guardian Dog is actively engaged in their duties).",Yes,No,"No Person shall Keep more than three (3) Dogs in any Dwelling Unit or any other structure used for commercial, industrial, or institutional purposes within the Town.",781
East Garafraxa,Dufferin,SUCCESS,,By-Law No. 2-95,,COMPLETE - FARM FRIENDLY,No,,No,,No,Failing to keep a dog tag securely fixed to a dog is an offence.,Yes,Yes,"Owning, operating, managing, controlling or supervising an unlicensed kennel is prohibited.","URL: https://www.eastgarafraxa.ca/media/2v3flm3v/32-2005-license-dogs.pdf. The complete text of By-Law 2-95 is not available online, only subsequent amendments. However, the township's separate Noise By-Law 43-2004 explicitly exempts 'noise or sounds normally associated with an agricultural operation, including the operation of farm machinery, animals, livestock, etc.' from barking and noise restrictions.",By-Law No. 2-95,1995-01-03,COMPLETE - FARM FRIENDLY,No,,No,,No,Failing to keep a dog tag securely fixed to a dog is an offence.,Yes,Yes,"Owning, operating, managing, controlling or supervising an unlicensed kennel is prohibited.",774
"Essex, T",Essex,SUCCESS,,By-Law Number 1966,,COMPLETE - FARM FRIENDLY,Yes,“Livestock Guardian Dog” means a Dog that works and/or lives with Livestock to protect them while repelling predators and is used exclusively for that purpose.,Yes,“Herding Dog” means a Dog that has been trained and is actively being used in an agricultural operation for the purposes of controlling Livestock on the farm;,Yes,"The Owner shall securely affix the dog tag to the Dog's Collar so that it will remain with the Dog at all times during the year, except for Livestock Guardian Dogs and Herding Dogs.",Yes,Yes,"No person shall keep more than three (3) dogs at any one time without providing proof that the Persons abutting the property on all sides of the Property where the Dogs are being kept consent to the keeping of more than three (3) dogs, or without a Kennel Licence.","URL: https://www.essex.ca/media/i3ac4jym/by-law-no-1966-animal-control-signed.pdf. Very farm-friendly bylaw. It clearly defines both Livestock Guardian Dogs and Herding Dogs, explicitly exempts both from wearing a dog tag, and their licensing program lists the fee for both as 'No charge'. Furthermore, the Town's Noise By-law (2422) exempts persistent noise making by any animal kept or used for agricultural purposes.",By-Law Number 1966,2023-03-06,COMPLETE - FARM FRIENDLY,Yes,“Livestock Guardian Dog” means a Dog that works and/or lives with Livestock to protect them while repelling predators and is used exclusively for that purpose.,Yes,“Herding Dog” means a Dog that has been trained and is actively being used in an agricultural operation for the purposes of controlling Livestock on the farm;,Yes,"The Owner shall securely affix the dog tag to the Dog's Collar so that it will remain with the Dog at all times during the year, except for Livestock Guardian Dogs and Herding Dogs.",Yes,Yes,"No person shall keep more than three (3) dogs at any one time without providing proof that the Persons abutting the property on all sides of the Property where the Dogs are being kept consent to the keeping of more than three (3) dogs, or without a Kennel Licence.",879
Gananoque,Leeds and Grenville,SUCCESS,,BY-LAW NO. 2010-03,2010-02-16,COMPLETE - FARM FRIENDLY,Yes,“Working Dog” shall include sheep dogs and mean a dog trained to aid in herding or protecting sheep and is actually being used for that purpose.,Yes,“Working Dog” shall include sheep dogs and mean a dog trained to aid in herding or protecting sheep and is actually being used for that purpose.,No,The dog tag shall be kept securely fixed on the dog at all times until the tag is renewed or replaced. This tag may be removed when the dog is being lawfully used for herding or protecting sheep on public or private lands.,Yes,No,Not more than a total of four (4) dogs shall be kept in or about any dwelling unit in an urban area.,"URL: https://s3.ca-central-1.amazonaws.com/gananoque.ca/s3fs-public/By-law%20No.%202010-03-Animal%20Control-Consolidated-07Jun2011_0.pdf. Farm friendly because it defines 'Working Dog' to include protecting and herding sheep, and uniquely allows them to have their tags removed when actively working on public or private lands. The 4-dog limit also explicitly only applies to an 'urban area'.",BY-LAW NO. 2010-03,2010-02-16,COMPLETE - FARM FRIENDLY,Yes,“Working Dog” shall include sheep dogs and mean a dog trained to aid in herding or protecting sheep and is actually being used for that purpose.,Yes,“Working Dog” shall include sheep dogs and mean a dog trained to aid in herding or protecting sheep and is actually being used for that purpose.,No,The dog tag shall be kept securely fixed on the dog at all times until the tag is renewed or replaced. This tag may be removed when the dog is being lawfully used for herding or protecting sheep on public or private lands.,Yes,No,Not more than a total of four (4) dogs shall be kept in or about any dwelling unit in an urban area.,949
Georgina,York,SUCCESS,,BY-LAW NUMBER 2004-0130 (LI-3),,COMPLETE - FARM FRIENDLY,No,,No,,No,"Every owner or person in control of, or in apparent control of, a registered dog shall keep the dog tag securely fixed on the animal at all times (except while the dog is being used for hunting purposes).",Yes,No,"No owner(s) or tenant(s) within any residential, commercial, industrial, or institutional zoned property in the Town of Georgina shall keep more than three dogs per property.","URL: https://www.georgina.ca/sites/default/files/2026-03/bylaw-2004-0130-li-3.pdf. The bylaw does not explicitly define farm dogs, but its 3-dog limit specifically only applies to residential, commercial, industrial, or institutional zones, effectively exempting agricultural and rural zoned properties from the dog limit.",BY-LAW NUMBER 2004-0130 (LI-3),2004-12-13,COMPLETE - FARM FRIENDLY,No,,No,,No,"Every owner or person in control of, or in apparent control of, a registered dog shall keep the dog tag securely fixed on the animal at all times (except while the dog is being used for hunting purposes).",Yes,No,"No owner(s) or tenant(s) within any residential, commercial, industrial, or institutional zoned property in the Town of Georgina shall keep more than three dogs per property.",977
Georgian Bay,Muskoka,SUCCESS,,By-law 2024-030,2024-01-01,COMPLETE,No,,No,,No,Dog owners must purchase lifetime dog licenses for all dogs in their ownership once the dog is 12 weeks of age or older.,Yes,Yes,"No person shall keep no more than three (3) dogs at anyone time on one property. This excludes the communities of Port Severn, Honey Harbour and MacTier, which only allow two (2) dogs to be kept on one property.","URL: https://www.gbtownship.ca/township-hall/animal-control/. Modernized animal control bylaw enforcing lifetime dog tags. While no specific exemptions for agricultural properties or farm dogs were found in the animal control regulations, the Township's Noise By-law 2022-030 explicitly exempts 'normal farming practices' from noise restrictions.",By-law 2024-030,2024-01-01,COMPLETE,No,,No,,No,Dog owners must purchase lifetime dog licenses for all dogs in their ownership once the dog is 12 weeks of age or older.,Yes,Yes,"No person shall keep no more than three (3) dogs at anyone time on one property. This excludes the communities of Port Severn, Honey Harbour and MacTier, which only allow two (2) dogs to be kept on one property.",963
Grand Valley,Dufferin,SUCCESS,,BY-LAW NUMBER 2014-46,2014-01-01,COMPLETE - FARM FRIENDLY,Yes,"""Farm Livestock Guardian Dog - shall mean a Dog which is actively guarding or herding farm animals, such as cattle or sheep, and such Dog is under the control of its Owner, who shall be a registered member of Ontario Federation of Agriculture or Christian Farmers Federation of Ontario;""",No,,Yes,Every dog must be licensed and bear a serial number tag.,Yes,No,"The bylaw restricts keeping more than two (2) Dogs on a property, provided that this section does not apply unless the dwelling unit is located on land zoned agricultural or has a kennel license.","URL: https://www.townofgrandvalley.ca/media/xk5n4mcq/2014-46-consolidated-2022.pdf. Highly farm-friendly bylaw. It explicitly defines 'Farm Livestock Guardian Dog' (noting OFA or CFFO membership) and exempts them from 'running at large' provisions while actively engaged in their trained duties. The town's Fees and Charges By-law lists 'Livestock Guardian' tags as 'No charge', and agriculturally zoned properties are exempt from the 2-dog limit.",BY-LAW NUMBER 2014-46,2014-01-01,COMPLETE - FARM FRIENDLY,Yes,"""Farm Livestock Guardian Dog - shall mean a Dog which is actively guarding or herding farm animals, such as cattle or sheep, and such Dog is under the control of its Owner, who shall be a registered member of Ontario Federation of Agriculture or Christian Farmers Federation of Ontario;""",No,,Yes,Every dog must be licensed and bear a serial number tag.,Yes,No,"The bylaw restricts keeping more than two (2) Dogs on a property, provided that this section does not apply unless the dwelling unit is located on land zoned agricultural or has a kennel license.",1012
Grimsby,Niagara,SUCCESS,,By-Law No. 10-06,2010-01-18,COMPLETE,No,,No,,No,Every person who keeps a dog shall obtain a dog licence tag and ensure it is affixed to the dog.,Yes,Yes,No more than three dogs over the age of 10 weeks can be kept on any premises unless grandfathered under the By-law or licensed as a Kennel.,"URL: https://www.grimsby.ca/media/fflmg41o/to-regulate-animal-care-and-control-in-the-town-of-grimsby-by-law-no-10-06-final.pdf. A standard animal control bylaw with no specific provisions, definitions, or exemptions for LGDs or working farm dogs. However, the Grimsby Noise By-law 11-22 exempts noises emitted in connection with normal agricultural operations.",By-Law No. 10-06,2010-01-18,COMPLETE,No,,No,,No,Every person who keeps a dog shall obtain a dog licence tag and ensure it is affixed to the dog.,Yes,Yes,No more than three dogs over the age of 10 weeks can be kept on any premises unless grandfathered under the By-law or licensed as a Kennel.,1068
"Hamilton, Tp",Northumberland,SUCCESS,,By-law Number 2022-43,2022-04-19,COMPLETE - FARM FRIENDLY,Yes,"“Working Dog” shall mean any of various breeds of dogs developed or trained to perform useful work to assist humans (i.e. herding animals, pulling wagons or sleds, or guarding property) and excludes hunting dogs.",No,,No,Every dog Owner shall cause a dog tag to be securely affixed on the dog at all times (until the tag needs replaced).,Yes,Yes,"No person shall have, retain, harbor or have possession of more than three (3) dogs within or about any single detached dwelling, or more than two (2) dogs within or about any dwelling unit. This limit shall not apply to a property which is zoned Agricultural or possesses a valid kennel license.","URL: https://www.hamiltontownship.ca/media/5j2o1bho/by-law-2022-43-animal-control-by-law-repeal-2021-04.pdf. Farm-friendly bylaw that explicitly defines 'Working Dog' to include guarding property and herding, and entirely exempts Agriculturally zoned properties from the 3-dog limit. The Township's Noise By-law (2014-36) also explicitly restricts persistent noise to animals 'kept or used for any purpose other than agriculture', effectively exempting farm dogs.",By-law Number 2022-43,2022-04-19,COMPLETE - FARM FRIENDLY,Yes,"“Working Dog” shall mean any of various breeds of dogs developed or trained to perform useful work to assist humans (i.e. herding animals, pulling wagons or sleds, or guarding property) and excludes hunting dogs.",No,,No,Every dog Owner shall cause a dog tag to be securely affixed on the dog at all times (until the tag needs replaced).,Yes,Yes,"No person shall have, retain, harbor or have possession of more than three (3) dogs within or about any single detached dwelling, or more than two (2) dogs within or about any dwelling unit. This limit shall not apply to a property which is zoned Agricultural or possesses a valid kennel license.",1124
Kingston,Frontenac,SUCCESS,,By-Law Number 2021-166,2021-10-05,COMPLETE - FARM FRIENDLY,No,,Yes,"“Herding Dog” means a Dog that has been trained and used to work as part of a farming operation for guarding, control or protection of Livestock;",Yes,A Person shall register or renew the registration of a Dog or Cat... Subsection 5.1 does not apply to a Cat kept in the Rural Area or to a Herding Dog.,Yes,Yes,No limit on the number of dogs per residence.,"URL: https://www.cityofkingston.ca/media/ttmlly2u/clerks_bylaw_animals.pdf. Highly farm-friendly bylaw. It explicitly defines 'Herding Dog' to uniquely include the guarding and protection of livestock (which directly encompasses LGDs). Herding Dogs are explicitly exempted from the dog licensing and registration requirements entirely. The City's Noise Bylaw (2004-52) also restricts persistent barking by animals 'kept as household pets', which working farm dogs are not.",By-Law Number 2021-166,2021-10-05,COMPLETE - FARM FRIENDLY,No,,Yes,"“Herding Dog” means a Dog that has been trained and used to work as part of a farming operation for guarding, control or protection of Livestock;",Yes,A Person shall register or renew the registration of a Dog or Cat... Subsection 5.1 does not apply to a Cat kept in the Rural Area or to a Herding Dog.,Yes,Yes,No limit on the number of dogs per residence.,1404
LaSalle,Essex,SUCCESS,,By-law Number 8705,,COMPLETE,No,,No,,No,All dogs living in the Town of LaSalle are required to be licensed and wear a licence in the form of a dog tag.,Yes,No,No Person or household shall own in excess of three Dogs at any one time (exemptions apply for temporary fostering).,"URL: https://www.lasalle.ca/media/xtnfxaes/bylaw-8705-animal-control-accessible.pdf. Standard animal control bylaw. A limit of 3 dogs applies, and there are no specific exemptions listed for agricultural properties or farm dogs. The Noise By-law (8706) regulates noise without any explicit exemption for agricultural animals barking.",By-law Number 8705,2022-05-24,COMPLETE,No,,No,,No,All dogs living in the Town of LaSalle are required to be licensed and wear a licence in the form of a dog tag.,Yes,No,No Person or household shall own in excess of three Dogs at any one time (exemptions apply for temporary fostering).,1502
Lakeshore,Essex,SUCCESS,,By-law 27-2022,2022-04-26,COMPLETE - FARM FRIENDLY,No,,No,,No,Every Keeper shall ensure that the Tag corresponding to the Licence issued for their Dog is attached to the Dog at all times (except when on the premises of its keeper).,Yes,Yes,No person shall keep in or about any Dwelling Unit or Premises more than three (3) Dogs. A Premises owner may be exempt from this limit if the Dog is on Premises designated as Agricultural in the Zoning By-law that are more than 0.5 hectares in size and the Dog is sufficiently trained so as to remain on the Premises.,"URL: https://www.lakeshore.ca/media/0h2gziai/by-law-27-2023-being-a-by-law-respecting-animal-care-and-control-in-the-municipality-of-lakeshore.pdf. The bylaw is highly farm-friendly because it explicitly exempts properties designated as Agricultural that are more than 0.5 hectares from the 3-dog limit, provided the dog is trained to remain on the premises. Noise By-law 16-2024 also exempts normal farm practices.",By-law 27-2022,2022-04-26,COMPLETE - FARM FRIENDLY,No,,No,,No,Every Keeper shall ensure that the Tag corresponding to the Licence issued for their Dog is attached to the Dog at all times (except when on the premises of its keeper).,Yes,Yes,No person shall keep in or about any Dwelling Unit or Premises more than three (3) Dogs. A Premises owner may be exempt from this limit if the Dog is on Premises designated as Agricultural in the Zoning By-law that are more than 0.5 hectares in size and the Dog is sufficiently trained so as to remain on the Premises.,1460
Lambton Shores,Lambton,SUCCESS,,By-law 37-2009,,COMPLETE,No,,No,,N/A,The municipality does not sell or issue dog tags.,Yes,Yes,"No person may keep upon or in any lands or premises within the Municipality of Lambton Shores more than two (2) dogs, unless a kennel license has been obtained.","URL: https://www.lambtonshores.ca/media/5xknjfjh/by-law-37-2009-control-of-dogs.pdf. The municipality discontinued its dog licensing program so no tags are required or issued. The bylaw strictly limits premises to 2 dogs unless licensed as a kennel, with no specific agricultural exemptions found. Barking is governed by Noise By-law 30-2002, which explicitly exempts normal farm practices under the Farming and Food Production Protection Act.",By-law 37-2009,2013-12-19,COMPLETE,No,,No,,N/A,The municipality does not sell or issue dog tags.,Yes,Yes,"No person may keep upon or in any lands or premises within the Municipality of Lambton Shores more than two (2) dogs, unless a kennel license has been obtained.",1467
Markham,York,SUCCESS,,By-Law 2018-91,2018-06-26,COMPLETE,No,,No,,No,"All dogs and cats must be registered, wear an identification tag issued by the City, and be vaccinated against rabies.",Yes,No,"The number of mature dogs (16 weeks and older) and cats (over 3 months old) that can be kept in each home is four in total, with a strict maximum of two (2) dogs per home.","URL: https://www.markham.ca/sites/default/files/permits-licenses-taxes/bylaws-off-leash-areas/Attachment%20H%20-%20Animal%20Protection%20and%20Servcies%20By%20law%202018-91.pdf. Standard animal control bylaw for a highly urbanized municipality. Defines 'Law Enforcement Working Dog' but has no provisions for farm dogs or LGDs. Noise By-law 2017-74 regulates excessive noise from animals, such as barking, calling or whining, and does not provide an agricultural exemption.",By-Law 2018-91,2018-06-26,COMPLETE,No,,No,,No,"All dogs and cats must be registered, wear an identification tag issued by the City, and be vaccinated against rabies.",Yes,No,"The number of mature dogs (16 weeks and older) and cats (over 3 months old) that can be kept in each home is four in total, with a strict maximum of two (2) dogs per home.",1642
Mississauga,Peel,SUCCESS,,Animal Care and Control By-law 0098-2004,2004-03-10,COMPLETE,No,,No,,No,Every Owner of a Dog or Cat shall obtain a new Licence... Pet licenses must be visible on the pet's collar.,Yes,No,The By-law limits the keeping of animals to four (4) per household.,URL: https://www.mississauga.ca/wp-content/uploads/2024/08/21145710/Animal-Care-and-Control-By-law-0098-2004.pdf. Standard urban-focused animal control bylaw. The bylaw features a general pet limit and mandatory registration with no specific exemptions for agricultural operations or farm dogs. The city's noise regulations also restrict barking without agricultural exemptions.,Animal Care and Control By-law 0098-2004,2004-03-10,COMPLETE,No,,No,,No,Every Owner of a Dog or Cat shall obtain a new Licence... Pet licenses must be visible on the pet's collar.,Yes,No,The By-law limits the keeping of animals to four (4) per household.,1789
Newmarket,York,SUCCESS,,Animal Control By-law 2020-30,2020-06-29,COMPLETE,No,,No,,No,Every Owner of a Cat or Dog over the age of twelve (12) weeks shall Licence the Domestic Animal with the Town and shall maintain the Licence in good standing. Licence means an identification tag which is to be affixed to the collar.,Yes,No,"No Person shall Keep, possess, or harbour, or permit to be kept, possessed, or harboured more than three (3) Dogs or four (4) Cats within or about any Dwelling Unit, unless the additional Dog(s) or Cat(s) is accompanied by an Owner who does not reside at the Dwelling Unit.","URL: https://www.newmarket.ca/LivingHere/Documents/2020-30%20Animal%20Control%20By-law.pdf. An urban animal control bylaw that caps dogs at 3 per dwelling unit. There are no provisions, definitions, or exemptions recognizing farm dogs, herding dogs, or livestock guardian dogs. The bylaw also strictly prohibits repetitive or persistent barking.",Animal Control By-law 2020-30,2020-06-29,COMPLETE,No,,No,,No,Every Owner of a Cat or Dog over the age of twelve (12) weeks shall Licence the Domestic Animal with the Town and shall maintain the Licence in good standing. Licence means an identification tag which is to be affixed to the collar.,Yes,No,"No Person shall Keep, possess, or harbour, or permit to be kept, possessed, or harboured more than three (3) Dogs or four (4) Cats within or about any Dwelling Unit, unless the additional Dog(s) or Cat(s) is accompanied by an Owner who does not reside at the Dwelling Unit.",1894
Niagara Falls,Niagara,SUCCESS,,Animal Control By-law 2019-35,2019-03-19,COMPLETE - FARM FRIENDLY,No,,No,,No,Every owner must register the dog and securely affix the dog identification tag to the dog's collar at all times.,Yes,Yes,Keeping more than three (3) dogs over ten (10) weeks of age on a premises is prohibited unless operating a licensed Hobby Kennel or Breeding Kennel.,"URL: https://niagarafalls.ca/media/n0yprszz/animal-control-bylaw-2019-35_03192019.pdf. While the animal control bylaw does not explicitly define working dogs, the City's fine schedule and noise enforcement regulations explicitly exempt 'any domestic pet or other animal kept or used for any purpose other than agriculture' from barking/noise restrictions, rendering it farm-friendly.",Animal Control By-law 2019-35,2019-03-19,COMPLETE - FARM FRIENDLY,No,,No,,No,Every owner must register the dog and securely affix the dog identification tag to the dog's collar at all times.,Yes,Yes,Keeping more than three (3) dogs over ten (10) weeks of age on a premises is prohibited unless operating a licensed Hobby Kennel or Breeding Kennel.,1901
North Dumfries,Waterloo,SUCCESS,,By-law Number 3160-20,,COMPLETE - FARM FRIENDLY,No,,No,,No,"Every Owner of a Dog, before the 15th day of February in each year... shall licence and register such Dog with the Township.",Yes,Yes,"No person, being an Owner, tenant or occupant of a Property, shall keep, own or Harbour, or permit to be kept, owned or harboured, more than three (3) Dogs per Dwelling Unit (unless holding a valid kennel licence).","URL: https://www.northdumfries.ca/media/phsevkdh/by-law-no-3160-20-regulate-dogs-and-licence-dog-kennels-repeal-by-laws-1268-90-1294-91-2255-07.pdf. Standard animal control bylaw with a 3-dog limit. No explicit provisions or definitions for LGDs or working farm dogs. However, the Township's Noise By-Law (3421-23) explicitly exempts 'normal farming operations' as governed by the Farming and Food Production Protection Act from noise restrictions.",By-law Number 3160-20,2020-06-22,COMPLETE - FARM FRIENDLY,No,,No,,No,"Every Owner of a Dog, before the 15th day of February in each year... shall licence and register such Dog with the Township.",Yes,Yes,"No person, being an Owner, tenant or occupant of a Property, shall keep, own or Harbour, or permit to be kept, owned or harboured, more than three (3) Dogs per Dwelling Unit (unless holding a valid kennel licence).",1957
Newbury,Middlesex,SUCCESS,,Animal Control By-law Number 131-15,,NO BY-LAW IN PLACE,N/A,,N/A,,N/A,N/A,N/A,N/A,N/A,"BYLAW NOT FOUND. Animal control services for the Village of Newbury are contracted to the Humane Society London & Middlesex (HSLM), which enforces Animal Control By-law Number 131-15. However, the full text of the bylaw is not available online.",Animal Control By-law Number 131-15,2015-12-15,NO BY-LAW IN PLACE,No,,No,,No,Yes,Yes,No,"2 No Guardian shall keep in or upon any lands or premises within the Village of Newbury, irrespective of the number of owners, more than two (2) dogs, provided that any young born on the premises may be kept there for a period not exceeding twelve (12) weeks after birth.",1887
North Perth,Perth,SUCCESS,,By-law No. 65-2014,,COMPLETE - FARM FRIENDLY,No,,No,,No,"Every owner of a dog in the Municipality, shall cause a dog tag to be securely affixed on the dog at all times and no person shall remove the tag from a licensed dog; however, a dog tag may be removed while a dog is being lawfully used for hunting in the bush.",Yes,Yes,A maximum of three (3) dogs is generally permitted before the premises is defined as a kennel (which requires a kennel licence).,"URL: https://www.northperth.ca/media/k1ul1lrb/65-2014-animal-control-by-law.pdf. While the Animal Control By-law lacks explicit LGD provisions, the Township's Noise Control By-law (32-AD-2001) is farm-friendly as it explicitly exempts 'Persistent barking, calling or whining or other similar persistent noise made by any domestic pet or animal kept or used for any purpose other than agriculture.'",By-law No. 65-2014,2014-05-05,COMPLETE - FARM FRIENDLY,No,,No,,No,"Every owner of a dog in the Municipality, shall cause a dog tag to be securely affixed on the dog at all times and no person shall remove the tag from a licensed dog; however, a dog tag may be removed while a dog is being lawfully used for hunting in the bush.",Yes,Yes,A maximum of three (3) dogs is generally permitted before the premises is defined as a kennel (which requires a kennel licence).,1992
Ottawa,Ottawa,SUCCESS,,Animal Care and Control By-law No. 2003-077,2003-01-01,COMPLETE,No,,No,,No,"Every owner of a dog shall: keep the dog identification tag, issued by the City as part of the registration, securely affixed on the collar or harness on the dog at all times.",Yes,No,"Only three (3) dogs over twenty (20) weeks of age may be kept in a residence unless the premises is a licensed kennel, an accredited veterinary facility or a registered facility for temporary foster care.","URL: https://ottawa.ca/en/living-ottawa/laws-licences-and-permits/laws/laws-z/animal-care-and-control-law-no-2003-077. The City's website explicitly states: 'Whether you reside in urban or rural Ottawa, dogs and cats are subject to the same animal control bylaws including pet registration and noise complaints from barking dogs.' There are no exemptions for farm dogs, LGDs, or rural properties for the 3-dog limit or licensing.",Animal Care and Control By-law No. 2003-077,2003-01-01,COMPLETE,No,,No,,No,"Every owner of a dog shall: keep the dog identification tag, issued by the City as part of the registration, securely affixed on the collar or harness on the dog at all times.",Yes,No,"Only three (3) dogs over twenty (20) weeks of age may be kept in a residence unless the premises is a licensed kennel, an accredited veterinary facility or a registered facility for temporary foster care.",2104
Orillia,Simcoe,SUCCESS,,Municipal Code Chapter 284 (Dog Licensing) & Chapter 285 (Care of Animals),,COMPLETE,No,,No,,No,All dog owners in Orillia must license their dog(s). Failing to keep a dog tag securely affixed to a dog is an offence.,Yes,No,A maximum of two dogs is permitted per dwelling unit.,URL: https://www.orillia.ca/en/living-here/animalcontrollicensing.aspx. An entirely urban-focused set of animal control codes with a strict 2-dog limit per household and a strict restriction against howling or barking excessively that is explicitly enforced '24 hours per day'. No working dog provisions found.,Municipal Code Chapter 284 (Dog Licensing) & Chapter 285 (Care of Animals),2023-09-25,COMPLETE,No,,No,,No,All dog owners in Orillia must license their dog(s). Failing to keep a dog tag securely affixed to a dog is an offence.,Yes,No,A maximum of two dogs is permitted per dwelling unit.,2076
Oshawa,Durham,SUCCESS,,Responsible Pet Owners By-law 14-2010,2010-01-01,COMPLETE,No,,No,,No,"All cats, dogs and ferrets must have a licence in Oshawa. Lifetime licences require a microchip.",Yes,No,No person shall keep more than three dogs in and about any dwelling unit within the City.,URL: https://www.oshawa.ca/media/0hxhuv13/responsiblepetowners14-2010.pdf. Standard urban 'Responsible Pet Owners By-law' with strict tethering and penning provisions. No definitions or exemptions for working farm dogs or LGDs.,Responsible Pet Owners By-law 14-2010,2010-01-01,COMPLETE,No,,No,,No,"All cats, dogs and ferrets must have a licence in Oshawa. Lifetime licences require a microchip.",Yes,No,No person shall keep more than three dogs in and about any dwelling unit within the City.,2090
Pelham,Niagara,SUCCESS,,Animal Control By-law No. 69-2024,2024-01-01,COMPLETE - FARM FRIENDLY,No,,No,,No,Owners must obtain or renew dog licences.,Yes,Yes,"Not explicitly stated in the Animal Control By-law, however, properties keeping dogs must comply with Kennel definitions and limits in the Comprehensive Zoning By-law.","URL: https://www.pelham.ca/media/ao4j45pd/69-2024-animal-control-by-law.pdf. A newly enacted by-law that repeals all older animal control and dog licensing by-laws. While the Animal Control By-law itself does not explicitly define LGDs, the Town's Noise By-law (4454-2022) is farm-friendly as it explicitly exempts from nuisance noise: 'Persistent barking, howling, whining, squawking or other like sounds made by any Animal kept or used for any purpose other than a Normal Farm Practice carried on by an Agricultural Operation.'",Animal Control By-law No. 69-2024,2024-01-01,COMPLETE - FARM FRIENDLY,No,,No,,No,Owners must obtain or renew dog licences.,Yes,Yes,"Not explicitly stated in the Animal Control By-law, however, properties keeping dogs must comply with Kennel definitions and limits in the Comprehensive Zoning By-law.",2153
Pickering,Durham,SUCCESS,,Responsible Pet Ownership By-law No. 6811/07,2007-01-01,COMPLETE,No,,No,,No,"Upon payment of the licence fee, the owner shall be provided with a tag and such tag shall be securely fixed on the animal to which it was issued at all times.",Yes,No,The Responsible Pet Ownership By-law states that you may own a maximum of 3 dogs per household.,URL: https://www.pickering.ca/media/dfplhxaj/responsiblepetbylaw-acc.pdf. A standard urban Responsible Pet Ownership bylaw. Pickering actively investigates and fines nuisance barking dogs with no explicit exemption for agricultural noise found in the by-law.,Responsible Pet Ownership By-law No. 6811/07,2007-01-01,COMPLETE,No,,No,,No,"Upon payment of the licence fee, the owner shall be provided with a tag and such tag shall be securely fixed on the animal to which it was issued at all times.",Yes,No,The Responsible Pet Ownership By-law states that you may own a maximum of 3 dogs per household.,2237
Perth East,Perth,SUCCESS,,By-law Number 02-2007 (Amended by 09-2017),2007-01-16,COMPLETE,No,,No,,No,"On payment of the fee or fees, the owner shall be furnished with a Dog Tag for each dog. This dog tag shall be kept securely affixed to the dog at all times.",Yes,N/A,No more than two (2) dogs over the age of 16 weeks (4 months) may be kept in or about a dwelling unit or premises within the corporate limits of the Township of Perth East. This section shall not apply to any person who is entitled to and has obtained a Kennel License.,"URL: https://www.pertheast.ca/wp-content/uploads/2025/04/09_2017G.pdf. Standard animal control bylaw with a strict 2-dog limit. Properties with more than two dogs must obtain a kennel licence, which are only permitted within Agricultural zones, but there are no specific exemptions listed for unkennelled LGDs.",By-law Number 02-2007 (Amended by 09-2017),2007-01-16,COMPLETE,No,"a dog that works and / or lives with domestic farm animals (e.g. cattle, sheep, poultry) to protect them while repelling predators and is used exclusively for that purpose.",No,a dog that has been trained and is actively being used in a bona fide farming operation for the purposes of controlling livestock on the farm.,No,"On payment of the fee or fees, the owner shall be furnished with a Dog Tag for each dog. This dog tag shall be kept securely affixed to the dog at all times.",Yes,Yes,No more than two (2) dogs over the age of 16 weeks (4 months) may be kept in or about a dwelling unit or premises within the corporate limits of the Township of Perth East. This section shall not apply to any person who is entitled to and has obtained a Kennel License.,2181
Puslinch,Wellington,SUCCESS,,Dog Licence By-law Number 8/99,1999-01-01,COMPLETE,No,,No,,No,Every person shall procure a licence and have the dog registered. This dog tag shall be kept securely affixed to the dog at all times.,Yes,No,"No person, except a person to whom a kennel licence has been issued, shall at any one time in any one location within the Corporation keep or harbor more than 3 dogs of an age in excess of 3 months.","URL: https://puslinch.ca/wp-content/uploads/2019/09/Dog-Licence-By-Law.pdf. The Township of Puslinch requires anyone with more than 3 dogs to obtain a kennel license, which is strictly governed by proper zoning constraints. Although the Ontario Sheep Farmers (OSF) submitted a proposal to Puslinch Council in Jan 2023 to add LGD definitions and exemptions to their bylaw, the currently available materials do not reflect these changes.",Dog Licence By-law Number 8/99,1999-01-01,COMPLETE,No,,No,,No,Every person shall procure a licence and have the dog registered. This dog tag shall be kept securely affixed to the dog at all times.,Yes,No,"No person, except a person to whom a kennel licence has been issued, shall at any one time in any one location within the Corporation keep or harbor more than 3 dogs of an age in excess of 3 months.",2321
Ramara,Simcoe,SUCCESS,,Canine Control Bylaw 2005.76,2005-01-01,COMPLETE - FARM FRIENDLY,No,,No,,No,Dogs tags must be securely fixed on the dog at all times until tag is renewed or replaced.,Yes,No,Limit of three dogs per property. Exemption: 'Any bonafide farmer who owns livestock... may harbour up to three dogs in addition to any licenced dogs for the property provided the predator protection does reside with the livestock they are protecting.',URL: https://www.ramara.ca/media/emlaswh0/2005_76caninecontrolbylaw.pdf. This bylaw is highly farm-friendly. It provides a specific 'Predator Protection' exemption that doubles the dog limit (+3 additional dogs) for bona fide farmers keeping dogs that reside with livestock.,Canine Control Bylaw 2005.76,2005-01-01,COMPLETE - FARM FRIENDLY,No,,No,,No,Dogs tags must be securely fixed on the dog at all times until tag is renewed or replaced.,Yes,No,Limit of three dogs per property. Exemption: 'Any bonafide farmer who owns livestock... may harbour up to three dogs in addition to any licenced dogs for the property provided the predator protection does reside with the livestock they are protecting.',2342
Seguin,Parry Sound,SUCCESS,,Consolidated By-law No. 2002-056,,COMPLETE,No,,No,,No,All dogs must be licensed with the Township. The dog tag must be affixed to the dog and is valid for the lifetime of the registered dog.,Yes,No,Not explicitly stated in available municipal summaries; operating a kennel for breeding or boarding requires a separate Kennel Licence under By-law No. 2003-30.,"URL: https://seguin.ca/find-law. The full consolidated text of By-law 2002-056 is not available online, but municipal summaries outline standard licensing rules. Seguin's Noise By-law 2023-030 restricts barking but does not provide an explicit exemption for agricultural operations or farm dogs.",Consolidated By-law No. 2002-056,2012-01-01,COMPLETE,No,,No,,No,All dogs must be licensed with the Township. The dog tag must be affixed to the dog and is valid for the lifetime of the registered dog.,Yes,No,Not explicitly stated in available municipal summaries; operating a kennel for breeding or boarding requires a separate Kennel Licence under By-law No. 2003-30.,2447
Southgate,Grey,SUCCESS,,By-law 2024-078,2024-06-19,COMPLETE - FARM FRIENDLY,Yes,"“Livestock guardian dog” means a dog that works and lives with domestic farm animals, including but not limited to livestock for the purposes of protection from predation;",No,,No,"The Owner shall keep the tag securely fixed on the Dog at all times until the tag is renewed or replaced, except while the Dog is being lawfully used for hunting or working. It is encouraged that Owners have Hunting Dogs and Working Dogs micro-chipped or appropriate collar identification of the Owner.",Yes,Yes,"No person shall harbour or permit to be harboured at any one time, more than three (3) dogs on a property or per dwelling unit inclusive of a hunting dog, working dog, service dog or guide dog.",URL: https://www.southgate.ca/media/dpjdxwb5/by-law-2024-078-canine-control-by-law-for-website.pdf. Farm-friendly by-law that explicitly defines 'Livestock guardian dog' (and includes them under the 'Working Dog' definition). It specifically exempts working dogs from having to wear a physical tag while working to prevent snagging or injury. Note that the 3-dog limit explicitly includes working dogs unless a kennel license is obtained. The Township's Noise By-law (2021-132) contains a broad exemption for Agricultural Operations.,By-law 2024-078,2024-06-19,COMPLETE - FARM FRIENDLY,Yes,"“Livestock guardian dog” means a dog that works and lives with domestic farm animals, including but not limited to livestock for the purposes of protection from predation;",No,,No,"The Owner shall keep the tag securely fixed on the Dog at all times until the tag is renewed or replaced, except while the Dog is being lawfully used for hunting or working. It is encouraged that Owners have Hunting Dogs and Working Dogs micro-chipped or appropriate collar identification of the Owner.",Yes,Yes,"No person shall harbour or permit to be harboured at any one time, more than three (3) dogs on a property or per dwelling unit inclusive of a hunting dog, working dog, service dog or guide dog.",2580
South Huron,Huron,SUCCESS,,By-Law 21-2018,,COMPLETE,No,,No,,N/A,"Effective January 1, 2026, the Municipality ended its dog licensing and registration program. Residents are no longer required to purchase or renew dog tags.",Yes,No,"There is a strict limit of two (2) dogs per household. The total number of cats and dogs in a household cannot exceed four (4). A kennel license may be issued to the owner of confined dogs kept exclusively for hunting, working or dog-sled purposes (which allows keeping more than two dogs).","URL: https://www.southhuron.ca/media/bgxbb4v1/animal-control-by-law-21-2018-office-consolidation.pdf. The municipality abolished its dog licensing and tagging program entirely effective 2026. A strict 2-dog limit per household remains in effect, but ""working"" dogs are explicitly listed as a permitted reason to apply for a kennel licence.",By-Law 21-2018,,COMPLETE,No,,No,,No,"Effective January 1, 2026, the Municipality ended its dog licensing and registration program. Residents are no longer required to purchase or renew dog tags.",Yes,No,"There is a strict limit of two (2) dogs per household. The total number of cats and dogs in a household cannot exceed four (4). A kennel license may be issued to the owner of confined dogs kept exclusively for hunting, working or dog-sled purposes (which allows keeping more than two dogs).",2559
South-West Oxford,Oxford,SUCCESS,,By-law No. 76-2017,,COMPLETE - FARM FRIENDLY,No,,No,,N/A,"The Township discontinued municipal dog tags in 2022. Pet owners must provide alternative identification, such as a personalized ID tag or microchip, kept securely fixed on the dog at all times when off the owner's dwelling.",Yes,Yes,No person shall keep more than three (3) dogs in a dwelling unit within the Township on all zoned properties. Anyone keeping more than 3 dogs requires a kennel license.,"URL: https://www.swox.org/media/px3kch22/76-2017-animal-care-and-control-by-law-consolidated-2023.pdf. The dog limit explicitly applies to 'all zoned properties', which includes agricultural zones, with no exemptions mentioned for working farm dogs. However, the Township's Noise By-Law No. 49-2021 is explicitly farm-friendly; it restricts persistent barking from ""any domestic pet or any other animal kept or used for any purpose other than agriculture,"" thereby entirely exempting agricultural working dogs from the barking restrictions.",By-law No. 76-2017,2018-01-01,COMPLETE - FARM FRIENDLY,No,,No,,No,"The Township discontinued municipal dog tags in 2022. Pet owners must provide alternative identification, such as a personalized ID tag or microchip, kept securely fixed on the dog at all times when off the owner's dwelling.",Yes,Yes,No person shall keep more than three (3) dogs in a dwelling unit within the Township on all zoned properties. Anyone keeping more than 3 dogs requires a kennel license.,2594
Springwater,Simcoe,SUCCESS,,Animal Control By-law 2020-080,,COMPLETE,No,,No,,No,Every dog in Springwater must be licensed and wear the licensing tag on their collar at all times.,Yes,No,There is a limit of four (4) dogs per single detached home or two (2) dogs per multi-residential household. A kennel license is required for more than 3 dogs (By-law 2008-118).,URL: https://www.springwater.ca/living-here/animal-services/. Standard animal control bylaw with no distinct exemptions or provisions for working farm dogs or LGDs found.,Animal Control By-law 2020-080,2020-10-21,COMPLETE,No,,No,,No,Every dog in Springwater must be licensed and wear the licensing tag on their collar at all times.,Yes,No,There is a limit of four (4) dogs per single detached home or two (2) dogs per multi-residential household. A kennel license is required for more than 3 dogs (By-law 2008-118).,2615
Stratford,Perth,SUCCESS,,Animal Control By-law 195-2002,2002-12-09,COMPLETE,No,,No,,No,All dogs and cats living in Stratford must be registered with the City and wear a valid tag.,Yes,No,No person shall keep or harbour or permit to be kept or harboured more than three (3) unaltered dogs or cats on property in the city of Stratford.,"URL: https://www.stratford.ca/en/inside-city-hall/resources/CORPORATE-SERVICES/CLERKS/Animal-Control---195-2002---Accessible.pdf. A highly urban-focused animal control by-law enforced by the Stratford-Perth Humane Society. Uniquely restricts households to a maximum of three (3) unaltered dogs/cats, meaning there is no strict cap on the number of spayed/neutered pets. The by-law explicitly lists animals used for agricultural purposes as prohibited in the city limits.",Animal Control By-law 195-2002,2002-12-09,COMPLETE,No,,No,,No,All dogs and cats living in Stratford must be registered with the City and wear a valid tag.,Yes,No,No person shall keep or harbour or permit to be kept or harboured more than three (3) unaltered dogs or cats on property in the city of Stratford.,2685
St Marys,Perth,SUCCESS,,Animal Control By-law 56-2023,2023-01-01,COMPLETE,No,,No,,No,Dog and cat owners are required to register their pet every year. The Town of St. Marys issues lifetime pet tags.,Yes,N/A,"Not explicitly stated online, but keeping a large number of dogs requires a $300/year Kennel Licence.","URL: https://www.townofstmarys.com/home-property-roads/animal-services/pet-licences/. Standard animal control bylaw. Service animals supporting persons with visual or hearing disabilities are exempt from annual fees, but there are no mentions of fee exemptions or definitions for farm dogs or LGDs.",Animal Control By-law 56-2023,2023-01-01,COMPLETE,No,,No,,No,Dog and cat owners are required to register their pet every year. The Town of St. Marys issues lifetime pet tags.,Yes,No,"Not explicitly stated online, but keeping a large number of dogs requires a $300/year Kennel Licence.",2650
Strathroy-Caradoc,Middlesex,SUCCESS,,Animal Care and Control By-law 60-09,2009-10-19,COMPLETE,No,,No,,Yes,"If you own a dog in the Municipality of Strathroy-Caradoc, your dog must be licensed and the tag must be attached to the dog at all times when he or she is not on your property.",Yes,N/A,"Standard limit applies; kennels are defined as establishments where three or more dogs are housed, boarded or bred.",URL: https://www.strathroy-caradoc.ca/media/30bfz0a3/bylaw6009-animalcareandcontrol.pdf. The municipality abolished dog licence fees in 2009. The Municipality issues permanent dog tags for the lifetime of the dog at no charge for everyone.,Animal Care and Control By-law 60-09,2009-10-19,COMPLETE,No,,No,,Yes,"If you own a dog in the Municipality of Strathroy-Caradoc, your dog must be licensed and the tag must be attached to the dog at all times when he or she is not on your property.",Yes,No,"Standard limit applies; kennels are defined as establishments where three or more dogs are housed, boarded or bred.",2692
Tecumseh,Essex,SUCCESS,,By-Law Number 2025-087,2025-01-01,COMPLETE - FARM FRIENDLY,Yes,“Livestock Guardian Dog” means a Dog that works and/or lives with Livestock to protect them while repelling predators and is kept exclusively for that purpose.,Yes,“Herding Dog” means a Dog that has been trained and is actively being used in an agricultural operation for the purposes of controlling Livestock.,No,"All dogs must be licensed yearly, including those owned by Kennel Owners/Operators. The dog tag must be affixed to the dog.",Yes,N/A,"No person shall keep more than three (3) dogs in any one dwelling unit or on any premises, unless they possess a Kennel Licence.","URL: https://www.tecumseh.ca/media/pvnl1z1b/by-law-2025-087-animal-control-signed-updated.pdf. A newly enacted bylaw (2025) that is highly farm-friendly. It explicitly includes exact and accurate definitions for both 'Livestock Guardian Dog' and 'Herding Dog', distinguishing them from standard pets, and exempts them from being designated as a 'Dangerous Dog' while performing their protective duties. Properties with more than 3 dogs still need to obtain a Kennel Licence.",By-Law Number 2025-087,2025-01-01,COMPLETE - FARM FRIENDLY,Yes,“Livestock Guardian Dog” means a Dog that works and/or lives with Livestock to protect them while repelling predators and is kept exclusively for that purpose.,Yes,“Herding Dog” means a Dog that has been trained and is actively being used in an agricultural operation for the purposes of controlling Livestock.,No,"All dogs must be licensed yearly, including those owned by Kennel Owners/Operators. The dog tag must be affixed to the dog.",Yes,No,"No person shall keep more than three (3) dogs in any one dwelling unit or on any premises, unless they possess a Kennel Licence.",2734
Thorold,Niagara,SUCCESS,,By-law No. 79-2017,2017-06-20,COMPLETE,No,,No,,No,Licenses are required for all dogs living in Thorold. They must be renewed every year and the tags should be worn.,Yes,No,"Keeping four (4) or more dogs requires a Kennel classification, effectively limiting households to 3 dogs.","URL: https://www.thorold.ca/en/business-services/resources/BUILDING-/BY_LAWS/Consolidated-79-2017.Animal-Care-and-Control.pdf. Standard animal control bylaw with a strict restriction against persistent barking exceeding 20 minutes. No specific definitions, provisions, or exemptions were found for farm working dogs or LGDs.",By-law No. 79-2017,2017-06-20,COMPLETE,No,,No,,No,Licenses are required for all dogs living in Thorold. They must be renewed every year and the tags should be worn.,Yes,No,"Keeping four (4) or more dogs requires a Kennel classification, effectively limiting households to 3 dogs.",2818
Timmins,Cochrane,SUCCESS,,By-Law No. 2021-8593,2021-08-10,COMPLETE,No,,No,,No,Every licence issued pursuant to this by-law shall be in the form of a cat or dog tag. When a cat or dog is off the property of the Owner or Guardian the Owner or Guardian shall cause the cat or dog to wear around the neck a collar to which shall be attached the current licence tag issued for that cat or dog by the municipality.,Yes,No,"A maximum limit applies: no person shall keep more than 4 dogs on the premises of a single family dwelling. If there are multiple dwelling units on the parcel of land, no person shall keep more than 2 dogs per dwelling unit. Registered breeders are exempt from these limits.","URL: https://cdnsm5-hosted.civiclive.com/UserFiles/Servers/Server_11976345/File/Our%20Services/Enforcement%20Services/By-Laws/By-Law%202021-8593%20Licencing,%20Registration,%20Regulation%20and%20Control%20of%20Cats%20and%20Dogs.pdf. The bylaw defines a 'Domestic Animal' to include animals kept as a 'work animal', but there are no specific definitions or exemptions for farm dogs, herding dogs, or LGDs. Barking is governed by a strict Noise Evidence Procedure without agricultural exemptions.",By-Law No. 2021-8593,2021-08-10,COMPLETE,No,,No,,No,Every licence issued pursuant to this by-law shall be in the form of a cat or dog tag. When a cat or dog is off the property of the Owner or Guardian the Owner or Guardian shall cause the cat or dog to wear around the neck a collar to which shall be attached the current licence tag issued for that cat or dog by the municipality.,Yes,No,"A maximum limit applies: no person shall keep more than 4 dogs on the premises of a single family dwelling. If there are multiple dwelling units on the parcel of land, no person shall keep more than 2 dogs per dwelling unit. Registered breeders are exempt from these limits.",2839
Vaughan,York,SUCCESS,,By-law Number 066-2020,2020-05-27,COMPLETE,No,,No,,No,"The Owner of every Dog having obtained a Licence and Tag for each Dog, as required by this By-law shall keep the Tag securely fixed at all times on the Dog for which the Tag was issued.",Yes,No,A maximum of three (3) dogs is permitted per residence. Keeping more than the prescribed number requires a valid Kennel licence.,URL: https://www.vaughan.ca/sites/default/files/2023-03/066-2020%20%28Consolidated%29.pdf. Standard urban-focused animal control by-law. No working dog or LGD provisions found. Barking is restricted under a separate noise control by-law (121-2021) with no agricultural exemptions for dogs.,By-law Number 066-2020,2020-05-27,COMPLETE,No,,No,,No,"The Owner of every Dog having obtained a Licence and Tag for each Dog, as required by this By-law shall keep the Tag securely fixed at all times on the Dog for which the Tag was issued.",Yes,No,A maximum of three (3) dogs is permitted per residence. Keeping more than the prescribed number requires a valid Kennel licence.,2909
Uxbridge,Durham,SUCCESS,,Animal Control By-law No. 2009-081,,COMPLETE - FARM FRIENDLY,No,,No,,No,All dogs living in the Township of Uxbridge must be licensed and wear the tag on their collar.,Yes,No,"A maximum of two (2) dogs per dwelling is permitted. However, the Township allows a third dog if the owner is on lands zoned (RU) RURAL as per Zoning By-law 81-19 and the parcel is larger than four (4) hectares in size.","URL: https://uxbridge.docupet.com/en_CA/licensing. Animal control services for Uxbridge are provided by the shared Uxbridge-Scugog Animal Control Centre. The full text of the animal control by-law is not available online, but the Township's pet licensing portal outlines the rules. The Township uniquely extends the household dog limit (+1 extra dog) specifically for large rural and agricultural properties.",Animal Control By-law No. 2009-081,2009-06-22,COMPLETE - FARM FRIENDLY,No,,No,,No,All dogs living in the Township of Uxbridge must be licensed and wear the tag on their collar.,Yes,No,"A maximum of two (2) dogs per dwelling is permitted. However, the Township allows a third dog if the owner is on lands zoned (RU) RURAL as per Zoning By-law 81-19 and the parcel is larger than four (4) hectares in size.",2895
Wainfleet,Niagara,SUCCESS,,By-law No. 014-2016,2016-03-08,COMPLETE,No,,No,,No,No owner shall keep any dog in the Township of Wainfleet unless such dog has on a collar on which is affixed a dog tag issued under the provisions of this by-law. The owner shall keep the dog tag securely fixed on the dog at all times until the dog tag is renewed or replaced.,Yes,Yes,A limit of 3 dogs applies per household unless a kennel licence is obtained.,"URL: https://www.wainfleet.ca/media/504. Standard animal control by-law. The Ontario Sheep Farmers submitted a proposal in 2022 requesting the addition of LGD/Herding Dog definitions and dog limit exemptions for agricultural properties, but current online by-laws do not yet reflect these updates. Barking dogs are governed by Noise Control By-law (028-2022) which explicitly exempts Agricultural Operations.",By-law No. 014-2016,2016-03-08,COMPLETE,No,,No,,No,No owner shall keep any dog in the Township of Wainfleet unless such dog has on a collar on which is affixed a dog tag issued under the provisions of this by-law. The owner shall keep the dog tag securely fixed on the dog at all times until the dog tag is renewed or replaced.,Yes,Yes,A limit of 3 dogs applies per household unless a kennel licence is obtained.,2916
West Grey,Grey,SUCCESS,,By-law Number 87-2009,2009-01-01,COMPLETE - FARM FRIENDLY,No,,No,,No,"On payment of the license fee, the owner shall be furnished with a dog tag bearing a serial number. The owner shall keep the tag securely fixed on the dog at all times until the tag is renewed or replaced, except while the dog is being lawfully used for hunting in the bush.",Yes,Yes,A maximum of 3 dogs per property applies before kennel rules and zoning regulations take effect.,"URL: https://www.westgrey.com/media/nskibzsk/dog-licencing-bylaw-087-2009.pdf. While the Dog By-law itself lacks specific LGD definitions, the Township's new Noise Bylaw (2025-100) is highly farm-friendly. It explicitly restricts persistent barking by domestic pets but completely exempts animals 'kept or used for any purpose other than agriculture, provided that the agricultural use is permitted under the Municipality's Zoning Bylaw'.",By-law Number 87-2009,2009-01-01,COMPLETE - FARM FRIENDLY,No,,No,,No,"On payment of the license fee, the owner shall be furnished with a dog tag bearing a serial number. The owner shall keep the tag securely fixed on the dog at all times until the tag is renewed or replaced, except while the dog is being lawfully used for hunting in the bush.",Yes,Yes,A maximum of 3 dogs per property applies before kennel rules and zoning regulations take effect.,2993
Whitby,Durham,SUCCESS,,Responsible Pet Ownership By-law # 7294-17,2017-01-01,COMPLETE - FARM FRIENDLY,No,,No,,No,"Every owner of a cat or dog shall at the time of licensing the animal, pay an animal licence fee to the Town... Upon payment of the animal licence fee, the owner shall be provided with a tag from the Town and shall keep the tag securely fixed on the cat or dog at all times.",Yes,No,"No person, being the owner, tenant or occupant of a dwelling unit shall own or harbour, or permit to be kept, owned or harboured more than 2 dogs in or about the dwelling unit.","URL: https://www.whitby.ca/media/j3nnssfo/7294-17_responsible-pet-ownership-by-law_consolidation.pdf. The bylaw does not explicitly define farm dogs, however, the 2-dog limit specifically applies only to a 'dwelling unit', which the bylaw distinctly defines as a suite of rooms 'which is located in a residentially zoned part of the Town'. This effectively exempts agriculturally and rurally zoned properties from the strict dog limit.",Responsible Pet Ownership By-law # 7294-17,2017-01-01,COMPLETE - FARM FRIENDLY,No,,No,,No,"Every owner of a cat or dog shall at the time of licensing the animal, pay an animal licence fee to the Town... Upon payment of the animal licence fee, the owner shall be provided with a tag from the Town and shall keep the tag securely fixed on the cat or dog at all times.",Yes,No,"No person, being the owner, tenant or occupant of a dwelling unit shall own or harbour, or permit to be kept, owned or harboured more than 2 dogs in or about the dwelling unit.",3028
Windsor,Essex,SUCCESS,,By-Law Number 245-2004,2004-11-22,COMPLETE,No,,No,,No,The Guardian shall securely fix the dog tag on the dog and shall keep such tag securely fixed on the dog at all times until the tag is renewed or replaced.,Yes,No,Residents can have up to three (3) dogs per household.,"URL: https://www.citywindsor.ca/documents/city-hall/by-laws-online/by-law%20245-2004.pdf. Dog ownership is also governed by the Keeping of Animals By-law 8156. Standard urban animal control framework with a strict 3-dog limit and no provisions or exemptions for livestock guardian dogs or agricultural working dogs. Dog licensing is transitioning to a voluntary system in 2026, though it remains mandatory for dangerous dogs.",By-Law Number 245-2004,2004-11-22,COMPLETE,No,,No,,No,The Guardian shall securely fix the dog tag on the dog and shall keep such tag securely fixed on the dog at all times until the tag is renewed or replaced.,Yes,No,Residents can have up to three (3) dogs per household.,3070
Woolwich,Waterloo,SUCCESS,,By-law No. 31-2018,2018-09-24,COMPLETE,No,,No,,No,"All dog owners in Woolwich are required to buy dog tags for each of their dogs annually. When you register your pet with the Township of Woolwich, you will receive a unique licence tag to attach to their collar.",Yes,No,Limit of 3 dogs per household. Keeping 4 or more dogs requires a Kennel Licence.,URL: https://www.woolwich.ca/media/g34gplvw/by-law-31-2018-animal_control_by-law-consolidated_as_of_november-2024_-_current.pdf. Standard animal control by-law. No explicit exemptions or definitions for LGDs or working farm dogs were found.,By-law No. 31-2018,2018-09-24,COMPLETE,No,,No,,No,"All dog owners in Woolwich are required to buy dog tags for each of their dogs annually. When you register your pet with the Township of Woolwich, you will receive a unique licence tag to attach to their collar.",Yes,No,Limit of 3 dogs per household. Keeping 4 or more dogs requires a Kennel Licence.,3091
Zorra,Oxford,SUCCESS,,By-law No. 43-15,2015-08-11,COMPLETE - FARM FRIENDLY,Yes,"“Livestock Guardian Dog” shall mean a dog that works and/or lives with domestic farm animals (e.g. Cattle, Sheep, Poultry) to protect them while repelling predators and is used exclusively for that purpose; (Added by By-law 39-23)",Yes,“Herding Dogs” shall mean a dog that has been trained and is actively being used in a bona fide farming operation for the purposes of controlling livestock on the farm; (Added by By-law 39-23),Yes,"The Township no longer issues municipal dog tags or collects licensing fees for dogs (only kennels). However, the bylaw requires that all dogs within the Township have an identification tag affixed to them containing the dog owner's name and phone number.",Yes,N/A,"In a Dwelling – Single Unit, no person shall, within the Township of Zorra, keep any animal except those permitted in accordance with the following: a) three dogs; b) three domestic cats.","URL: https://www.zorra.ca/media/bg3nti0h/43-15-animal-control-by-law-consolidated-2024-12.pdf. Highly farm-friendly bylaw. The Township recently amended the bylaw in 2023 (By-law 39-23) specifically to add accurate and distinct definitions for both 'Livestock Guardian Dog' and 'Herding Dogs', officially recognizing their working status on bona fide farming operations. The municipality also abolished standard dog licensing fees.",By-law No. 43-15,2015-08-11,COMPLETE - FARM FRIENDLY,Yes,"“Livestock Guardian Dog” shall mean a dog that works and/or lives with domestic farm animals (e.g. Cattle, Sheep, Poultry) to protect them while repelling predators and is used exclusively for that purpose; (Added by By-law 39-23)",Yes,“Herding Dogs” shall mean a dog that has been trained and is actively being used in a bona fide farming operation for the purposes of controlling livestock on the farm; (Added by By-law 39-23),Yes,"The Township no longer issues municipal dog tags or collects licensing fees for dogs (only kennels). However, the bylaw requires that all dogs within the Township have an identification tag affixed to them containing the dog owner's name and phone number.",Yes,No,"In a Dwelling – Single Unit, no person shall, within the Township of Zorra, keep any animal except those permitted in accordance with the following: a) three dogs; b) three domestic cats.",3105
Asphodel-Norwood,Peterborough,SUCCESS,,By-law Number 2022-48,2022-11-08,COMPLETE - FARM FRIENDLY,Yes,"“Livestock Guardian Dogs” shall be defined as a dog that works and/or lives with domestic farm animals, in a bona fide farming operation, to protect them",Yes,“Herding Dog” shall mean a dog that has been trained and is actively being used in a bona fide farming operation for the purposes of controlling livestock on the farm.,Yes,"Dogs must wear a collar and tag, provided that the owner uses an alternative means of identification, the by-law explicitly exempts livestock guardian dog(s) and herding dog(s) being actively used in farming practices from the requirement to wear a collar and tag.",Yes,Yes,"Maximum of 3 dogs per premises in residential areas. Persons are allowed to keep more than three dogs at a premise without obtaining a kennel license, providing they meet certain agricultural criteria.","URL: https://www.antownship.ca/media/mwcbz0y0/2022-0048.pdf. Very farm-friendly bylaw. Exempts LGDs and herding dogs from annual licensing fees, collar/tag requirements, and barking restrictions if actively engaged in guarding livestock against predators.",By-law Number 2022-48,2022-11-08,COMPLETE - FARM FRIENDLY,Yes,"“Livestock Guardian Dogs” shall be defined as a dog that works and/or lives with domestic farm animals, in a bona fide farming operation, to protect them",Yes,“Herding Dog” shall mean a dog that has been trained and is actively being used in a bona fide farming operation for the purposes of controlling livestock on the farm.,Yes,"Dogs must wear a collar and tag, provided that the owner uses an alternative means of identification, the by-law explicitly exempts livestock guardian dog(s) and herding dog(s) being actively used in farming practices from the requirement to wear a collar and tag.",Yes,Yes,"Maximum of 3 dogs per premises in residential areas. Persons are allowed to keep more than three dogs at a premise without obtaining a kennel license, providing they meet certain agricultural criteria.",130
Assiginack,Manitoulin,SUCCESS,,By-law #21-15,,COMPLETE,No,,No,,No,Upon payment of the license fee the owner of the dog shall be supplied with a dog tag. The said tag shall be kept securely affixed to the dog in which it was assigned at all times.,Yes,No,No person shall own or keep four (4) or more than four dogs without obtaining a Kennel License.,URL: https://www.assiginack.ca/media/45. Standard animal control bylaw. No exemptions for LGDs or farm dogs.,By-law #21-15,,COMPLETE,No,,No,,No,Upon payment of the license fee the owner of the dog shall be supplied with a dog tag. The said tag shall be kept securely affixed to the dog in which it was assigned at all times.,Yes,No,No person shall own or keep four (4) or more than four dogs without obtaining a Kennel License.,137
Arran-Elderslie,Bruce,SUCCESS,,By-law No. 29-2024,,COMPLETE - FARM FRIENDLY,Yes,"""Livestock Guardian Dog"" means a dog that works and/or lives with Livestock to protect them while repelling predators and is used exclusively for that purpose;",Yes,"""Herding Dog"" means a dog that has been trained and is actively being used in a bona fide farming operation for the purpose of controlling Livestock on a farm;",Yes,All dogs must be licensed. Failure to keep a tag on a licensed dog is a finable offence.,Yes,N/A,Keeping more than three (3) dogs requires a Kennel Licence.,URL: https://www.arran-elderslie.ca/media/tn0h2x3y/by-law-29-2024-animal-control-by-law.pdf. Contains specific definitions for Livestock Guardian Dogs and Herding Dogs. The municipality's fee bylaw (67-2024) specifies that Working Dogs are exempt from licensing fees.,By-law No. 29-2024,,COMPLETE - FARM FRIENDLY,Yes,"""Livestock Guardian Dog"" means a dog that works and/or lives with Livestock to protect them while repelling predators and is used exclusively for that purpose;",Yes,"""Herding Dog"" means a dog that has been trained and is actively being used in a bona fide farming operation for the purpose of controlling Livestock on a farm;",Yes,All dogs must be licensed. Failure to keep a tag on a licensed dog is a finable offence.,Yes,No,Keeping more than three (3) dogs requires a Kennel Licence.,116
Aurora,York,SUCCESS,,By-law Number 6197-19,2019-07-23,COMPLETE,No,,No,,No,"Every owner must securely affix on the collar of the dog, the dog tag issued by the Town or its representatives.",Yes,No,General limits apply per household/zoning. The town is working on adopting a new consolidated Animal Services By-law in 2025.,"URL: https://records.aurora.ca/WebLink/DocView.aspx?id=17725&dbid=0&repo=Public. Standard urban animal control bylaw. Service dogs have fees waived, but there are no definitions or exemptions for working/farm dogs.",By-law Number 6197-19,2019-07-23,COMPLETE,No,,No,,No,"Every owner must securely affix on the collar of the dog, the dog tag issued by the Town or its representatives.",Yes,No,General limits apply per household/zoning. The town is working on adopting a new consolidated Animal Services By-law in 2025.,11
Baldwin,Sudbury,SUCCESS,,By-Law No. 2017-A-06-Animal-Control,,NO BY-LAW IN PLACE,N/A,,N/A,,N/A,N/A,Yes,Yes,N/A,"BYLAW NOT FOUND. Baldwin lists '2017-A-06-Animal-Control' on its website but the PDF is not publicly available. Animal control is outsourced to Rainbow District Animal Services. Noise By-law 2023-003 exists and exempts Normal Farm Practices, but specific dog bylaw details could not be extracted.",By-Law No. 2017-A-06-Animal-Control,,NO BY-LAW IN PLACE,,,,,,,Yes,Yes,,165
Adjala-Tosorontio,Simcoe,SUCCESS,,By-law No. 2024-063,,COMPLETE - FARM FRIENDLY,Yes,"Livestock Guardian Dog shall mean a Dog that is specifically recognized and used to work and/or live with domestic farm animals, without causing them harm while aggressively repelling predators and is used exclusively for that purpose;",No,,Yes,"Every Owner shall affix to the Dog's collar or restraining device, a current Dog Tag. Livestock Guardian Dogs are exempt from this requirement if registered with the Township using a verified microchip.",Yes,No,"No Owner shall keep, or permit to be kept, more than three (3) Dogs over the age of ninety days on any premises at any one time (does not apply to licensed kennels).","URL: https://adjtos.ca/wp-content/uploads/2025/08/By-law-2024-063-Canine-Control-By-law.pdf. Very farm-friendly bylaw. LGDs are exempt from license fees and collar/tag requirements if microchipped. Additionally, acting in its function as a Livestock Guardian Dog is listed as a 'Mitigating Factor' for aggressive behavior.",By-law No. 2024-063,2019-07-10,COMPLETE - FARM FRIENDLY,Yes,"Livestock Guardian Dog shall mean a Dog that is specifically recognized and used to work and/or live with domestic farm animals, without causing them harm while aggressively repelling predators and is used exclusively for that purpose;",No,,Yes,"Every Owner shall affix to the Dog's collar or restraining device, a current Dog Tag. Livestock Guardian Dogs are exempt from this requirement if registered with the Township using a verified microchip.",Yes,No,"No Owner shall keep, or permit to be kept, more than three (3) Dogs over the age of ninety days on any premises at any one time (does not apply to licensed kennels).",32
Blind River,Algoma,SUCCESS,,By-law No. 19-26,,COMPLETE - FARM FRIENDLY,No,,No,,No,"Every Owner of a Dog or Cat shall ensure the identification tag is displayed on the dog or cats collar, and that the collar is affixed while off the Owner's Premises.",Yes,No,"No Person shall keep more than four (4) Dogs or more than four (4) Cats, provided the combined maximum shall not exceed four (4). This restriction does not apply where the Premises consists of lands zoned and used for agricultural purposes.","URL: https://www.blindriver.ca/media/dkqerdbn/animal-regulation-bylaw.pdf. While it does not specifically define working dogs, the animal control bylaw explicitly exempts properties zoned and used for agricultural purposes from the municipal dog limits.",By-law No. 19-26,2019-04-15,COMPLETE - FARM FRIENDLY,No,,No,,No,"Every Owner of a Dog or Cat shall ensure the identification tag is displayed on the dog or cats collar, and that the collar is affixed while off the Owner's Premises.",Yes,No,"No Person shall keep more than four (4) Dogs or more than four (4) Cats, provided the combined maximum shall not exceed four (4). This restriction does not apply where the Premises consists of lands zoned and used for agricultural purposes.",228
Belleville,Hastings,SUCCESS,,By-Law Number 2005-206,2005-01-01,COMPLETE,No,,No,,No,"Unless a dog is being lawfully used for hunting in the bush, it shall constitute an offence for any owner to fail to keep a dog tag securely fixed on the dog at all times.",Yes,No,It shall constitute an offence for any person to harbour more than a total of three (3) dogs in or about any single dwelling unit.,URL: https://www.belleville.ca/files/Belleville_Dog_By-Law_2005-206_Consolidated_May_2014.pdf. Standard animal control bylaw with no exemptions for farm dogs or LGDs.,By-Law Number 2005-206,2005-01-01,COMPLETE,No,,No,,No,"Unless a dog is being lawfully used for hunting in the bush, it shall constitute an offence for any owner to fail to keep a dog tag securely fixed on the dog at all times.",Yes,No,It shall constitute an offence for any person to harbour more than a total of three (3) dogs in or about any single dwelling unit.,200
Athens,Leeds and Grenville,SUCCESS,,By-law #00-01-03,2001-01-01,COMPLETE,No,,No,,No,Every owner of a dog shall be furnished with a dog tag that the owner shall keep securely affixed on the dog at all times except when the dog is being lawfully used for hunting in the bush.,Yes,No,"No person shall keep, or do anything which may cause to be kept, more that three (3) dogs in the Municipality, special exception license for dog teams, etc. upon application to be approved by Council.",URL: https://athenstownship.ca/wp-content/uploads/2025/04/Dog-Bylaw.pdf. Standard bylaw from the Yonge and Escott Transition Board. No specific LGD provisions.,By-law #00-01-03,2001-01-01,COMPLETE,No,,No,,No,Every owner of a dog shall be furnished with a dog tag that the owner shall keep securely affixed on the dog at all times except when the dog is being lawfully used for hunting in the bush.,Yes,No,"No person shall keep, or do anything which may cause to be kept, more that three (3) dogs in the Municipality, special exception license for dog teams, etc. upon application to be approved by Council.",144
Billings,Manitoulin,SUCCESS,,By-law 2020-24,2020-01-01,COMPLETE,No,,No,,N/A,N/A,Yes,No,Dog Owners shall only have 3 Dogs per single dwelling unit. Any Dog Owner who possesses more than three Dogs for the purpose of work or sport shall notify the Township of the number of Dogs that they are keeping as well the breeds.,"URL: https://www.billingstwp.ca/media/0vqd0sdd/2020-24-dog.pdf. Defines 'Working Dog' (although with non-standard breed examples) and allows owners to exceed the 3 dog limit without a kennel license if the dogs are used for work or sport, provided they notify the Township.",By-law 2020-24,2020-01-01,COMPLETE,No,,No,,N/A,N/A,Yes,No,Dog Owners shall only have 3 Dogs per single dwelling unit. Any Dog Owner who possesses more than three Dogs for the purpose of work or sport shall notify the Township of the number of Dogs that they are keeping as well the breeds.,207
Port Colborne,Niagara,SUCCESS,,By-law No. 4930/155/06,,COMPLETE,No,,No,,No,"In Port Colborne, all dogs are required to be licensed and wear a tag. Dog licenses are only valid for the calendar year in which it was purchased.",Yes,No,"You are not allowed to have more than three (3) dogs, excluding unweaned puppies, on any property in the City of Port Colborne.",URL: https://www.portcolborne.ca/en/living-here/animals-services.aspx,By-law No. 4930/155/06,2006-12-11,COMPLETE,No,,No,,No,"In Port Colborne, all dogs are required to be licensed and wear a tag. Dog licenses are only valid for the calendar year in which it was purchased.",Yes,No,"You are not allowed to have more than three (3) dogs, excluding unweaned puppies, on any property in the City of Port Colborne.",2272
Sioux Lookout,Kenora,SUCCESS,,By-law 09-23,,COMPLETE,No,,No,,No,Dogs must be licensed and tagged annually.,Yes,No,N/A,URL: https://www.siouxlookout.ca/sites/29/files/2025-04/By-law%2009-23%20To%20Regulate%20the%20Keeping%20of%20Animals%20Within%20the%20Municipality%20of%20Sioux%20Lookout.pdf,By-law 09-23,2023-05-17,COMPLETE,No,,No,,No,Dogs must be licensed and tagged annually.,Yes,No,"none 4 otherwise, 3.5.2 a Farm is exempt;",2489
Smiths Falls,Lanark,SUCCESS,,BY-LAW NO. 8856-2016,,COMPLETE - FARM FRIENDLY,Yes,"""Working Dog"" shall include sheep dogs and mean a dog trained to aid in herding or protecting sheep and is actually being used for that purpose.",No,,No,"Upon registration, each owner shall be furnished with a licence tag, which shall be secured by the owner to the cat or dog at all times.",Yes,Yes,"No person shall keep, or do anything which may cause to be kept, more than three (3) animals of any particular species nor an aggregate of four (4) animals, in or about any one dwelling unit.","Includes 'Working Dog' definition which encompasses guarding/herding, and provides an exemption for Working Dogs from nuisance and running at large sections while engaged in work. URL: https://www.smithsfalls.ca/media/1j5kfmad/animal-control-by-law-8856-2016.pdf",BY-LAW NO. 8856-2016,2016-05-02,COMPLETE - FARM FRIENDLY,Yes,"""Working Dog"" shall include sheep dogs and mean a dog trained to aid in herding or protecting sheep and is actually being used for that purpose.",No,,No,"Upon registration, each owner shall be furnished with a licence tag, which shall be secured by the owner to the cat or dog at all times.",Yes,Yes,"No person shall keep, or do anything which may cause to be kept, more than three (3) animals of any particular species nor an aggregate of four (4) animals, in or about any one dwelling unit.",2503
South Bruce,Bruce,SUCCESS,,By-law 2018-39,,COMPLETE - FARM FRIENDLY,Yes,"""Livestock Guardian Dog"" means a dog that works and/or lives with domestic farm animals (e.g. cattle, sheep, poultry) to protect them by repelling predators and is used exclusively for that purpose.",Yes,"""Herding Dog"" means a dog that has been trained and is actively being used in a bona fide farming operation for the purposes of controlling livestock on the farm.",No,"Every dog owner shall, on or before the 28th day of February in each and every year, register such dog or dogs with the Clerk or his/her designate or with the Animal Control Officer and pay the prescribed fees.",Yes,No,Maximum of two (2) dogs within Urban Boundaries and a maximum of three (3) dogs harbored at any one time on a property in Rural areas.,URL: https://www.southbruce.ca/media/l1oi2gxg/by-law-2018-39-animal-control-1.pdf,By-law 2018-39,2018-06-12,COMPLETE - FARM FRIENDLY,Yes,"""Livestock Guardian Dog"" means a dog that works and/or lives with domestic farm animals (e.g. cattle, sheep, poultry) to protect them by repelling predators and is used exclusively for that purpose.",Yes,"""Herding Dog"" means a dog that has been trained and is actively being used in a bona fide farming operation for the purposes of controlling livestock on the farm.",No,"Every dog owner shall, on or before the 28th day of February in each and every year, register such dog or dogs with the Clerk or his/her designate or with the Animal Control Officer and pay the prescribed fees.",Yes,No,Maximum of two (2) dogs within Urban Boundaries and a maximum of three (3) dogs harbored at any one time on a property in Rural areas.,2531
South Glengarry,"Stormont, Dundas and Glengarry",SUCCESS,,BY-LAW NUMBER 23-2022,2022-06-20,COMPLETE,No,,No,,No,"Every person who owns a dog shall ensure it has valid identification, such as an identification tag or other similar means of identification affixed to it at all times.",Yes,No,N/A,URL: https://www.southglengarry.com/media/jj2dzawa/23-2022-animal-control-by-law.pdf,BY-LAW NUMBER 23-2022,2022-06-20,COMPLETE,No,,No,,No,"Every person who owns a dog shall ensure it has valid identification, such as an identification tag or other similar means of identification affixed to it at all times.",Yes,No,4,2552
South Stormont,"Stormont, Dundas and Glengarry",SUCCESS,,By-law No. 2021-032,,COMPLETE,No,,No,,No,An identification tag shall be issued for every licensed dog that shows the dog licence number. Every dog owner shall ensure that the identification tag issued by the Township is kept securely affixed to its dog all times.,Yes,No,No person shall keep more than three (3) dogs over twenty (20) weeks of age per premise.,URL: https://www.southstormont.ca/media/i03bl5hx/2021-032-regulate-care-and-control-of-animals-responsible-pet-ownership.pdf,By-law No. 2021-032,2021-04-14,COMPLETE,No,,No,,No,An identification tag shall be issued for every licensed dog that shows the dog licence number. Every dog owner shall ensure that the identification tag issued by the Township is kept securely affixed to its dog all times.,Yes,No,No person shall keep more than three (3) dogs over twenty (20) weeks of age per premise.,2573
Spanish,Algoma,SUCCESS,,N/A,N/A,NO BY-LAW IN PLACE,N/A,N/A,N/A,N/A,N/A,The Town of Spanish requires all dogs and cats to be licensed. All renewals are due annually by February 15th.,N/A,N/A,N/A,BYLAW NOT FOUND. Licensing information available on website but full by-law text could not be located. URL: https://www.townofspanish.com/municipal-departments/animal-control/,,,NO BY-LAW IN PLACE,,,,,,The Town of Spanish requires all dogs and cats to be licensed. All renewals are due annually by February 15th.,,,,2608
Stirling-Rawdon,Hastings,SUCCESS,,By-Law 295-02,,COMPLETE,No,,No,,No,All dogs require a dog tag/licence in accordance with By-Law 295-02. Failure to secure tag to collar results in a fine.,N/A,N/A,N/A,"Full by-law text not publicly hosted, but animal control web summary confirms basic licensing rules. URL: https://www.stirling-rawdon.com/living-here/animal-control/dog-tags/",By-Law 295-02,,COMPLETE,No,,No,,No,All dogs require a dog tag/licence in accordance with By-Law 295-02. Failure to secure tag to collar results in a fine.,,,,2664
South Frontenac,Frontenac,SUCCESS,,BY-LAW 2001-66,,COMPLETE - FARM FRIENDLY,Yes,"""Livestock Guardian Dog"" shall mean Great Pyrenees, Akbash, Kuvasz, Maremma and Anatolian Shepherd and crosses between these breeds that exclusively work and/or live with domestic farm animals to protect them by repelling predators. It being understood that a Livestock Guardian Dog must work/live on a property that is zoned appropriately for agricultural use or a hobby farm and is engaged in a normal farm practice to benefit from the specific exemptions outlined in this By-law.",Yes,"""Herding Dog"" must work/live on a property that is zoned appropriately for agricultural use or a hobby farm and is engaged in a normal farm practice to benefit from the specific exemptions outlined in this By-law.",No,"On payment of the license fee for each dog, the owner shall be furnished with a dog tag which shall be kept securely fixed on the dog at all times until the tag is renewed or replaced.",Yes,Yes,N/A,Amended by By-law 2022-94 to explicitly define and grant specific exemptions to Livestock Guardian Dogs and Herding Dogs from certain nuisance restrictions. URL: https://www.southfrontenac.net/media/1ctnsvgu/by-law-2001-66-dog-control.pdf,BY-LAW 2001-66,2023-02-07,COMPLETE - FARM FRIENDLY,Yes,"""Livestock Guardian Dog"" shall mean Great Pyrenees, Akbash, Kuvasz, Maremma and Anatolian Shepherd and crosses between these breeds that exclusively work and/or live with domestic farm animals to protect them by repelling predators. It being understood that a Livestock Guardian Dog must work/live on a property that is zoned appropriately for agricultural use or a hobby farm and is engaged in a normal farm practice to benefit from the specific exemptions outlined in this By-law.",Yes,"""Herding Dog"" must work/live on a property that is zoned appropriately for agricultural use or a hobby farm and is engaged in a normal farm practice to benefit from the specific exemptions outlined in this By-law.",No,"On payment of the license fee for each dog, the owner shall be furnished with a dog tag which shall be kept securely fixed on the dog at all times until the tag is renewed or replaced.",Yes,Yes,5,2545
Stone Mills,Lennox and Addington,SUCCESS,,By-Law Number 2010-532,,COMPLETE,No,,No,,No,"As a dog owner in Township of Stone Mills, you must license your dog(s) each year... and receive a dog tag.",N/A,N/A,N/A,URL: https://www.stonemills.com/media/rsijb5c1/2010-532-require-dogs-to-be-licensed.pdf,By-Law Number 2010-532,2010-05-17,COMPLETE,No,,No,,No,"As a dog owner in Township of Stone Mills, you must license your dog(s) each year... and receive a dog tag.",Yes,No,3,2671
Tay Valley,Lanark,SUCCESS,,Animal Control By-Law No. 2001-050,,COMPLETE,No,,No,,No,"Upon payment of the tag fee in full, the Dog Licence Permit Issuer shall provide the owner with a dog tag... The owner shall keep the dog tag securely fastened on the dog at all times until Animal Control By-Law Page 3.",Yes,No,"No explicit per-household limit mentioned for non-kennels, but commercial and hobby kennels are subject to an annual licensing fee.",Guide dogs actively in use are exempt from the Poop & Scoop requirements. No specific exemptions or definitions for livestock guardian dogs. URL: https://www.tayvalleytwp.ca/media/lkpd5ymf/by-law-no-2001-050-animal-control-by-law.pdf,Animal Control By-Law No. 2001-050,2001-10-23,COMPLETE,No,,No,,No,"Upon payment of the tag fee in full, the Dog Licence Permit Issuer shall provide the owner with a dog tag... The owner shall keep the dog tag securely fastened on the dog at all times until Animal Control By-Law Page 3.",Yes,No,"No explicit per-household limit mentioned for non-kennels, but commercial and hobby kennels are subject to an annual licensing fee.",2720
Strong,Parry Sound,SUCCESS,,By-law 2016-009,,COMPLETE,No,,No,,No,"The License shall be taken out by the owner who is issued a dog tag, which shall be valid for the lifetime of the individual dog for which the license was originally obtained. The owner shall keep the tag securely fixed on the dog at all times.",Yes,No,No owner or owners living at the same address shall keep more than 5 (five) dogs in any one household over the age of twelve weeks.,"Any person in the Township of Strong may kill any dog that is found killing or injuring livestock, poultry, or other domestic animals or straying upon premises where livestock or poultry are kept. URL: https://www.strongtownship.com/media/0n1klj3m/dog-by-law-2016-009_fee-update-2021_amended-2021.pdf",By-law 2016-009,2016-04-12,COMPLETE,No,,No,,No,"The License shall be taken out by the owner who is issued a dog tag, which shall be valid for the lifetime of the individual dog for which the license was originally obtained. The owner shall keep the tag securely fixed on the dog at all times.",Yes,No,No owner or owners living at the same address shall keep more than 5 (five) dogs in any one household over the age of twelve weeks.,2699
Temiskaming Shores,Timiskaming,SUCCESS,,Animal Control By-law,,COMPLETE - FARM FRIENDLY,Yes,,Yes,“Herding Dog” means a dog that has been trained and is actively being used in a bona fide farming operation for the purposed of controlling livestock on the farm.,No,"Upon the applicant providing all information and documentation required, and paying the appropriate registration fee, the Dog or Cat shall be registered, and shall be issued a Dog Tag or Cat Tag... No personal shall attach a Tag to a Dog or Cat other than the Dog or Cat for which it was issued.",Yes,No,N/A,"The municipality's registration process specifically requires owners to 'Disclose if the Dog is a Livestock Guardian Dog, or a Herding Dog'. Shared by-law frameworks in the region (e.g. Cobalt By-law 2013-037) officially define Herding Dogs and Livestock Guardian Dogs. URL: https://www.temiskamingshores.ca/living-here/animal-control/",Animal Control By-law,2013-12-03,COMPLETE - FARM FRIENDLY,Yes,"a dog that works and/or lives with domestic farm animals (e.g. cattle, sheep, poultry) to protect them while repelling predators and is used exclusively for that purpose;",Yes,“Herding Dog” means a dog that has been trained and is actively being used in a bona fide farming operation for the purposed of controlling livestock on the farm.,No,"Upon the applicant providing all information and documentation required, and paying the appropriate registration fee, the Dog or Cat shall be registered, and shall be issued a Dog Tag or Cat Tag... No personal shall attach a Tag to a Dog or Cat other than the Dog or Cat for which it was issued.",Yes,No,"none, 5 otherwise Notwithstanding Section 4.2.1 this requirement shall not apply to owners of Livestock Guardian Dogs and Herding Dogs while such dogs are kept in an area which is zoned “agricultural’ pursuant to the Zoning By-Law and said dogs are kept for agricultural uses in accordance with their defined function.",2755
Temagami,Nipissing,SUCCESS,,Dog By-Law 2006-001,2006-07-03,COMPLETE,No,,No,,No,The owner shall attach the tag to the dog and ensure that it remains attached to the dog at all times.,Yes,No,A maximum of three (3) dogs allowed per each residential lot.,"The by-law defines a 'Work Dog' simply as a 'Male dog or spayed female' and states that Work dogs must be kept under restraint at all times, making it a generic classification rather than an agricultural/livestock exemption. URL: https://temagamifirstnation.ca/wp-content/uploads/2021/10/Dog-By-Law-002.pdf",Dog By-Law 2006-001,2006-07-03,COMPLETE,No,,No,,No,The owner shall attach the tag to the dog and ensure that it remains attached to the dog at all times.,Yes,No,A maximum of three (3) dogs allowed per each residential lot.,2748
Thames Centre,Middlesex,SUCCESS,,By-law 63-2022,2022-07-11,COMPLETE,No,,No,,No,"Upon Registration of the of a dog or Dangerous Dog, each owner shall receive a permanent dog tag. Every owner of a dog shall keep the dog tag securely fixed on the dog at all times.",Yes,No,A maximum of 3 dogs are permitted for each dwelling.,"Amended by By-law 62-2024 to regulate Doggy Day Cares and Boarding, but standard limit of 3 dogs applies. No agricultural LGD definitions. URL: https://www.thamescentre.on.ca/media/jlpjynyq/dogregistration-september2024.pdf",By-law 63-2022,2022-07-11,COMPLETE,No,,No,,No,"Upon Registration of the of a dog or Dangerous Dog, each owner shall receive a permanent dog tag. Every owner of a dog shall keep the dog tag securely fixed on the dog at all times.",Yes,No,A maximum of 3 dogs are permitted for each dwelling.,2769
Trent Lakes,Peterborough,SUCCESS,,By-law B2023-064,,COMPLETE,No,,No,,No,All dogs must be licensed and every licence shall be valid for one calendar year... The tag shall be for the current calendar year.,Yes,No,No person shall operate a kennel without obtaining a license... “Kennel” means a place where more than three dogs are kept and cared for.,"Includes standard 'Mitigating Factor' clauses for dogs acting in defense of property/livestock, but lacks explicit LGD definitions. URL: https://www.trentlakes.ca/media/kdjdtaxm/b2023-064-dogs-and-kennels.pdf",By-law B2023-064,2023-08-08,COMPLETE,No,,No,,No,All dogs must be licensed and every licence shall be valid for one calendar year... The tag shall be for the current calendar year.,Yes,No,No person shall operate a kennel without obtaining a license... “Kennel” means a place where more than three dogs are kept and cared for.,2867
Tudor and Cashel,Hastings,SUCCESS,,By-law 14-2003,,COMPLETE,No,,No,,No,The owner of a dog shall: a) keep the dog tag securely affixed on the dog for which it was issued at all times until renewed or replaced but the tag may be removed while the dog is being lawfully used for hunting in the bush.,N/A,N/A,"No person shall keep or allow to be kept on a single property in the municipality, more than six dogs unless a Commercial Kennel Permit has been issued.","The municipality allows a higher base limit (6 dogs per property) before a Commercial Kennel permit is required compared to typical 3-dog limits, which provides rural flexibility, but there is no explicit LGD definition. URL: https://tudorandcashel.com/wp-content/uploads/2021/05/2003-0014-Dog-License-By-law.pdf",By-law 14-2003,2003-10-07,COMPLETE,No,,No,,No,The owner of a dog shall: a) keep the dog tag securely affixed on the dog for which it was issued at all times until renewed or replaced but the tag may be removed while the dog is being lawfully used for hunting in the bush.,Yes,Yes,"No person shall keep or allow to be kept on a single property in the municipality, more than six dogs unless a Commercial Kennel Permit has been issued.",2874
Tyendinaga,Hastings,SUCCESS,,By-law 04-2022,,COMPLETE - FARM FRIENDLY,No,,No,,No,Every owner of a dog shall cause a dog tag to be securely affixed on the dog at all times (until the tag needs replaced). The tag shall be supplied by the Municipality.,Yes,No,"No owner shall keep or permit to be kept more than three (3) dogs at any one time, per dwelling unit... In order to qualify [for an exemption/variance] the dog owner must hold a valid farm registration number registered with the Municipality.","While lacking a specific LGD definition, the by-law mentions holding a 'valid farm registration number registered with the Municipality' as a qualifying factor, implying exemptions to the 3-dog limit or standard rules for legitimate farms. It also exempts hunting dogs actively engaged in hunting on unposted land from 'running at large' provisions. URL: https://tyendinagatownship.com/wp-content/uploads/2022/10/04-2022-Dog-Control-By-law-Set-Fines-Included.pdf",By-law 04-2022,2022-01-17,COMPLETE - FARM FRIENDLY,No,,No,,No,Every owner of a dog shall cause a dog tag to be securely affixed on the dog at all times (until the tag needs replaced). The tag shall be supplied by the Municipality.,Yes,No,"No owner shall keep or permit to be kept more than three (3) dogs at any one time, per dwelling unit... In order to qualify [for an exemption/variance] the dog owner must hold a valid farm registration number registered with the Municipality.",2888
Wawa,Algoma,SUCCESS,,By-Law 2512-11,,COMPLETE,No,,No,,No,You are required to purchase an animal licence if you own a dog or cat... The number on the dog tag license will assist someone in returning your lost dog.,Yes,No,"Residents are permitted to keep up to three (3) dogs on their premises, unless the property is zoned to permit a Licensed Kennel.",Standard urban animal control bylaw. No explicit agricultural or LGD exemptions mentioned. URL: https://www.wawa.cc/your-government/by-laws/,By-Law 2512-11,2011-11-01,COMPLETE,No,,No,,No,You are required to purchase an animal licence if you own a dog or cat... The number on the dog tag license will assist someone in returning your lost dog.,Yes,No,"Residents are permitted to keep up to three (3) dogs on their premises, unless the property is zoned to permit a Licensed Kennel.",2951
Wasaga Beach,Simcoe,SUCCESS,,The Animal Control By-Law,,COMPLETE,No,,No,,No,No owner shall fail to affix to his or her dog the tag issued... and shall keep such tag affixed on the dog at all times until a tag for the next year is purchased and affixed.,Yes,No,N/A,"By-law includes exemptions for registered seeing-eye dogs and hearing-ear dogs (no fee), but it is a standard urban by-law with no mention of farm dogs or LGDs. URL: https://www.wasagabeach.com/media/1msostnl/animal-control-by-law.pdf",The Animal Control By-Law,2002-11-12,COMPLETE,No,,No,,No,No owner shall fail to affix to his or her dog the tag issued... and shall keep such tag affixed on the dog at all times until a tag for the next year is purchased and affixed.,Yes,No,2,2930
Thunder Bay,Thunder Bay,SUCCESS,,Municipal Code Chapter 237 - Animal - Kept,,COMPLETE,No,,No,,No,Tag - securely fixed - to dog - at all times.,Yes,No,N/A,URL: https://www.thunderbay.ca/en/city-hall/resources/Documents/By-laws/AnimalKeepingBylaw.pdf,Municipal Code Chapter 237 - Animal - Kept,2005-07-12,COMPLETE,No,,No,,No,Tag - securely fixed - to dog - at all times.,Yes,No,none,2825
Wellesley,Waterloo,SUCCESS,,By-law 25-2022,null,COMPLETE - FARM FRIENDLY,No,,No,,No,Dog tags are issued upon registration. Dog Licences / Tags Not Required for Dogs in a Kennel.,N/A,N/A,N/A,"While lacking a specific definition section for farm dogs, Section 4.3 explicitly states 'A dog shall not be considered to be running at large if it is: (a) a Farm Dog... while actively engaged in the performance of its trained duties.' URL: https://www.wellesley.ca/media/0y1ovnmx/c01-by-law-25-2022-being-a-by-law-to-regulate-dogs-and-licence-dog-kennels-and-to-repeal-by-law-no-37-2021.pdf",By-law 25-2022,2022-07-05,COMPLETE - FARM FRIENDLY,No,"“Farm Dog” shall mean that a dog that is herding farm animals, such as cattle or sheep;",No,,No,Dog tags are issued upon registration. Dog Licences / Tags Not Required for Dogs in a Kennel.,Yes,Yes,3,2965
Wellington North,Wellington,SUCCESS,,N/A,N/A,NO BY-LAW IN PLACE,N/A,N/A,N/A,N/A,N/A,N/A,N/A,N/A,Maximum of three per household.,BYLAW NOT FOUND. Full text of the animal/canine control by-law is not hosted online. Dog limits are noted in the fees and charges schedules. URL: https://www.wellington-north.com/,BY-LAW NUMBER 004-17,2017-01-09,NO BY-LAW IN PLACE,Yes,"a dog that is specifically recognized and used to work and/or live with domestic farm animals, without causing them harm while aggressively repelling predators and is used exclusively for that purpose;",Other,"Farm Dog - shall mean a dog which is actively herding farm animals, such as cattle or sheep and such Dog is under the control of its Owner;",No,Yes,Yes,No,Maximum of three per household.,2972
Welland,Niagara,SUCCESS,,By-law 2019-15,null,COMPLETE,No,,No,,No,N/A,N/A,N/A,N/A,URL: https://www.welland.ca/bylaws/Bylaw2019-15.pdf,By-law 2019-15,2007-12-18,COMPLETE,No,,No,,No,Yes,Yes,No,3,2958
Wollaston,Hastings,SUCCESS,,By-Law 27-09,null,COMPLETE,No,,No,,No,No person shall use a dog tag upon a dog other than the dog for which the tag was issued.,Yes,No,N/A,URL: https://wollaston.ca/bfd_download/2200/,By-Law 27-09,2009-03-04,COMPLETE,No,,No,,No,No person shall use a dog tag upon a dog other than the dog for which the tag was issued.,Yes,No,3,3077
"Waterloo, C",Waterloo,SUCCESS,,N/A,N/A,NO BY-LAW IN PLACE,N/A,N/A,N/A,N/A,N/A,N/A,N/A,N/A,N/A,BYLAW NOT FOUND. Full text of the Animal Control Bylaw is not publicly accessible online. URL: https://www.waterloo.ca/,Bylaw Number 2009 - 047,2021-05-31,NO BY-LAW IN PLACE,No,,No,,No,Yes,Yes,Yes,2,2937
West Perth,Perth,SUCCESS,,By-law 17-2017,null,COMPLETE,No,,No,,No,Licensing tag must be securely fastened to a collar or harness worn by the dog anywhere other than on the owner's property.,Yes,No,N/A,By-law enforcement is handled by Stratford Perth Humane Society. URL: https://www.westperth.com/media/uptfuidr/stratford_perth_responsible_pet_ownership-brochure.pdf,By-law 17-2017,2017-02-27,COMPLETE,No,,No,,No,Licensing tag must be securely fastened to a collar or harness worn by the dog anywhere other than on the owner's property.,Yes,No,"4 12.4 The three (3) dog limit in an urban zone and four (4) dog limit in a rural zone shall apply where the dog is a domestic pet and is not belonging to a kennel for the purposes of breeding, boarding or sporting/hunting.",3014
Whitchurch-Stouffville,York,SUCCESS,,N/A,N/A,NO BY-LAW IN PLACE,N/A,N/A,N/A,N/A,N/A,N/A,N/A,N/A,N/A,"BYLAW NOT FOUND. Fees and Charges by-laws reference tags and licences, but the full animal control by-law document is not online. URL: https://www.townofws.ca/",BY-LAW NUMBER 2019-047-RE,2019-04-02,NO BY-LAW IN PLACE,No,,No,,No,Yes,Yes,No,"3 if not agricultural/rural zone, otherwise none 1. No owner(s) or tenant(s) within any residential, commercial, industrial, or institutional zoned property in the Town shall Keep more than three (3) Dogs per property or in the case of a multi-residential apartment building, per unit. This section does not apply to the following: e) All other zoned property",3035
Woodstock,Oxford,SUCCESS,,Chapter 202 Animal Control - Potentially Dangerous Dogs,null,COMPLETE,No,,No,,No,N/A,N/A,N/A,N/A,Found Chapter 202 and 216 regarding dangerous dogs and stoop/scoop rules. No specific farm dog/LGD provisions exist within the retrieved chapters. URL: https://www.cityofwoodstock.ca/media/skaee4w2/chapter-0202-animal-control-potentially-dangerous-dogs.pdf,Chapter 202 Animal Control - Potentially Dangerous Dogs,2021-08-12,COMPLETE,No,,No,,No,Yes,Yes,Yes,3,3084
West Lincoln,Niagara,SUCCESS,,N/A,N/A,NO BY-LAW IN PLACE,N/A,N/A,N/A,N/A,N/A,N/A,N/A,N/A,N/A,"BYLAW NOT FOUND. Pet licences exist and are administered via DocuPet, but the official by-law text is not publicly accessible. URL: https://www.westlincoln.ca/",BY-LAW 2023-54,2023-07-17,NO BY-LAW IN PLACE,Yes,a dog that works and/or lives with domestic farm animals to protect them while repelling predatores and is used exclusively for that purpose;,No,,No,Yes,Yes,Yes,3,3000
Bonnechere Valley,Renfrew,SUCCESS,,By-law 2024-015,,COMPLETE,No,,No,,No,The Owner of a Dog shall keep the Dog tag securely affixed on the Dog for which it was issued until renewed or replaced and no person shall use the tag on another dog.,Yes,No,No person shall keep more than a maximum of four (4) dogs per household and shall ensure that each dog is licensed.,URL: https://www.bonnecherevalleytwp.com/download.php?dl=YToyOntzOjI6ImlkIjtzOjI6IjUzIjtzOjM6ImtleSI7aToxO30=. Standard animal control bylaw. No special exemptions or definitions for farm or livestock guardian dogs.,By-law 2024-015,2005-06-13,COMPLETE,No,,No,,No,The Owner of a Dog shall keep the Dog tag securely affixed on the Dog for which it was issued until renewed or replaced and no person shall use the tag on another dog.,Yes,No,No person shall keep more than a maximum of four (4) dogs per household and shall ensure that each dog is licensed.,249
Bonfield,Nipissing,SUCCESS,,Bylaw 2025-36,,COMPLETE - FARM FRIENDLY,No,,No,,No,All dogs must be registered on or before the first day of March each and every year.,Yes,No,Maximum three (3) dogs per household.,"URL: https://www.bonfieldtownship.com/township-services/animal-services/dogs/. While the full text of By-law 2025-36 is not publicly available, the municipality's animal services website clearly states that a 'Farm dog or farm cat' is exempt from the running at large provisions (leash law). They are not exempt from nuisance barking rules.",Bylaw 2025-36,2024-04-30,COMPLETE - FARM FRIENDLY,No,“Farm Dog” or “Farm Cat” means a dog that is trained and kept for the purpose of controlling or protecting livestock and poultry or a cat that is kept for the purpose of rodent control within a privately owned barn or farm building,No,,No,All dogs must be registered on or before the first day of March each and every year.,Yes,No,Maximum three (3) dogs per household.,242
Ajax,Durham,SUCCESS,,By-Law Number 40-2025,,COMPLETE,No,,No,,No,"Upon payment of the licence fee, the owner shall be furnished with a tag and shall keep the tag securely fixed on the dog or cat at all times.",Yes,No,Limit of 3 dogs and/or cats at any given time in one dwelling.,URL: https://www.ajax.ca/Modules/bylaws/Bylaw/Download/1d18be84-8f82-4259-91a1-f8ea30eb8751. Urban animal control bylaw. The bylaw defines 'working animal' but specifically excludes farm dogs from the definition.,By-Law Number 40-2025,2017-06-26,COMPLETE,No,,No,,No,"Upon payment of the licence fee, the owner shall be furnished with a tag and shall keep the tag securely fixed on the dog or cat at all times.",Yes,No,Limit of 3 dogs and/or cats at any given time in one dwelling.,46
Brockton,Bruce,SUCCESS,,By-Law 2020-082,,COMPLETE - FARM FRIENDLY,Yes,"“Working Agricultural Livestock Guardian Dogs” shall mean a dog that is specifically trained to work and/or live with domestic farm animals (i.e. cattle, sheep, goats etc) without causing them harm while aggressively repelling predators and is used exclusively for that purpose.",No,,No,Every owner of a dog shall cause a dog tag to be securely affixed on the dog at all times.,Yes,Yes,"No owner shall keep or permit to be kept more than three (3) dogs at any one time, per dwelling unit. Exception: an agricultural location with a valid farm registration number and registered with the Municipality may keep a maximum of five (5) working livestock guardian dogs.","URL: https://www.brockton.ca/media/4akjyxam/by-law-2020-082-dog-control-by-law-set-fines-included.pdf. Very farm-friendly bylaw. Defines Working Agricultural Livestock Guardian Dogs, expressly exempts them from persistent barking restrictions (under Noise By-Law 2019-164 amendment), and permits up to 5 working LGDs per registered farm (exceeding the standard 3 dog limit without a kennel license).",By-Law 2020-082,2020-07-14,COMPLETE - FARM FRIENDLY,Yes,"“Working Agricultural Livestock Guardian Dogs” shall mean a dog that is specifically trained to work and/or live with domestic farm animals (i.e. cattle, sheep, goats etc) without causing them harm while aggressively repelling predators and is used exclusively for that purpose.",No,,No,Every owner of a dog shall cause a dog tag to be securely affixed on the dog at all times.,Yes,Yes,"No owner shall keep or permit to be kept more than three (3) dogs at any one time, per dwelling unit. Exception: an agricultural location with a valid farm registration number and registered with the Municipality may keep a maximum of five (5) working livestock guardian dogs.",312
Calvin,Nipissing,SUCCESS,,By-law No. 2007-013,,COMPLETE,No,,No,,Yes,Each owner shall keep a license tag securely fixed to their dog at all times.,Yes,No,Not explicitly stated.,URL: https://www.calvintownship.ca/uploads/documents/by-laws/2007-013%20Dogs.pdf. Licenses are issued free of charge for the lifetime of all dogs. No specific provisions or exemptions exist for LGDs or farm dogs.,By-law No. 2007-013,,COMPLETE,No,,No,,Yes,Each owner shall keep a license tag securely fixed to their dog at all times.,Yes,No,Not explicitly stated.,389
"Brudenell, Lyndoch and Raglan",Renfrew,SUCCESS,,N/A,,NO BY-LAW IN PLACE,N/A,,N/A,,N/A,N/A,N/A,N/A,N/A,"BYLAW NOT FOUND. Past council minutes (March 2016) explicitly state 'The municipality does not have an animal control by-law'. More recent minutes (November 2025) note that Council adopted By-Law 2025-44 for canine control, but no active bylaw is currently published or available on the municipal website to extract definitions from.",,,NO BY-LAW IN PLACE,,,,,,,,,,347
Bruce Mines,Algoma,SUCCESS,,By-Law No. 2004-23,,COMPLETE,No,,No,,No,"Upon payment of the Licence fee for a Dog, the Owner shall be furnished with a Tag and shall keep the Tag securely fixed on the Dog at all times until the Tag is renewed or replaced.",Yes,No,"Owner, tenant or occupant of a Dwelling Unit, shall not own or harbor more than three (3) Dogs in any Dwelling Unit.","URL: https://brucemines.ca/documents/dl/?fileID=19&catID=0. Standard animal control bylaw. While the bylaw exempts Police Working Dogs and Guide Dogs from 'running at large' provisions, there are no definitions or exemptions for livestock guardian dogs or farm dogs.",By-Law No. 2004-23,2004-06-07,COMPLETE,No,,No,,No,"Upon payment of the Licence fee for a Dog, the Owner shall be furnished with a Tag and shall keep the Tag securely fixed on the Dog at all times until the Tag is renewed or replaced.",Yes,No,"Owner, tenant or occupant of a Dwelling Unit, shall not own or harbor more than three (3) Dogs in any Dwelling Unit.",333
Carlow-Mayo,Hastings,SUCCESS,,By-Law 15-2025,,COMPLETE,No,,No,,No,Annual dog tag/license required.,Yes,No,Not explicitly stated for general households; private kennels are limited to 8 dogs.,"URL: https://carlowmayo.ca/wp-content/uploads/2025/03/15-2025-Dog-By-Law.pdf. Newly enacted By-Law 15-2025 replaces older by-laws. Previous by-laws had no explicit definitions or exemptions for farm dogs or LGDs, and 15-2025 maintains provisions for Service Dogs but no LGD exemptions.",By-Law 15-2025,2021-07-13,COMPLETE,No,,No,,No,Annual dog tag/license required.,Yes,No,Not explicitly stated for general households; private kennels are limited to 8 dogs.,417
Carling,Parry Sound,SUCCESS,,By-law No. 2004-4,,COMPLETE - FARM FRIENDLY,No,,No,,No,The owner shall ensure that the dog tag is securely fixed on the dog at all times.,Yes,Yes,Not specified in by-law text.,"URL: https://www.carling.ca/wp-content/uploads/10-Dog-By-law-2004-4.pdf. Farm Friendly Noise Exemption! While the Animal Control By-law itself restricts persistent barking, Carling's Noise By-Law No. 93-10 specifically prohibits 'Persistent barking, calling or whining... by any domestic pet or any other animal kept or used for any purpose OTHER THAN agriculture.' This explicitly exempts agricultural/farm dogs from the noise by-law's barking prohibitions. Also, dog tags are free for all residents if obtained prior to May 1st.",By-law No. 2004-4,2004-02-02,COMPLETE - FARM FRIENDLY,No,,No,,No,The owner shall ensure that the dog tag is securely fixed on the dog at all times.,Yes,Yes,Not specified in by-law text.,410
Carleton Place,Lanark,SUCCESS,,By-law No. 122-2018,,COMPLETE,No,,No,,No,The Town of Carleton Place requires owners to register their cats or other animals with the municipality and to provide a means of identification in the manner of a Town issued registration tag or a microchip implanted by a qualified vet if that animal ever leaves the owners' premises.,Yes,No,No person or household shall keep more than three (3) dogs or four (4) cats or a total combined of five (5) pets in or about any dwelling unit.,"URL: https://carletonplace.ca/wp-content/uploads/2024/06/Certified-Consolidated-Copy-Animal-Control-By-Law.pdf. Urban animal control bylaw. While service dogs are defined and accommodated, there are no definitions or exemptions provided for LGDs or farm dogs.",By-law No. 122-2018,2018-12-18,COMPLETE,No,,No,,No,The Town of Carleton Place requires owners to register their cats or other animals with the municipality and to provide a means of identification in the manner of a Town issued registration tag or a microchip implanted by a qualified vet if that animal ever leaves the owners' premises.,Yes,No,No person or household shall keep more than three (3) dogs or four (4) cats or a total combined of five (5) pets in or about any dwelling unit.,403
Cobourg,Northumberland,SUCCESS,,Animal Control By-law No. 021-2014,,COMPLETE - FARM FRIENDLY,Yes,"""Working Dog"" shall mean any of various breeds of dogs developed or trained to do useful work, such as herding animals or pulling wagons or sleds.",No,,No,Every dog owner shall keep the tag issued for a dog securely affixed on the dog.,Yes,No,N/A,Includes a definition for Working Dog which encompasses herding animals. URL: https://www.cobourginternet.com/assets/2021/Popular-Bylaws/021-2014-Animal-Control-1.pdf,BY-LAW NUMBER 021-2014,2014-03-17,COMPLETE,No,,No,,No,Yes,No,N/A,3,613
Cramahe,Northumberland,SUCCESS,,By-law Number 09-01,,COMPLETE,No,,No,,No,Every dog tag shall bear the serial number and year in which it was issued... The holder of a Kennel Permit will receive a dog tag free of charge for each dog kept at the kennel and the tag will be attached to that dog.,Yes,No,N/A,"Kennels existing before January 1, 2009 are grandfathered. Standard animal control provisions. URL: https://www.cramahe.ca/media/ebmoua3l/09-01_dog_by-law.pdf",,,COMPLETE,,,,,,,,,,662
Deseronto,Hastings,SUCCESS,,Dog & Kennel Licence By-Law #43-2024,,COMPLETE,N/A,N/A,N/A,N/A,N/A,N/A,N/A,N/A,N/A,By-law #43-2024 is listed on the municipal website but the full text is not publicly accessible via search. URL: https://www.deseronto.ca/residents/by-laws-and-standards,,,COMPLETE,,,,,,,,,,690
Deep River,Renfrew,SUCCESS,,By-Law Number 47-2025,2025-11-19,COMPLETE,No,,No,,No,Dog Licence requires purchasing a tag valid for the life of the animal.,N/A,N/A,N/A,By-law establishes lifetime dog tags. Service and emotional support animals are defined in library policies but no LGD definitions exist in the fee by-law. URL: https://www.deepriver.ca/userfiles/file/47-2025%20-%202026%20Schedule%20of%20User%20Fees%20and%20Charges%20-%20Revised%203rd%20Reading%283%29.pdf,BY-LAW NO. 24-2013,2013-06-26,NO BY-LAW IN PLACE,No,,No,,No,Yes,Yes,No,2,683
Dryden,Kenora,SUCCESS,,N/A,,COMPLETE,No,,No,,N/A,N/A,Yes,No,N/A,"Full by-law text not found, but official municipal documentation states a dog is considered a nuisance if it barks consistently for a minimum of 10 minutes. No agricultural exemptions noted. URL: https://dryden-017-ca.govstack.com/media/wljhqbwz/barking-dog-form.pdf",BY-LAW NUMBER 2024-23,2022-05-22,NO BY-LAW IN PLACE,No,,No,,No,Yes,Yes,No,2 unless j) on a rural lot that has a minimum lot size of one hectare or more.,718
Dutton-Dunwich,Elgin,SUCCESS,,N/A,,NO BY-LAW IN PLACE,N/A,N/A,N/A,N/A,N/A,N/A,N/A,N/A,N/A,BYLAW NOT FOUND. Full text of the animal control bylaw for Dutton-Dunwich could not be located.,"By-law No. 2020-40
Animal Control Bylaw",2020-05-10,NO BY-LAW IN PLACE,Other,,No,,No,7,NOT KNOWN,NOT KNOWN,"Sec 3.1 . Maximum - 3 Per Premises No person shall keep more than 3 dogs in any one dwelling unit or on any premises. Sec 3.3 | Guard Dogs - Industrial-Commercial Premises Notwithstanding section 3.1 of this by-law, more than three (3) guard dogs may be licensed for lawfully used industrial or commercial premises.",746
Douro-Dummer,Peterborough,SUCCESS,,By-law 2021-11,,COMPLETE,No,,No,,No,"Dogs must have a tag, including visitors staying over 7 days.",Yes,No,Maximum of 3 dogs per property.,Service animals are exempt from the maximum dog limit. No specific definitions for LGDs. URL: https://pub-douro-dummer.escribemeetings.com/filestream.ashx?DocumentId=1584,By-law 2021-11,2021-01-15,NO BY-LAW IN PLACE,No,,No,,No,Yes,No,N/A,3,704
Dubreuilville,Algoma,SUCCESS,,Animal Care and Control By-Law 2024-13,,COMPLETE,No,,No,,No,N/A,Yes,No,N/A,"Defines ""Guard Dog"" strictly as a dog trained for security purposes, not an agricultural working dog. URL: https://dubreuilville.ca/wp-content/uploads/2025/06/2024-13-ANIMAL-CONTROL-AND-REPEAL-2023-30.pdf",By-Law No. 2023-30,2023-05-10,NO BY-LAW IN PLACE,No,,No,,No,Yes,Yes,No,5 (animals in total),725
East Zorra-Tavistock,Oxford,SUCCESS,,By-law #2008-35,,COMPLETE,No,,No,,No,All owners of dogs shall ensure that an identification tag is appropriately affixed to each dog under their care. Minimum requirements for information to be included on the identification tag shall be: a) Owner Name b) Owner Phone Number,Yes,No,3 per lot,Township allows residents to apply for an exemption to keep more than 3 dogs for compassionate reasons or service animal status. URL: https://www.ezt.ca/media/sgqddbzw/2008-035_caninecontrol_bylaw_vcurr.pdf,BY-LAW #2001 - 54,2001-10-17,NO BY-LAW IN PLACE,No,,No,,N/A,N/A,No,N/A,3,795
Edwardsburgh-Cardinal,Leeds and Grenville,SUCCESS,,By-law 2016-85,,COMPLETE,No,,No,,No,Identified as to ownership by presence of a tag or tags.,Yes,No,N/A,"Exempts hunting dogs from 'running at large' provisions while engaged in the legal pursuit of game and under the care and control of hunters, though no specific LGD definition is present. URL: https://www.twpec.ca/media/eb0fak1s/2016-85.pdf",BY-LAW 2016-85,2016-12-12,NO BY-LAW IN PLACE,No,,No,,No,Yes,Yes,No,3,802
Faraday,Hastings,SUCCESS,,By-Law No. 25-2016,,COMPLETE,No,,No,,No,Every owner of a dog shall register the dog... No person shall use a dog tag upon a dog other than the dog for which the tag was issued.,Yes,No,Not more than three dogs shall be kept at any residence within the boundaries of the Municipality.,URL: https://faraday.ca/wp-content/uploads/2019/11/Dog-By-Law-2016.pdf. Standard animal control bylaw with a 3-dog limit. No specific exemptions or definitions for LGDs or farm dogs.,By-Law No. 25-2016,2016-06-01,COMPLETE,No,,No,,No,Every owner of a dog shall register the dog... No person shall use a dog tag upon a dog other than the dog for which the tag was issued.,Yes,No,Not more than three dogs shall be kept at any residence within the boundaries of the Municipality.,893
Fort Frances,Rainy River,SUCCESS,,By-Law No. 50/17,,COMPLETE - FARM FRIENDLY,Yes,“livestock guardian dog” – means a dog that works and/or lives with domestic farm animals to protect them while repelling predators and is used exclusively for that purpose;,Yes,“herding dog” – means a dog that has been trained and is actively being used in a bona fide farming operation for the purposed controlling of livestock on the farm;,No,Every owner of a dog or cat must purchase a tag on or before January 1st each year.,Yes,No,"There is no limit on the number of dogs and cats that a person can have in the Town of Fort Frances, provided adequate care can be given.",URL: https://www.fortfrances.ca/sites/default/files/5017_animal_control.pdf. The bylaw explicitly defines both Livestock Guardian Dogs and Herding Dogs. The municipality does not place a numerical limit on the number of dogs a person can own.,By-Law No. 50/17,2017-10-23,COMPLETE - FARM FRIENDLY,Yes,“livestock guardian dog” – means a dog that works and/or lives with domestic farm animals to protect them while repelling predators and is used exclusively for that purpose;,Yes,“herding dog” – means a dog that has been trained and is actively being used in a bona fide farming operation for the purposed controlling of livestock on the farm;,No,Every owner of a dog or cat must purchase a tag on or before January 1st each year.,Yes,No,"There is no limit on the number of dogs and cats that a person can have in the Town of Fort Frances, provided adequate care can be given.",914
Georgian Bluffs,Grey,SUCCESS,,By-law No. 79-2013,,COMPLETE - FARM FRIENDLY,Yes,“Working Dog” shall mean a dog trained to aid in herding or protecting livestock or a dog trained for and used for dog sledding.,No,,No,On payment of the license fee the owner shall be provided with a dog tag bearing a serial number and the year for which the tag is issued for each dog registered and licensed.,Yes,No,"The maximum number of dogs per household, except for Service Dogs, Guide Dogs, Working Dogs or Hunting Dogs, shall be restricted to three (3).",URL: https://www.georgianbluffs.ca/media/c1efh0ij/animal-control.pdf. Very farm-friendly bylaw. Working dogs (which includes protecting and herding livestock) are specifically exempted from the 3-dog limit per household and are also exempt from 'running at large' provisions while actively working.,By-law No. 79-2013,2013-09-04,COMPLETE - FARM FRIENDLY,Yes,“Working Dog” shall mean a dog trained to aid in herding or protecting livestock or a dog trained for and used for dog sledding.,No,,No,On payment of the license fee the owner shall be provided with a dog tag bearing a serial number and the year for which the tag is issued for each dog registered and licensed.,Yes,No,"The maximum number of dogs per household, except for Service Dogs, Guide Dogs, Working Dogs or Hunting Dogs, shall be restricted to three (3).",970
Goderich,Huron,SUCCESS,,By-Law 63-2017,2017-06-19,COMPLETE,No,,No,,No,Every owner of a dog in the Town of Goderich shall... cause such a dog to be licensed... and keep the dog tag affixed to the dog.,Yes,No,Prohibiting the keeping of more than a total of four pets in a dwelling unit – two being dogs.,URL: https://www.goderich.ca/media/lzho13vl/63-2017-animal-control-by-law-accessible.pdf. Standard urban animal control bylaw with a strict pet limit. No farm dog or LGD provisions.,By-Law 63-2017,2017-06-19,COMPLETE,No,,No,,No,Every owner of a dog in the Town of Goderich shall... cause such a dog to be licensed... and keep the dog tag affixed to the dog.,Yes,No,Prohibiting the keeping of more than a total of four pets in a dwelling unit – two being dogs.,991
Erin,Wellington,SUCCESS,,By-law #15-57,,NO BY-LAW IN PLACE,N/A,,N/A,,N/A,N/A,N/A,N/A,N/A,"BYLAW NOT FOUND. The Town of Erin has an active 'Dog Control and Kennel By-law' (By-law 15-57), but the full text of the document is not publicly accessible online to extract the specific definitions or LGD provisions.",By-law #15-57,2015-12-15,NO BY-LAW IN PLACE,No,,No,,No,Yes,Yes,No,none,851
Gore Bay,Manitoulin,SUCCESS,,Control and Licensing of Dogs By-Law,,COMPLETE,No,,No,,No,"Upon payment of the applicable license fee, the owner shall be furnished with a dog tag bearing a serial number.",Yes,No,No dog owner shall possess any more than 3 dogs at one time in a single dwelling unit. Dog kennels are prohibited entirely.,"URL: https://www.gorebay.ca/media/fxvpgp2u/control-and-licensing-of-dogs-by-law.pdf. Standard animal control bylaw. Service dogs are expressly exempt from the licensing fee, but no exemptions exist for working or farm dogs.",Control and Licensing of Dogs By-Law,2020-01-13,COMPLETE,No,,No,,No,"Upon payment of the applicable license fee, the owner shall be furnished with a dog tag bearing a serial number.",Yes,No,No dog owner shall possess any more than 3 dogs at one time in a single dwelling unit. Dog kennels are prohibited entirely.,1005
Greater Madawaska,Renfrew,SUCCESS,,By-Law Number 9-2008,,COMPLETE - FARM FRIENDLY,No,,No,,No,Every owner or harbourer of a Dog shall obtain a tag and keep it securely fixed on his Dog.,Yes,No,"No person shall own, keep or harbour more than three (3) dogs per location. However, an amendment (By-Law 28-2018) specifies that more than three (3) dogs per location may be kept on land outside of a Built-up Area.","URL: https://www.greatermadawaska.com/media/wkkpanrb/28-2018-to-amend-animal-control-by-law.pdf. While it lacks explicit LGD definitions, the by-law is very rural-friendly by exempting non-built-up areas (rural/agricultural properties) from the 3-dog limit.",By-Law Number 9-2008,2008-04-17,COMPLETE - FARM FRIENDLY,No,,No,,No,Every owner or harbourer of a Dog shall obtain a tag and keep it securely fixed on his Dog.,Yes,No,"No person shall own, keep or harbour more than three (3) dogs per location. However, an amendment (By-Law 28-2018) specifies that more than three (3) dogs per location may be kept on land outside of a Built-up Area.",1026
Haldimand,Haldimand,SUCCESS,,By-law 1396/13,2013-09-23,COMPLETE,No,,No,,No,"Every owner of a dog shall ensure that a lost, damaged or destroyed identification tag is replaced immediately.",Yes,No,"No owner shall keep or permit to be kept more than three (3) dogs in a residential area. On all other premises, no owner shall keep more than five (5) dogs.","URL: https://www.haldimandcounty.ca/government-administration/by-laws-and-policies/by-law-directory/animal-control-by-law/. Dog limits are increased to 5 for non-residential properties (which includes agricultural), offering some flexibility for farms.",By-law 1396/13,2013-09-23,COMPLETE,No,,No,,No,"Every owner of a dog shall ensure that a lost, damaged or destroyed identification tag is replaced immediately.",Yes,No,"No owner shall keep or permit to be kept more than three (3) dogs in a residential area. On all other premises, no owner shall keep more than five (5) dogs.",1089
Hawkesbury,Prescott and Russell,SUCCESS,,By-law N° 36-2020,,COMPLETE,No,,No,,No,"No person shall board a dog that does not have a current valid licence, registration or tag from the Town or from another municipality.",Yes,No,"No person shall keep, either on a temporary or permanent basis, more than four (4) domestic animals with a maximum of two (2) dogs in any residential dwelling unit.",URL: https://www.hawkesbury.ca/uploads/documents/R%C3%A9glements-municipaux/BY-LAW-N%C2%B0-36-2020-CONSOLIDATED-2024-Animal-Control.pdf. Standard urban animal control bylaw with a strict limit of 2 dogs per residential dwelling unit. No LGD or farm dog exemptions found.,By-law N° 36-2020,2020-06-29,COMPLETE,No,,No,,No,"No person shall board a dog that does not have a current valid licence, registration or tag from the Town or from another municipality.",Yes,No,"No person shall keep, either on a temporary or permanent basis, more than four (4) domestic animals with a maximum of two (2) dogs in any residential dwelling unit.",1173
"Hamilton, C",Hamilton,SUCCESS,,By-law No. 12-031,2012-02-08,COMPLETE - FARM FRIENDLY,No,,No,,No,All dog owners must obtain an annual dog license before the dog is three months old and the license tag must be attached to the dog's collar.,Yes,Yes,A maximum of 4 domestic animals per household in urban areas.,"URL: https://www.hamilton.ca/sites/default/files/2022-07/12-031-officeconsolidation-jun16-22.pdf. The Responsible Animal Ownership By-Law regulates pets in Hamilton. Although there are no specific definitions for LGDs, Section 7.12 regulates unreasonable animal noise (barking) but explicitly states: 'This section does not apply to noise from an animal on a farm.' (As amended by By-law 18-008).",By-law No. 12-031,2012-02-08,COMPLETE - FARM FRIENDLY,No,,No,,No,All dog owners must obtain an annual dog license before the dog is three months old and the license tag must be attached to the dog's collar.,Yes,Yes,A maximum of 4 domestic animals per household in urban areas.,1117
Highlands East,Haliburton,SUCCESS,,,,NO BY-LAW IN PLACE,No,,No,,N/A,,N/A,N/A,,"BYLAW NOT FOUND. By-Law No. 2020-45 is referenced on the municipality's website (e.g., for off-leash parks), but the full document PDF could not be located or accessed online for review. URL: https://www.highlandseast.ca",BY-LAW NO. 2005-55,2005-10-25,NO BY-LAW IN PLACE,No,,No,,No,Yes,Yes,No,5,1194
Horton,Renfrew,SUCCESS,,ANIMAL CONTROL BY-LAW NO. 2014-34,2014-06-02,COMPLETE,No,,No,,No,"Upon payment of the license fee for a dog, the owner shall be furnished with a tag which shall bear the serial number relating to the application, and/or sticker indicating the year in which the tag is valid.",Yes,No,Not specified in the retrieved text.,Standard animal control bylaw with no specific agricultural or working dog exemptions found. Found at: https://www.hortontownship.ca/userfiles/file/cs/1675693648_457103998.pdf,ANIMAL CONTROL BY-LAW NO. 2014-34,2014-06-02,COMPLETE,No,,No,,No,"Upon payment of the license fee for a dog, the owner shall be furnished with a tag which shall bear the serial number relating to the application, and/or sticker indicating the year in which the tag is valid.",Yes,No,Not specified in the retrieved text.,1229
Hilton Beach,Algoma,SUCCESS,,By-Law 2020-08 Animal Control,,NO BY-LAW IN PLACE,No,,No,,N/A,,N/A,N/A,,"BYLAW NOT FOUND. By-Law 2020-08 Animal Control is listed on the municipal website, but the document text is unsearchable and cannot be retrieved online.",By-Law 2020-08 Animal Control,2020-05-13,NO BY-LAW IN PLACE,No,,No,,No,Yes,Yes,No,3,1208
Huron East,Huron,SUCCESS,,Animal Control By-law 077-2022,,COMPLETE - FARM FRIENDLY,Yes,,Yes,,No,All dogs in the Municipality are required to have a dog tag. Each tag is designed to stay with your dog for its entire lifetime.,Yes,No,"No more than two (2) dogs may be harboured in urban areas, and no more than three (3) dogs in rural areas. Exception: A person may harbour more than 3 dogs without a kennel licence if the person keeps livestock on the same premises, the land is zoned agricultural, the dogs are licenced, and the dogs are livestock guardian and/or herding dogs.","Farm friendly! Features an explicit exemption from the general 3-dog limit for livestock guardian dogs and herding dogs on agricultural properties keeping livestock. The full PDF was inaccessible to extract exact quoted definitions, but the rules are detailed on the municipal Animal Services website: https://www.huroneast.com/living-here/animal-services/",Animal Control By-law 077-2022,2022-10-18,COMPLETE - FARM FRIENDLY,Yes,"Definition: 2.17 ""Livestock Guardian Dog"" means a dog that works and/or lives with domestic farm animals (e.g. cattle, sheep, poultry) to protect them by repelling predators and is used exclusively for that purpose. Limit of Animals: 4.4 In a Rural area,",Yes,,No,All dogs in the Municipality are required to have a dog tag. Each tag is designed to stay with your dog for its entire lifetime.,Yes,No,"No more than two (2) dogs may be harboured in urban areas, and no more than three (3) dogs in rural areas. Exception: A person may harbour more than 3 dogs without a kennel licence if the person keeps livestock on the same premises, the land is zoned agricultural, the dogs are licenced, and the dogs are livestock guardian and/or herding dogs.",1257
Howick,Huron,SUCCESS,,Canine Control By-law No. 52-2022,,COMPLETE - FARM FRIENDLY,Yes,"“Livestock Guardian Dog” shall mean a dog that works and/or lives with domestic farm animals (e.g. cattle, sheep, poultry) to protect them while repelling predators and is used exclusively for that purpose;",Yes,“Herding Dog” means a dog that has been trained and is actively being used in a bona fide farming operation for the purposes of controlling livestock on the farm;,No,Every owner of a dog shall obtain a tag within 10 days of taking possession of a dog. Permanent dog tags are issued.,Yes,Yes,"No person shall own, harbour, keep or permit to be kept at any one time, more than three (3) dogs per single property, location, or dwelling, with exceptions for livestock guardian or herding dogs.",Very farm friendly bylaw. It provides specific exemptions for Livestock Guardian Dogs and Herding Dogs from the 3-dog limit and explicitly states that nothing in the bylaw shall apply to restrict Livestock Guardian or Herding Dogs from its duties that are a Normal Farm Practice. Such dogs have a special license fee. URL: https://howick.nyc3.cdn.digitaloceanspaces.com/By-laws/Township-of-Howick-Policies/Canine-Control-By-law.pdf,Canine Control By-law No. 52-2022,,COMPLETE - FARM FRIENDLY,Yes,"“Livestock Guardian Dog” shall mean a dog that works and/or lives with domestic farm animals (e.g. cattle, sheep, poultry) to protect them while repelling predators and is used exclusively for that purpose;",Yes,“Herding Dog” means a dog that has been trained and is actively being used in a bona fide farming operation for the purposes of controlling livestock on the farm;,No,Every owner of a dog shall obtain a tag within 10 days of taking possession of a dog. Permanent dog tags are issued.,Yes,Yes,"No person shall own, harbour, keep or permit to be kept at any one time, more than three (3) dogs per single property, location, or dwelling, with exceptions for livestock guardian or herding dogs.",1236
Ingersoll,Oxford,SUCCESS,,By-Law No. 01-3989,2002-01-01,COMPLETE,No,,No,,Yes,"Effective January 1, 2026, owners are no longer required to purchase a municipal dog tag. Each owner must obtain their own tag with contact information clearly displayed, or purchase a microchip for permanent identification.",Yes,No,No person shall keep more than 3 dogs in any one dwelling unit or on any premises.,Standard animal control bylaw. Barking is restricted under Noise Control By-law 19-5060. Dog tag and license fees are being eliminated entirely in 2026. No specific farm or LGD exemptions. URL: https://www.ingersoll.ca/media/mizn5bs2/january-2026-01-3989-consolidated-dog-by-law.pdf,By-Law No. 01-3989,2002-01-01,COMPLETE,No,,No,,Yes,"Effective January 1, 2026, owners are no longer required to purchase a municipal dog tag. Each owner must obtain their own tag with contact information clearly displayed, or purchase a microchip for permanent identification.",Yes,No,No person shall keep more than 3 dogs in any one dwelling unit or on any premises.,1292
"Killaloe, Hagarty and Richards",Renfrew,SUCCESS,,BY-LAW NUMBER 21-2017,,COMPLETE,No,,No,,No,Every owner or harbourer of a dog shall obtain a tag and keep it securely fixed on his/her dog and shall not affix the tag upon a dog other than the dog for which the said tag was issued.,Yes,No,Not specified in the retrieved text.,"Standard animal control bylaw focused on licensing, restraint, and dangerous dogs. Barking is restricted under the 'Nuisance Animal' clause. No farm or working dog exemptions found. Found at: https://www.killaloe-hagarty-richards.ca/sites/25/files/2025-01/21-2017%20animal%20control%20amending%2007-2011.pdf",BY-LAW NUMBER 21-2017,2011-09-06,COMPLETE,No,,No,,No,Every owner or harbourer of a dog shall obtain a tag and keep it securely fixed on his/her dog and shall not affix the tag upon a dog other than the dog for which the said tag was issued.,Yes,No,Not specified in the retrieved text.,1376
Guelph,Wellington,SUCCESS,,By-law Number (2016)-20122,2016-12-19,COMPLETE,No,,No,,No,"If an Animal Licence in the form of an Animal Tag has been issued to the Keeper of an Animal, the Keeper of the Animal shall keep that Animal Tag securely affixed on the Animal at all times. Exception for hunting dogs actively hunting.",Yes,No,"No strict numerical limit per household, but 4 or more dogs kept for profit/gain is considered a kennel.",Standard urban animal control bylaw. Does not set a household limit on the number of dogs. Noise Control By-law (1998)-15760 prohibits the persistent barking of domestic animals at all times. No farm dog or LGD exemptions noted. URL: https://guelph.ca/wp-content/uploads/animalcontrolbylaw.pdf,By-law Number (2016)-20122,2016-12-19,COMPLETE,No,,No,,No,"If an Animal Licence in the form of an Animal Tag has been issued to the Keeper of an Animal, the Keeper of the Animal shall keep that Animal Tag securely affixed on the Animal at all times. Exception for hunting dogs actively hunting.",Yes,No,"No strict numerical limit per household, but 4 or more dogs kept for profit/gain is considered a kennel.",1075
Kitchener,Waterloo,SUCCESS,,Chapter 421 - Dog - Responsible Ownership,,COMPLETE,No,,No,,No,On payment of the first Kitchener licence fee for a dog the owner shall be furnished with a dog tag... The owner shall keep the tag securely fixed on the dog at all times.,Yes,No,A maximum of three dogs are allowed in a household.,The regulation of dogs is integrated into the Kitchener Municipal Code (Chapter 421 for Responsible Ownership). No agricultural or working dog exemptions were found. URL: https://lf.kitchener.ca/WebLinkExt/DocView.aspx?dbid=0&id=2024521,Chapter 421 - Dog - Responsible Ownership,,COMPLETE,No,,No,,No,On payment of the first Kitchener licence fee for a dog the owner shall be furnished with a dog tag... The owner shall keep the tag securely fixed on the dog at all times.,Yes,No,A maximum of three dogs are allowed in a household.,1425
Kingsville,Essex,SUCCESS,,By-law 103-2003,,COMPLETE,No,,No,,No,A tag shall be supplied by the Town of Kingsville for each dog in respect of which a licence fee is paid hereunder and the owner shall keep the tag securely fixed on the dog at all times.,Yes,No,"No person shall harbour, keep or cause to be kept within the limits of the Town of Kingsville more than three (3) dogs unless a Kennel Licence has been issued by the Municipality.",Consolidated Regulation of Dogs By-law with standard constraints and no farm/working dog exemptions. Moved to a lifetime dog-licensing program in 2024. Noise and barking is regulated under By-law 28-2006. Found at: https://www.kingsville.ca/media/d5ti4sku/103-2003-regulation-of-dogs-by-law-consolidated.pdf,By-law 103-2003,2015-06-08,COMPLETE,No,,No,,No,A tag shall be supplied by the Town of Kingsville for each dog in respect of which a licence fee is paid hereunder and the owner shall keep the tag securely fixed on the dog at all times.,Yes,No,"No person shall harbour, keep or cause to be kept within the limits of the Town of Kingsville more than three (3) dogs unless a Kennel Licence has been issued by the Municipality.",1411
Lake of Bays,Muskoka,SUCCESS,,,,NO BY-LAW IN PLACE,N/A,,N/A,,N/A,,N/A,N/A,,"BYLAW NOT FOUND. The municipal website references an 'Animal Control – The Control and Licensing of Dogs' By-law (By-law 2014-134) which requires a lifetime dog license, but the actual PDF document is not published or accessible online to review for agricultural exemptions.",BY-LAW NUMBER 2014-134,2014-10-14,NO BY-LAW IN PLACE,No,,No,,No,Yes,Yes,No,none,1446
Lanark Highlands,Lanark,SUCCESS,,,,NO BY-LAW IN PLACE,N/A,,N/A,,N/A,,N/A,N/A,,"BYLAW NOT FOUND. By-Law No. 2004-502 ('Regulate the Keeping and Control of Animals') is listed on the municipality's website with a brief summary (detailing a $30 dog tag fee and restrictions against barking and running at large), but the full document is inaccessible online.",https://www.lanarkhighlands.ca/PDF-Flip/index.html,2004-06-22,NO BY-LAW IN PLACE,No,,No,,No,Yes,Yes,No,4,1481
Laird,Algoma,SUCCESS,,By-law Number 2040-25,2025-01-16,COMPLETE,No,,No,,No,"Every owner of a dog shall obtain a license annually and cause the dog to be registered, numbered, described and licensed with the Township as soon as the dog has attained the age of 6 months. Dog tags shall be worn at all times.",Yes,No,"No person shall own, harbour or keep more than 5 dogs unless in a licensed kennel.","A standard animal control bylaw recently adopted in January 2025. It prohibits owners from allowing their dogs to run at large, bark or howl, or cause a nuisance. No specific definitions or exemptions for working or livestock guardian dogs were found, though the municipal newsletter notes that all dog tags are currently issued at no cost for all residents. URL: https://lairdtownship.ca/wp-content/uploads/2025/01/By-law-2040-25-Control-of-Dogs.pdf",By-law Number 2040-25,2025-01-16,COMPLETE,No,,No,,No,"Every owner of a dog shall obtain a license annually and cause the dog to be registered, numbered, described and licensed with the Township as soon as the dog has attained the age of 6 months. Dog tags shall be worn at all times.",Yes,No,"No person shall own, harbour or keep more than 5 dogs unless in a licensed kennel.",1439
Madawaska Valley,Renfrew,SUCCESS,,,,NO BY-LAW IN PLACE,N/A,,N/A,,N/A,,N/A,N/A,,"BYLAW NOT FOUND. An 'Animal Control By-law' is referenced on the municipal website and in the Schedule of Fees (By-law 2025-18), but the full document is not published online for review.",BY-LAW NUMBER 2010-86,2010-11-15,NO BY-LAW IN PLACE,No,,No,,No,Yes,Yes,No,none,1593
Lucan Biddulph,Middlesex,SUCCESS,,BY-LAW NO. 79-2021,,COMPLETE,No,,No,,No,Every owner of a dog shall keep the Dog Tag securely fixed on the dog at all times when the dog is not on the premises of the owner.,Yes,No,"Every person shall ensure that the total number of cats and dogs kept in a dwelling does not exceed five (5) within the Township of Lucan Biddulph, with a maximum of three (3) dogs harboured at any one time in a dwelling unit, with exceptions for a licenced kennel, animal hospital, pound, etc.",Standard animal control by-law. Barking is restricted under Noise By-Law 24-2017. No agricultural or working dog exemptions were found in the text. URL: https://www.lucanbiddulph.on.ca/sites/default/files/2023-05/79-2021%20Animal%20Control%202022.pdf,BY-LAW NO. 79-2021,2020-11-03,COMPLETE,No,,No,,No,Every owner of a dog shall keep the Dog Tag securely fixed on the dog at all times when the dog is not on the premises of the owner.,Yes,No,"Every person shall ensure that the total number of cats and dogs kept in a dwelling does not exceed five (5) within the Township of Lucan Biddulph, with a maximum of three (3) dogs harboured at any one time in a dwelling unit, with exceptions for a licenced kennel, animal hospital, pound, etc.",1565
Malahide,Elgin,SUCCESS,,,,NO BY-LAW IN PLACE,N/A,,N/A,,N/A,,N/A,N/A,,"BYLAW NOT FOUND. By-law No. 05-71 (Regulation, restriction and prohibition of the keeping and running-at-large of dogs) is referenced on their licensing application pages, but the full document is not published online for review.",BY-LAW No. 05-71,2005-12-15,NO BY-LAW IN PLACE,No,,No,,No,Yes,No,N/A,3,1614
Kawartha Lakes,Kawartha Lakes,SUCCESS,,By-Law 2021-072,2021-05-18,COMPLETE - FARM FRIENDLY,Yes,"“Livestock Guardian Dog” means a dog that works and/or lives with domestic farm animals (i.e. cattle, sheep, goats) to protect them while aggressively repelling predators and is used exclusively for that purpose;",No,,Yes,Every owner of a dog that has reached the age of 28 weeks or domestic cat in an urban area shall make application to register the animal with the City for either an annual or lifetime tag within 30 days of acquisition. Every tag that is issued shall be kept securely fixed on the animal at all times when the animal is in a place other than the place of its owner.,Yes,No,Not specified in the retrieved bylaw text.,"Very farm-friendly bylaw. It explicitly defines 'Livestock Guardian Dog' and the City's licensing fee schedule grants Livestock Guardian Dogs a complete fee exemption (free licensing, with proof). It also contains broad definitions to prevent standard animal enclosure rules from impeding on normal farm practices and livestock enclosures. URL: https://pub-kawarthalakes.escribemeetings.com/filestream.ashx?DocumentId=54153",By-Law 2021-072,2021-05-18,COMPLETE - FARM FRIENDLY,Yes,"“Livestock Guardian Dog” means a dog that works and/or lives with domestic farm animals (i.e. cattle, sheep, goats) to protect them while aggressively repelling predators and is used exclusively for that purpose;",No,"“Livestock Guardian Dog” means a dog that works and/or lives with domestic farm animals (i.e. cattle, sheep, goats) to protect them while aggressively repelling predators and is used exclusively for that purpose;",Yes,Every owner of a dog that has reached the age of 28 weeks or domestic cat in an urban area shall make application to register the animal with the City for either an annual or lifetime tag within 30 days of acquisition. Every tag that is issued shall be kept securely fixed on the animal at all times when the animal is in a place other than the place of its owner.,Yes,No,Not specified in the retrieved bylaw text.,1348
Marathon,Thunder Bay,SUCCESS,,By-Law No. 1788,,COMPLETE,No,,No,,No,Annual dog licence required; tag must be worn on the collar.,Yes,No,"Permitted to keep a total of no more than six (6) domestic pets (dogs and cats combined) in a residential dwelling, with a maximum of three (3) dogs over the age of twenty (20) weeks.","Standard animal control bylaw. The definition of 'Animal' casually mentions an animal kept as a 'working animal', but the by-law does not afford specific exemptions or unique definitions for LGDs, herding dogs or farm dogs. Barking is also regulated under Noise By-law 1190. URL: https://www.marathon.ca/media/snsf4srh/1788-regulate-govern-animals-2.pdf",By-Law No. 1788,2013-04-08,COMPLETE,No,,No,,No,Annual dog licence required; tag must be worn on the collar.,Yes,No,"Permitted to keep a total of no more than six (6) domestic pets (dogs and cats combined) in a residential dwelling, with a maximum of three (3) dogs over the age of twenty (20) weeks.",1635
Mapleton,Wellington,SUCCESS,,By-Law Number 2019-034,,COMPLETE - FARM FRIENDLY,Yes,Guardian Dog means a type of pastoral dog bred for the purpose of protecting livestock from predators.,No,,No,The owner shall be required to provide each dog with a collar or harness to which the license tag must be permanently affixed.,Yes,No,"No person or persons shall own, harbour or keep more than three (3) domesticated household dogs on a lot. Because 'Guardian Dogs' are defined separately from 'Domesticated Household Dogs' (which are kept for companionship), the 3-dog limit functionally exempts Guardian Dogs.","Farm friendly! Mapleton's by-law explicitly defines 'Guardian Dog' as a pastoral dog bred for protecting livestock, which separates them from 'Domesticated Household Dogs' and their corresponding limits. URL: https://www.mapleton.ca/media/pnxnffap/2019-034-dog-by-law-canine.pdf",By-Law Number 2019-034,2019-04-09,COMPLETE - FARM FRIENDLY,Yes,Guardian Dog means a type of pastoral dog bred for the purpose of protecting livestock from predators.,No,,No,The owner shall be required to provide each dog with a collar or harness to which the license tag must be permanently affixed.,Yes,No,"No person or persons shall own, harbour or keep more than three (3) domesticated household dogs on a lot. Because 'Guardian Dogs' are defined separately from 'Domesticated Household Dogs' (which are kept for companionship), the 3-dog limit functionally exempts Guardian Dogs.",1628
Markstay-Warren,Sudbury,SUCCESS,,,,NO BY-LAW IN PLACE,N/A,,N/A,,N/A,,N/A,N/A,,"BYLAW NOT FOUND. A new 'Responsible Animal Ownership (RAO) By-law' (By-law 2024-28) was passed in June 2024, but the actual PDF document cannot be retrieved online to verify definitions and exemptions.",,,NO BY-LAW IN PLACE,,,,,,,,,,1649
Mattawa,Nipissing,SUCCESS,,Keeping of Dogs By-law 08-21,null,COMPLETE,No,,No,,No,The owner shall keep the tag securely fixed on the dog at all times until the tag is renewed or replaced.,Yes,No,No owner shall keep more than three (3) dogs in or about any dwelling unit (Per By-Law 17-17).,Standard animal control bylaw with no specific agricultural exemptions for working dogs. URL: https://mattawa.ca/uploads/documents/by-laws/Keeping%20of%20Dogs%20By-law%2008-21.pdf,Keeping of Dogs By-law 08-21,2008-08-25,COMPLETE,No,,No,,No,The owner shall keep the tag securely fixed on the dog at all times until the tag is renewed or replaced.,Yes,No,No owner shall keep more than three (3) dogs in or about any dwelling unit (Per By-Law 17-17).,1670
McGarry,Timiskaming,SUCCESS,,N/A,N/A,NO BY-LAW IN PLACE,N/A,N/A,N/A,N/A,N/A,N/A,N/A,N/A,N/A,BYLAW NOT FOUND. No dog or animal control bylaw available on the municipality's official digital records.,BY-LAW NO. 2021-13,2021-01-12,NO BY-LAW IN PLACE,No,,No,,No,Yes,Yes,No,3,1698
Minden Hills,Haliburton,SUCCESS,,N/A,N/A,NO BY-LAW IN PLACE,N/A,N/A,N/A,N/A,N/A,N/A,N/A,N/A,N/A,"BYLAW NOT FOUND. References to dog services exist on the municipal site, but the full text of the animal control bylaw is not hosted online.",,,NO BY-LAW IN PLACE,No,,No,,No,,Yes,No,,1775
Midland,Simcoe,SUCCESS,,Licensing & Control of Dogs By-law,null,COMPLETE,No,,No,,No,"Upon initial registration, a dog tag with a unique identification number is provided, which serves as proof that the licence has been obtained. Each subsequent year of registration renews the existing dog tag/licence.",N/A,N/A,N/A,"The Town also enforces an Animal Control By-law 2024-36, but dog-specific regulations fall under the Licensing & Control of Dogs By-law. Guide and service dogs are exempt from fees, but no mention of agricultural farm dogs. URL: https://www.midland.ca/media-manager/media-pages/forms-applications/dog-licence-application/",Licensing & Control of Dogs By-law,2009-03-23,COMPLETE,No,,No,,No,"Upon initial registration, a dog tag with a unique identification number is provided, which serves as proof that the licence has been obtained. Each subsequent year of registration renews the existing dog tag/licence.",Yes,No,2,1761
Merrickville-Wolford,Leeds and Grenville,SUCCESS,,By-law 09-2025,null,COMPLETE,No,,No,,No,All dogs within the Village of Merrickville-Wolford are required to have a dog tag and be registered prior to April 30th of each calendar year.,Yes,No,N/A,"By-law includes exemptions for Service Dogs and Law Enforcement Work Dogs (No Charge), but no explicit exemptions for livestock guardian dogs or agricultural farm dogs. URL: https://www.merrickville-wolford.ca/residents/animal-control",By-law 09-2025,2000-08-21,COMPLETE,No,,No,,No,All dogs within the Village of Merrickville-Wolford are required to have a dog tag and be registered prior to April 30th of each calendar year.,Yes,No,"5.1 No person or persons may keep, board or breed more than:- a) in the Merrickville Ward 3 dogs b) in the Wolford Ward 4 dogs",1740
Melancthon,Dufferin,SUCCESS,,BY-LAW NO. 17-2003,null,COMPLETE,No,,No,,No,The Clerk of the Municipality or someone designated by him/her shall provide the owner with a dog tag and the owner shall keep the tag securely fixed on the dog at all times until the tag is renewed or replaced.,Yes,No,No person shall keep anymore than three (3) dogs unless a kennel licence has been obtained from the Municipality.,"Guide dogs are exempt from the definition of a ""Dog"" in the context of the bylaw. No LGD provisions or agricultural exemptions exist for limits or licensing. URL: https://melancthontownship.ca/wp-content/uploads/2017/03/canine.pdf",BY-LAW NO. 17-2003,2003-06-05,COMPLETE,No,,No,,No,The Clerk of the Municipality or someone designated by him/her shall provide the owner with a dog tag and the owner shall keep the tag securely fixed on the dog at all times until the tag is renewed or replaced.,Yes,No,No person shall keep anymore than three (3) dogs unless a kennel licence has been obtained from the Municipality.,1733
Mississippi Mills,Lanark,SUCCESS,,By-law 14-21,null,COMPLETE - FARM FRIENDLY,No,,No,,No,All dogs within the Municipality of Mississippi Mills must be licensed. Dog licenses expire on December 31 of each year.,Yes,No,"Maximum Number of Dogs Allowed: Almonte, Hamlets, Subdivisions = 3; Areas outside of those listed = 6; Hunters = 12.","While it lacks a specific LGD definition, it features a tiered dog limit offering up to 6 dogs for rural properties outside hamlets/subdivisions and up to 12 dogs for Hunters, which is generally favourable to agricultural/working properties compared to strict flat limits. URL: https://www.mississippimills.ca/municipal-services/animal-control-services/",By-law 14-21,2014-05-06,COMPLETE - FARM FRIENDLY,No,"A dog that is specifically trained to work and/or live with domestic farm animals (i.e. cattle, sheep, goats etc) without causing them harm while aggressively repelling predators and is used exclusively for that purpose. In order to qualify the dog owner must hold a valid farm registration number registered with the Municipality.",No,,No,All dogs within the Municipality of Mississippi Mills must be licensed. Dog licenses expire on December 31 of each year.,Yes,No,"Maximum Number of Dogs Allowed: Almonte, Hamlets, Subdivisions = 3; Areas outside of those listed = 6; Hunters = 12.",1796
Moonbeam,Cochrane,SUCCESS,,N/A,N/A,NO BY-LAW IN PLACE,N/A,N/A,N/A,N/A,N/A,N/A,N/A,N/A,N/A,BYLAW NOT FOUND. Official municipal site does not provide full public access to their animal control by-law text.,BY-LAW NO. 16-18,2018-07-10,NO BY-LAW IN PLACE,No,,No,,No,Yes,Yes,No,4,1817
Neebing,Thunder Bay,SUCCESS,,BY-LAW NUMBER 2014-028,null,COMPLETE - FARM FRIENDLY,No,,No,,N/A,null,Yes,No,No person shall own more than four Dogs on property less than one hectare in size located on land zoned Residential 1 or Residential 2.,"The by-law sets dog limits strictly for properties less than 1 hectare zoned as Residential, implicitly allowing unrestricted or larger numbers of dogs on properties exceeding 1 hectare or zoned for agriculture/rural use. URL: https://www.neebing.org/media/rx1gnlab/canine-control-by-law-2014-028.pdf",BY-LAW NUMBER 2014-028,2019-12-18,COMPLETE - FARM FRIENDLY,No,,No,,No,Yes,Yes,No,No person shall own more than four Dogs on property less than one hectare in size located on land zoned Residential 1 or Residential 2.,1873
Norfolk,Norfolk,SUCCESS,,Animal Care and Control By-Law 2014-46,null,COMPLETE,No,,No,,No,"Ensure that the Dog identification tag, issued as part of the registration, is displayed on the Dog's collar, and that this collar is affixed to the Dog while the Dog is off of the Owner's Premises.",Yes,No,N/A,"Service Dogs and police working Dogs are explicitly exempt from licensing fees, but there is no specific mention of agricultural or livestock guardian dogs being exempt. URL: https://www.norfolkcounty.ca/council-administration-and-government/by-laws-and-policies/by-law-directory/animal-care-and-control-by-law/",Animal Care and Control By-Law 2014-46,2014-04-08,COMPLETE,No,,No,,No,"Ensure that the Dog identification tag, issued as part of the registration, is displayed on the Dog's collar, and that this collar is affixed to the Dog while the Dog is off of the Owner's Premises.",Yes,No,none (agricultural purposes exempt),1936
North Kawartha,Peterborough,SUCCESS,,By-Law 2025-0013,null,COMPLETE,No,,No,,No,"Upon making application for a dog license and making payment for the license, the owner shall be furnished with a numbered tag issued by the Municipality. The tag must be securely affixed to the dog at all times.",No,N/A,It shall constitute an offense for any person to harbour more than a total of three dogs in or about any single dwelling unit. The above restriction does not apply to kennel operations licensed through this municipality.,"URL: https://www.northkawartha.ca/media/yqzk4nmh/by-law-2025-0013_animal-control-by-law_acckp.pdf. Guide dogs are defined, but there are no specific provisions or agricultural exemptions for livestock guardian dogs or farm dogs.",By-Law 2025-0013,2020-02-04,COMPLETE,No,,No,,No,"Upon making application for a dog license and making payment for the license, the owner shall be furnished with a numbered tag issued by the Municipality. The tag must be securely affixed to the dog at all times.",No,N/A,It shall constitute an offense for any person to harbour more than a total of three dogs in or about any single dwelling unit. The above restriction does not apply to kennel operations licensed through this municipality.,1978
North Grenville,Leeds and Grenville,SUCCESS,,Animals – Care & Control (97-24),null,COMPLETE - FARM FRIENDLY,No,,No,,No,"On payment of the initial licence fee, the municipality shall provide the dog owner... with a dog tag bearing a serial number that is to be always affixed to the dog's collar, except while hunting lawfully.",Yes,No,"A maximum limit of three dogs per property for most zones. In keeping with the rural lifestyle of the Municipality, this does not apply to licensed kennels or lands zoned Rural (RU) or Agricultural (AG).","URL: https://www.northgrenville.ca/fr/council-government/resources/document-library/animals-care-control-97-24/viewdocument/6. While the bylaw lacks a specific LGD definition, it exempts lands zoned Rural or Agricultural entirely from the residential 3-dog limit, which is very favourable to farming operations.",Animals – Care & Control (97-24),2014-08-11,COMPLETE - FARM FRIENDLY,No,,No,,No,"On payment of the initial licence fee, the municipality shall provide the dog owner... with a dog tag bearing a serial number that is to be always affixed to the dog's collar, except while hunting lawfully.",Yes,No,"A maximum limit of three dogs per property for most zones. In keeping with the rural lifestyle of the Municipality, this does not apply to licensed kennels or lands zoned Rural (RU) or Agricultural (AG).",473
North Glengarry,"Stormont, Dundas and Glengarry",SUCCESS,,Animal Control By-Law No. 44-2008,null,COMPLETE,No,,No,,No,"Keep the dog identification tag issued by the Corporation securely affixed on the collar or harness on the dog at all times, except while the dog is being used lawfully for hunting or is under the direct supervision of the owner while in training.",Yes,No,"No person shall keep, board, house or breed more than four dogs at a time on any premises within the Township of Glengarry unless the premises is licensed by the Corporation as a kennel.",URL: https://www.northglengarry.ca/media/q0zn514n/2021_combined-animal-control-by-law.pdf. Standard animal control bylaw with no specific agricultural exemptions for working dogs.,Animal Control By-Law No. 44-2008,2008-10-27,COMPLETE,No,,No,,No,"Keep the dog identification tag issued by the Corporation securely affixed on the collar or harness on the dog at all times, except while the dog is being used lawfully for hunting or is under the direct supervision of the owner while in training.",Yes,No,"No person shall keep, board, house or breed more than four dogs at a time on any premises within the Township of Glengarry unless the premises is licensed by the Corporation as a kennel.",466
Norwich,Oxford,SUCCESS,,By-law 15-2017 consolidated with By-law 09-2021,null,COMPLETE,No,,No,,No,"Pets wearing valid licence tags serve as a critical method of identifying dogs. The township uses DocuPet, and the tag doubles as the pet's official licence.",No,N/A,No person shall keep more than two (2) dogs in any one dwelling unit within a settlement area in the Municipality. No person shall keep more than three (3) dogs in any one dwelling unit in the Municipality. Notwithstanding Section 2.2 a kennel licensed by the Municipality may keep more than three (3) dogs on a lot in all areas of the Municipality that are not within a settlement area.,"URL: https://www.norwich.ca/media/5rbaqdsa/by-law-15-2017-dog-control-consolidated-with-by-law-09-2021.pdf. Dog limits vary depending on settlement areas, but there is no specific agricultural exemption outside of standard kennel licensing. Barking is primarily regulated under a separate Noise By-law (35-2013).",By-law 15-2017 consolidated with By-law 09-2021,2021-02-09,COMPLETE,No,,No,,No,"Pets wearing valid licence tags serve as a critical method of identifying dogs. The township uses DocuPet, and the tag doubles as the pet's official licence.",No,N/A,No person shall keep more than two (2) dogs in any one dwelling unit within a settlement area in the Municipality. No person shall keep more than three (3) dogs in any one dwelling unit in the Municipality. Notwithstanding Section 2.2 a kennel licensed by the Municipality may keep more than three (3) dogs on a lot in all areas of the Municipality that are not within a settlement area.,2027
Oro-Medonte,Simcoe,SUCCESS,,Canine Control By-law No. 2018-005,null,COMPLETE,No,,No,,No,"All dog owners are required to renew their license each year, but the physical tag and serial number remain permanent year-to-year.",Yes,No,"Maximum of three (3) dogs per household, barring specific Boarding, Breeding, Sled Dog, or Hobbyist kennel exemptions.","URL: https://www.oro-medonte.ca/living-here/municipal-law-enforcement/canine-control/. No agricultural exemptions for limits. The township specifically regulates and licenses distinct kennel types like sled dogs, but farm dogs aren't granted special definitions.",Canine Control By-law No. 2018-005,2018-01-24,COMPLETE,No,"a dog that is specifically trained to work and live with domestic farm animals ( i. e. cattle, sheep) without causing them harm while aggressively repelling predators and is used exclusively for that purpose, and includes the following breeds; Akbash, Great Pyrenees, Komondor, and Maremma.",No,,No,"All dog owners are required to renew their license each year, but the physical tag and serial number remain permanent year-to-year.",Yes,No,"Maximum of three (3) dogs per household, barring specific Boarding, Breeding, Sled Dog, or Hobbyist kennel exemptions.",2083
Owen Sound,Grey,SUCCESS,,By-law No. 2024-113 Dog By-law,null,COMPLETE,No,,No,,No,Dogs must be licensed each year and wear the licence on their collar.,Yes,No,You may keep up to 3 dogs in your home (per By-law 2011-156 as referenced in current tag applications).,"URL: https://www.owensound.ca/media/4uyfeixp/2024-113-dog-by-law-consolidated.pdf. Standard by-law focusing heavily on urban pet management (e.g., DocuPet requirements) with no farm dog provisions.",By-law No. 2024-113 Dog By-law,2018-06-26,COMPLETE,No,,No,,No,Dogs must be licensed each year and wear the licence on their collar.,Yes,No,You may keep up to 3 dogs in your home (per By-law 2011-156 as referenced in current tag applications).,2111
Perth South,Perth,SUCCESS,,By-law 052-2020,null,COMPLETE,No,,No,,No,Please ensure that the tag is attached to the dog at all times when it is off your property.,Yes,No,"No person or group of persons shall own, keep, harbour or possess more than 3 dogs at one time on property owned, rented, leased or controlled by them unless the appropriate class of kennel permit has been lawfully issued for the property.",URL: https://www.perthsouth.ca/en/living-here/resources/2022-36---Dog-Control.pdf. Standard dog control bylaw with a structured kennel class system but no specific LGD definition.,By-law 052-2020,2022-07-12,COMPLETE,No,,No,,No,Please ensure that the tag is attached to the dog at all times when it is off your property.,Yes,No,"No person or group of persons shall own, keep, harbour or possess more than 3 dogs at one time on property owned, rented, leased or controlled by them unless the appropriate class of kennel permit has been lawfully issued for the property.",2188
Penetanguishene,Simcoe,SUCCESS,,Dog By-Law 02-015,null,COMPLETE,No,,No,,No,A license allows animal control to identify your pet. You must get a license for them each year.,Yes,No,N/A,URL: https://www.penetanguishene.ca/living-here/municipal-by-law-licenses-and-permits/animal-control/. Barking issues fall under the Noise Control By-law and By-law enforcement division.,Dog By-Law 02-015,2011-07-13,COMPLETE,No,,No,,No,A license allows animal control to identify your pet. You must get a license for them each year.,Yes,No,2,2167
"Perth, T",Lanark,SUCCESS,,By-Law No. 3557,null,COMPLETE,No,,No,,N/A,"Effective January 1, 2026, we no longer require animal licenses for cats and dogs (as per By-Law No. 3557-1). Instead, pet owners are required to ensure that all dogs and cats either wear a collar tag with the pet's name and the owner's contact information, and/or be microchipped with up-to-date contact details.",Yes,No,N/A,"URL: https://www.perth.ca/media/5cylzez4/animal-control-2004-by-law-3557.pdf. Notably, the Town of Perth abolished mandatory municipal dog licenses as of 2026 (via By-law 3557-1) in favour of owner-supplied collar tags or microchips.",By-Law No. 3557,2004-05-25,COMPLETE,No,,No,,N/A,"Effective January 1, 2026, we no longer require animal licenses for cats and dogs (as per By-Law No. 3557-1). Instead, pet owners are required to ensure that all dogs and cats either wear a collar tag with the pet's name and the owner's contact information, and/or be microchipped with up-to-date contact details.",Yes,No,n/a,2202
Pembroke,Renfrew,SUCCESS,,By-Law Number 2021-75,null,COMPLETE,No,,No,,No,Every owner or harbourer of a dog or cat shall obtain a tag and keep it securely fixed on this dog or cat and shall not affix the tag upon a dog or cat other than the dog or cat for which the said tag was issued.,Yes,No,N/A,URL: https://www.pembroke.ca/media/oqkfzy25/2021-75-animal-control-by-law.pdf. Defines Police and Service dogs but contains no agricultural exceptions.,By-Law Number 2021-75,2021-12-21,COMPLETE,No,,No,,No,Every owner or harbourer of a dog or cat shall obtain a tag and keep it securely fixed on this dog or cat and shall not affix the tag upon a dog or cat other than the dog or cat for which the said tag was issued.,Yes,No,none,2160
Point Edward,Lambton,SUCCESS,,By-law No. 8 of 95,,COMPLETE,No,,No,,No,"All dogs within the Village must be licensed in accordance with By-law No. 8 of 95... If the dog is identified through its dog tag, the owner will be contacted.",Yes,No,N/A,"Full bylaw text not available online, but municipal website confirms licensing requirements under By-law No. 8 of 95. No mention of agricultural or working dog exemptions on the summary page. URL: https://www.villageofpointedward.com/community-services/animal-control",By-law No. 8 of 95,,COMPLETE,No,,No,,No,"All dogs within the Village must be licensed in accordance with By-law No. 8 of 95... If the dog is identified through its dog tag, the owner will be contacted.",Yes,No,,2265
Plympton-Wyoming,Lambton,SUCCESS,,By-law 129 of 2024,,COMPLETE,No,,No,,No,As per the Town's Dog Licensing By-law (By-law 129 of 2024) all dogs in the municipality must be licenced.,Yes,No,You can have up to three dogs per house in a residential area.,Standard animal control bylaw. No specific agricultural exemptions for working dogs mentioned in the municipal summary. URL: https://www.plympton-wyoming.com/my-plympton-wyoming/animal-control-services/,By-law 129 of 2024,2013-11-27,COMPLETE,No,,No,,No,As per the Town's Dog Licensing By-law (By-law 129 of 2024) all dogs in the municipality must be licenced.,Yes,No,You can have up to three dogs per house in a residential area.,2258
Petawawa,Renfrew,SUCCESS,,By-law 174/01,,COMPLETE,No,,No,,N/A,Dog and cat tags are mandatory in the Town of Petawawa. We've partnered with DocuPet to provide a simple and secure way to license your pet online.,N/A,N/A,N/A,Full by-law text not publicly accessible online. The town uses DocuPet for mandatory tags. No agricultural exemptions mentioned. URL: https://petawawa.ca/living-here/animal-control/,By-law 174/01,2001-04-17,COMPLETE,No,,No,,No,Dog and cat tags are mandatory in the Town of Petawawa. We've partnered with DocuPet to provide a simple and secure way to license your pet online.,Yes,No,none,2209
Ryerson,Parry Sound,SUCCESS,,By-law 25-25,,COMPLETE,No,,No,,No,"Every owner of a dog upon becoming a resident of the Township of Ryerson, or upon becoming the owner of a dog, shall obtain a license and register each dog... The owner shall not use the dog tag upon a dog other than the one for which it was issued.",Yes,No,No owner or owners living at the same address shall keep more than four (4) dogs in any one household over the age of twelve (12) weeks.,Standard animal control bylaw. Contains kennel licensing provisions but no specific definitions or exemptions for livestock guardian dogs. URL: https://www.ryersontownship.ca/content/town-hall/bylaws/by-law-25-25-animal-control-by-law.pdf,By-law 25-25,,COMPLETE,No,,No,,No,"Every owner of a dog upon becoming a resident of the Township of Ryerson, or upon becoming the owner of a dog, shall obtain a license and register each dog... The owner shall not use the dog tag upon a dog other than the one for which it was issued.",Yes,No,No owner or owners living at the same address shall keep more than four (4) dogs in any one household over the age of twelve (12) weeks.,2398
"Renfrew, T",Renfrew,SUCCESS,,By-Law #17-2000 and #18-2000,,COMPLETE,No,,No,,No,"The Town of Renfrew, requires that all dogs and cats must be licensed and wearing a tag.",Yes,No,The Town by-laws also state there shall be no more than four (4) animals per household at any one time.,"Service dogs are explicitly exempt from the cost of licensing, but there are no specific farm dog or LGD exemptions mentioned. URL: https://www.renfrew.ca/en/animals",By-Law #17-2000 and #18-2000,2000-02-14,COMPLETE,No,,No,,No,"The Town of Renfrew, requires that all dogs and cats must be licensed and wearing a tag.",Yes,No,The Town by-laws also state there shall be no more than four (4) animals per household at any one time.,2370
Red Rock,Thunder Bay,SUCCESS,,N/A,,NO BY-LAW IN PLACE,N/A,N/A,N/A,N/A,N/A,N/A,N/A,N/A,N/A,"BYLAW NOT FOUND. The municipal website mentions pet owners are required to license their animals within 6 months, but the actual by-law name or document is not available online. URL: https://redrocktownship.com/services/licenses-animal-lottery/",BY-LAW 2002-869,2002-10-07,NO BY-LAW IN PLACE,No,,No,,No,Yes,No,N/A,3 (including cats and dogs in total),2356
Saugeen Shores,Bruce,SUCCESS,,N/A,,NO BY-LAW IN PLACE,N/A,N/A,N/A,N/A,N/A,N/A,N/A,N/A,N/A,BYLAW NOT FOUND. No dog or animal control bylaw text is publicly available on the municipality's official digital records.,"By-law 36-2004
amended 2023",2004-05-10,NO BY-LAW IN PLACE,No,,No,,No,Yes,Yes,Yes,2,2419
Sault Ste Marie,Algoma,SUCCESS,,By-law 2019-117,,COMPLETE,No,,No,,No,Every owner shall procure a tag for each dog or cat owned and shall keep the tag affixed to the dog or cat for which it was procured at all times during the year and until such time as he procures a tag for each dog or cat for the following year.,Yes,No,Keep more than 4 dogs on premises (fineable offense).,Standard animal care and control by-law. URL: https://saultstemarie.ca/wp-content/uploads/2025/03/2019-117-Animal-Care-and-Control-Consolidated_1.pdf,By-law 2019-117,2019-05-21,COMPLETE,No,,No,,No,Every owner shall procure a tag for each dog or cat owned and shall keep the tag affixed to the dog or cat for which it was procured at all times during the year and until such time as he procures a tag for each dog or cat for the following year.,Yes,No,Keep more than 4 dogs on premises (fineable offense).,2426
Shelburne,Dufferin,SUCCESS,,BY-LAW 15-2018,,COMPLETE,No,,No,,No,"The owner of every dog shall keep the dog tag, provided by the Town, securely fixed on such dog at all times until the tag is renewed or replaced.",Yes,No,"No person shall keep or permit to be kept at any one time on any one property no more than four (4) dogs, excluding dogs three (3) months of age or less.",Standard by-law with no specific agricultural exemptions for farm dogs or LGDs. URL: https://www.shelburne.ca/media/vajoeum4/animal-control-by-law-15-2018-shelburne.pdf,BY-LAW 15-2018,2018-03-26,COMPLETE,No,,No,,No,"The owner of every dog shall keep the dog tag, provided by the Town, securely fixed on such dog at all times until the tag is renewed or replaced.",Yes,No,"No person shall keep or permit to be kept at any one time on any one property no more than four (4) dogs, excluding dogs three (3) months of age or less.",2468
Selwyn,Peterborough,SUCCESS,,By-law 2019-104,,COMPLETE,No,,No,,N/A,Animal Control and Pound Services are provided by the Peterborough Humane Society and the fees raised by Dog Licencing are used to offset the cost of this service to the Township of Selwyn.,N/A,N/A,N/A,Full by-law text not fully accessible online (only consolidated appendices and articles were available). URL: https://www.selwyntownship.ca/living-here/animal-control/,By-law 2019-104,2019-12-10,COMPLETE,No,,No,,No,Animal Control and Pound Services are provided by the Peterborough Humane Society and the fees raised by Dog Licencing are used to offset the cost of this service to the Township of Selwyn.,No,N/A,3,2454
