munid,municipality_name,tier,portal_type,council_listing_url,minutes_listing_url,agenda_listing_url,example_recent_minutes_url,example_recent_minutes_date,example_upcoming_agenda_url,example_upcoming_agenda_date,minutes_format,agenda_format,notes,Unnamed: 14,Unnamed: 15,Unnamed: 16,Unnamed: 17,Unnamed: 18,Unnamed: 19,Unnamed: 20
ADDINGTON HIGHLANDS TP,ADDINGTON HIGHLANDS,TP,civicweb,https://addingtonhighlands.civicweb.net/Portal/MeetingTypeList.aspx,https://addingtonhighlands.civicweb.net/filepro/documents/5342/,https://addingtonhighlands.civicweb.net/filepro/documents/1021/,https://addingtonhighlands.civicweb.net/filepro/documents/5341,2026-06-04,https://addingtonhighlands.civicweb.net/document/79996,2025-12-16,PDF,PDF,JS required (CivicWeb portal),,,,,,,
ADELAIDE METCALFE TP,ADELAIDE METCALFE,TP,escribe,https://pub-adelaidemetcalfe.escribemeetings.com/,https://pub-adelaidemetcalfe.escribemeetings.com/,https://pub-adelaidemetcalfe.escribemeetings.com/,https://pub-adelaidemetcalfe.escribemeetings.com/,2026-05-26,,,PDF,PDF,JS required (eScribe portal; 2025 agendas/minutes via portal),,,,,,,
ADJALA TOSORONTIO TP,ADJALA TOSORONTIO,TP,civicweb,https://addingtonhighlands.civicweb.net/Portal/MeetingTypeList.aspx,https://adjala-tosorontio.civicweb.net/Portal/,https://adjala-tosorontio.civicweb.net/Portal/,https://adjala-tosorontio.civicweb.net/filepro/documents/4448,2026-05-06,https://adjala-tosorontio.civicweb.net/Portal/,2025-12-08,PDF,PDF,JS required (CivicWeb portal),,,,,,,
ADMASTON BROMLEY TP,ADMASTON BROMLEY,TP,custom_html_pdf,https://admastonbromley.com/archive-council/,https://admastonbromley.com/committee-agendas-minutes/,https://admastonbromley.com/archive-council/,https://admastonbromley.com/wp-content/uploads/2025/12/2026-01-05-Resume-Planning-Committee-Agenda-Complete-Agenda-Reduced.pdf,2026-05-28,,,PDF,PDF,PDF agendas/minutes posted on township site (no 2024/2025 updates online),,,,,,,
AJAX TP,AJAX,TP,custom_html_pdf,https://events.ajax.ca/meetings,https://www.ajax.ca/en/inside-townhall/council-and-standing-committees.aspx,https://events.ajax.ca/meetings,https://www.ajax.ca/en/inside-townhall/resources/Meeting-Schedule/2026-Meeting-Schedule.pdf,2026-05-28,,,PDF,PDF,Council calendar site (agendas/minutes packages via events portal),,,,,,,
ALBERTON TP,ALBERTON,TP,custom_html_pdf,https://alberton.ca/township-council/,https://alberton.ca/township-council/,https://alberton.ca/township-council/,https://alberton.ca/wp-content/uploads/2026/05/May-21-2026-Council-Agenda.pdf,2026-05-28,,,PDF,PDF,,,,,,,,
ALFRED AND PLANTAGENET TP,ALFRED AND PLANTAGENET,TP,escribe,https://pub-alfred-plantagenet.escribemeetings.com/,https://pub-alfred-plantagenet.escribemeetings.com/,https://pub-alfred-plantagenet.escribemeetings.com/,https://pub-alfred-plantagenet.escribemeetings.com:443/FileStream.ashx?DocumentId=4260,2026-05-28,,2025-03-25,PDF,PDF,JS required (French/English portal),,,,,,,
ALGONQUIN HIGHLANDS TP,ALGONQUIN HIGHLANDS,TP,civicweb,https://algonquinhighlands.civicweb.net/Portal/,https://www.algonquinhighlands.ca/municipal-services/council/agendas-and-minutes/,https://algonquinhighlands.civicweb.net/Portal/,https://www.algonquinhighlands.ca/media/yaeoxiyt/2020-03_sewage_system_permit_application_package-acc.pdf,2026-05-28,,2025-11-20,PDF,PDF,JS required (CivicWeb portal),,,,,,,
ALNWICK HALDIMAND TP,ALNWICK HALDIMAND,TP,civicweb,https://alnwickhaldimand.civicweb.net/Portal/,https://alnwickhaldimand.civicweb.net/Portal/,https://alnwickhaldimand.civicweb.net/Portal/,https://alnwickhaldimand.civicweb.net/filepro/documents/155534,2026-05-06,,,PDF,PDF,JS required (CivicWeb portal),,,,,,,
AMARANTH TP,AMARANTH,TP,escribe,https://pub-amaranth.escribemeetings.com/,https://pub-amaranth.escribemeetings.com/Meeting.aspx?Id=5bd290ce-dd48-41dd-96b9-c906c83481a9&Agenda=Agenda&lang=English,https://pub-amaranth.escribemeetings.com/,https://www.amo.on.ca/sites/default/files/assets/DOCUMENTS/Pre-Budget%20Submissions/2024/Pre-Budget_Submission_V7.pdf,2026-05-28,,,PDF,PDF,JS required (eScribe portal),,,,,,,
AMHERSTBURG TP,AMHERSTBURG,TP,escribe,https://pub-amherstburg.escribemeetings.com/,https://www.amherstburg.ca/town-hall/agendas-and-minutes/,https://pub-amherstburg.escribemeetings.com/,https://www.amherstburg.ca/media/nz3bzt3n/2023-12-05-delegation-request-form-revised-rm.pdf,2026-05-28,,,PDF,PDF,JS required (eScribe portal),,,,,,,
ARMOUR TP,ARMOUR,TP,custom_html_pdf,https://armourtownship.ca/,https://www.armourtownship.ca/agenda-and-minutes,https://armourtownship.ca/,https://irp.cdn-website.com/20e551fd/files/uploaded/1.+January+13+2026+Council+Agenda+Package-01f1d036.pdf,2026-05-28,,,PDF,PDF,,,,,,,,
ARMSTRONG TP,ARMSTRONG,TP,custom_html_pdf,https://armstrongtownship.com/,https://stclair.civicweb.net/Portal/,https://armstrongtownship.com/,https://stclair.civicweb.net/Portal/,,,,PDF,PDF,,,,,,,,
ARNPRIOR TP,ARNPRIOR,TP,custom_html_pdf,https://calendar.arnprior.ca/meetings,https://www.arnprior.ca/en/town-hall/council.aspx,https://calendar.arnprior.ca/meetings,https://www.arnprior.ca/en/town-hall/resources/Documents/By-Laws/Council-Code-of-Conduct.pdf,2026-05-28,,,PDF,PDF,Council calendar portal (agendas/minutes on town site),,,,,,,
ARRAN ELDERSLIE M,ARRAN ELDERSLIE,M,custom_html_pdf,https://arran-elderslie.ca/,https://www.arran-elderslie.ca/government/council-and-administration/agendas-and-minutes/,https://arran-elderslie.ca/,https://www.arran-elderslie.ca/media/q0upxiuc/april-12-2021-council-minutes.pdf,2026-05-28,,,PDF,PDF,,,,,,,,
ASHFIELD COLBORNE WAWANOSH TP,ASHFIELD COLBORNE WAWANOSH,TP,custom_html_pdf,https://acwtownship.ca/,https://www.findglocal.com/CA/Goderich/107570144739394/Township-of-Ashfield-Colborne-Wawanosh,https://acwtownship.ca/,http://www.acwtownship.ca/government/agendas-minutes.,2026-05-28,,,PDF,PDF,,,,,,,,
ASPHODEL NORWOOD TP,ASPHODEL NORWOOD,TP,escribe,https://pub-asphodel-norwood.escribemeetings.com/,https://www.antownship.ca/township-services/mayor-council/council-meetings/,https://pub-asphodel-norwood.escribemeetings.com/,https://www.antownship.ca/media/lmkhfsi0/2026-council-meeting-and-office-closure-calendar.pdf,2026-05-28,,,PDF,PDF,,,,,,,,
ASSIGINACK TP,ASSIGINACK,TP,custom_html_pdf,https://assiginack.ca/,https://pub-assiginack.escribemeetings.com/,https://assiginack.ca/,https://pub-assiginack.escribemeetings.com/,2026-06-04,,,PDF,PDF,,,,,,,,
ATHENS TP,ATHENS,TP,custom_html_pdf,https://athenstwp.ca/,https://athenstownship.ca/documents/,https://athenstwp.ca/,https://athenstownship.ca/wp-content/uploads/2026/04/2026-Candidates-Guide.pdf,2026-05-28,,,PDF,PDF,,,,,,,,
ATIKOKAN TP,ATIKOKAN,TP,escribe,https://pub-atikokan.escribemeetings.com/,https://atikokan.civicweb.net/Portal/,https://pub-atikokan.escribemeetings.com/,https://atikokan.civicweb.net/filepro/documents/191,2026-05-06,,,PDF,PDF,,,,,,,,
AUGUSTA TP,AUGUSTA,TP,escribe,https://pub-augusta.escribemeetings.com/,https://augusta.ca/council-2/agenda-and-minutes/,https://pub-augusta.escribemeetings.com/,https://augusta.ca/wp-content/uploads/2025-09-08-EDTAC-Agenda-1.pdf,2026-05-28,,,PDF,PDF,,,,,,,,
AURORA TP,AURORA,TP,escribe,https://pub-aurora.escribemeetings.com/,https://www.aurora.ca/your-government/council-and-committees/agendas-and-minutes/,https://pub-aurora.escribemeetings.com/,https://www.aurora.ca/media/cjkp2zwv/deputymayorrotation-2022-2026-revmar2024.pdf,2026-05-28,,,PDF,PDF,,,,,,,,
AYLMER TP,AYLMER,TP,custom_html_pdf,https://calendar.elgincounty.ca/meetings,https://aylmer.civicweb.net/Portal/,https://calendar.elgincounty.ca/meetings,https://aylmer.civicweb.net/filepro/documents/7,2026-05-06,,,PDF,PDF,,,,,,,,
BALDWIN TP,BALDWIN,TP,custom_html_pdf,https://baldwin.ca/council-meeting-agendas/,https://baldwin.ca/approved-council-minutes/,https://baldwin.ca/council-meeting-agendas/,https://baldwin.ca/wp-content/uploads/2025/12/2025-003-Hall-Rental-Agreement-Form-With-Pricing.pdf,2026-05-28,,,PDF,PDF,,,,,,,,
BANCROFT TP,BANCROFT,TP,civicweb,https://bancroft.civicweb.net/Portal/,https://www.bancroft.ca/,https://bancroft.civicweb.net/Portal/,https://www.bancroft.ca/UserFiles/Servers/Server_12235685/Image/Business/Clerk/2025-83 SCHEDULE OF FEES (002).pdf,2026-05-28,,,PDF,PDF,JS required (CivicWeb portal),,,,,,,
BARRIE C,BARRIE,C,granicus_legistar,https://barrie.legistar.com/Calendar.aspx,https://barrie.legistar.com/Calendar.aspx,https://barrie.legistar.com/Calendar.aspx,https://barrie.legistar.com/View.ashx?M=IC&ID=1417433&GUID=04DD8AE4-531E-4B7B-88D0-F6748FE83DCC,2026-05-28,https://barrie.ca.legistar.com/View.ashx?M=A&ID=1329003&GUID=74391B70-AF0D-4A88-A747-37928799646C,2025-12-10,PDF,PDF,Legislative Information Portal used (Council agendas/minutes via Legistar; no upcoming meeting posted),,,,,,,
BAYHAM M,BAYHAM,M,custom_html_pdf,https://www.bayham.on.ca/governance/council/agendas-minutes/,http://www.bayham.on.ca/governance/council/agendas-minutes/,https://www.bayham.on.ca/governance/council/agendas-minutes/,http://www.bayham.on.ca/governance/council/agendas-minutes/Search.aspx?dbid=0&repo=BAYHAM,2026-05-28,,,,,JS required (agendas/minutes via municipal site calendar; no direct links accessible),,,,,,,
BECKWITH TP,BECKWITH,TP,NOT_FOUND,,https://beckwith.civicweb.net/Portal/,,https://beckwith.civicweb.net/filepro/documents/95,2026-05-06,,,,,No council agendas/minutes published online (contact Township office),,,,,,,
BELLEVILLE C,BELLEVILLE,C,civicweb,https://citybellevilleon.civicweb.net/Portal/MeetingInformation.aspx?Org=Cal&Id=1279,https://www.belleville.ca/en/city-hall/council.aspx,https://citybellevilleon.civicweb.net/Portal/MeetingInformation.aspx?Org=Cal&Id=1279,https://www.cabhc.ca/media/d1kd1spo/city-of-belleville-comprehensive-parking-study-final-june-2025-with-appendices.pdf,2026-05-28,https://citybellevilleon.civicweb.net/Portal/MeetingInformation.aspx?Org=Cal&Id=1181,2025-12-08,PDF,HTML,Council portal (CivicWeb – interactive; JS required; used last available agenda),,,,,,,
BILLINGS TP,BILLINGS,TP,custom_html_pdf,https://events.billingstwp.ca,https://events.billingstwp.ca,https://events.billingstwp.ca,,,,,,,JS required (Council meetings listed on municipal events calendar; agendas/minutes via PDF),,,,,,,
BLACK RIVER MATHESON TP,BLACK RIVER MATHESON,TP,custom_html_pdf,https://events.twpbrm.ca,https://events.twpbrm.ca,https://events.twpbrm.ca,http://www.twpbrm.ca/your-township-government/agendas-minutes-and-recordings/,2026-05-11,,,,,JS required (Agendas/minutes via Township events calendar),,,,,,,
BLANDFORD BLENHEIM TP,BLANDFORD BLENHEIM,TP,escribe,https://pub-blandfordblenheim.escribemeetings.com,https://www.blandfordblenheim.ca/my-government/agendas-and-minutes/,https://pub-blandfordblenheim.escribemeetings.com,https://pub-blandfordblenheim.escribemeetings.com/FileStream.ashx?DocumentId=1331,2026-05-28,,,,,Portal (eSCRIBE) – Council agendas and minutes accessible via eSCRIBE portal (JS required),,,,,,,
BLIND RIVER T,BLIND RIVER,T,escribe,https://pub-blindriver.escribemeetings.com,https://www.blindriver.ca/town-hall/council/agendas-and-minutes/,https://pub-blindriver.escribemeetings.com,https://www.blindriver.ca/media/xmfnhphh/municipal-freedom.pdf,2026-05-28,,,,,Portal (eSCRIBE) – Council agendas and minutes accessible via eSCRIBE portal (JS required),,,,,,,
BLUEWATER M,BLUEWATER,M,civicweb,https://bluewater.civicweb.net/Portal/,https://www.municipalityofbluewater.ca/municipal-office/council/,https://bluewater.civicweb.net/Portal/,https://www.municipalityofbluewater.ca/media/ganbbzut/20260227-cs-2026-council-meeting-dates-for-website-acc.pdf,2026-05-28,,,,,Portal (CivicWeb) – Agendas/minutes on Council portal (JS required),,,,,,,
BONFIELD TP,BONFIELD,TP,custom_html_pdf,https://events.bonfieldtownship.com,https://events.bonfieldtownship.com,https://events.bonfieldtownship.com,"http://events.bonfieldtownship.com/FileManager/Township%20of%20Bonfield/11413a1c-35a8-4edb-9447-b44200f22a69/Content/Agenda - LNOPPDB May 5th, 2026 FULL.pdf",2026-05-28,,,,,JS required (Council agendas/minutes via municipal events calendar),,,,,,,
BONNECHERE VALLEY TP,BONNECHERE VALLEY,TP,custom_html_pdf,https://www.bonnecherevalleytwp.com/council-and-staff/agenda/,https://www.bonnecherevalleytwp.com/council-and-staff/council-minutes/,https://www.bonnecherevalleytwp.com/council-and-staff/agenda/,https://www.bonnecherevalleytwp.com/download.php?dl=YToyOntzOjI6ImlkIjtzOjQ6IjM4MTYiO3M6Mzoia2V5IjtpOjc7fQ==,2026-05-28,"https://www.bonnecherevalleytwp.com/council-and-staff/agenda/Agenda%20Package%20-%20Regular%20Council%20Meeting%20-%20November%2004,%202025.pdf",2025-11-04,PDF,PDF,Agendas and minutes posted as PDFs on Township website (no integrated portal; no December agenda posted yet),,,,,,,
BRACEBRIDGE TP,BRACEBRIDGE,TP,escribe,https://bracebridge.civicweb.net/Portal/,https://bracebridge.civicweb.net/Portal/,https://bracebridge.civicweb.net/Portal/,https://bracebridge.civicweb.net/filepro/documents/11,2026-05-06,,,,,Portal (eSCRIBE) – Council agendas/minutes via eSCRIBE or integrated Council portal (JS required),,,,,,,
BRADFORD WEST GWILLIMBURY TP,BRADFORD WEST GWILLIMBURY,TP,escribe,https://pub-bradfordwestgwillimbury.escribemeetings.com,https://westgrey.civicweb.net/Portal/,https://pub-bradfordwestgwillimbury.escribemeetings.com,https://westgrey.civicweb.net/Portal/,,,,,,Portal (eSCRIBE) – Council meeting documents on eSCRIBE portal (JS required),,,,,,,
BRAMPTON C,BRAMPTON,C,escribe,https://pub-brampton.escribemeetings.com,https://pub-brampton.escribemeetings.com/meetingscalendarview.aspx,https://pub-brampton.escribemeetings.com,https://pub-brampton.escribemeetings.com/FileStream.ashx?DocumentId=167961,2026-05-28,,,,,Portal (eSCRIBE) – City Council agendas/minutes via eSCRIBE portal (JS required),,,,,,,
BRANT,BRANT,,(escribe),https://pub-brant.escribemeetings.com,https://pub-brant.escribemeetings.com/,https://pub-brant.escribemeetings.com,https://pub-brant.escribemeetings.com:443/meetingscalendarview.aspx?Expanded=Brant+County+Council,2026-05-28,,,,,Portal (eSCRIBE) – Council agendas and minutes on eSCRIBE portal (JS required),,,,,,,
BRANTFORD C,BRANTFORD,C,escribe,https://calendar.brantford.ca/meetings,https://pub-brantford.escribemeetings.com/Meeting.aspx?Id=df73c2e9-1672-4b04-9d3f-5c6793c3b943&Agenda=Agenda&lang=English,https://calendar.brantford.ca/meetings,https://www.brantford.ca/en/your-government/resources/Documents/Delegation-Request-Form-Fillable.pdf,2026-05-28,https://calendar.brantford.ca/meetings/Detail/2025-09-23-1800-City-Council,2025-09-23,HTML,HTML,Meeting detail page includes agenda/minutes links (eSCRIBE); calendar includes committees—filter to City Council,,,,,,,
BRETHOUR TP,BRETHOUR,TP,NOT_FOUND,,https://sports-inter.com/,,https://sports-inter.com/,,,,,,,,,,,,,No official public council agendas/minutes archive located; township appears to have no accessible official website—contact clerk
BRIGHTON M,BRIGHTON,M,civicweb,https://www.brighton.ca/en/municipal-services/agendas-and-minutes.aspx,https://brighton.civicweb.net/Portal/,https://www.brighton.ca/en/municipal-services/agendas-and-minutes.aspx,https://brighton.civicweb.net/document/177260/2025%20Council%20and%20Planning%20Mtg%20Schedule.pdf,2026-05-28,,,,Page links to Council Portal via CivicWeb tile; direct portal URL/evidence links not captured; JS likely required,,,,,,,,
BROCK TP,BROCK,TP,escribe,https://www.townshipofbrock.ca/municipal-office/mayor-and-council/council-meetings/,https://pub-townshipofbrock.escribemeetings.com/,https://pub-townshipofbrock.escribemeetings.com/,https://pub-townshipofbrock.escribemeetings.com/,2026-06-04,https://pub-townshipofbrock.escribemeetings.com/Meeting.aspx?Agenda=Agenda&Id=1b6aaa88-59a6-45c1-ac2a-8840940261d4&lang=English,2025-12-08,HTML,HTML,JS required (eSCRIBE portal),,,,,,,
BROCKTON M,BROCKTON,M,escribe,https://www.brockton.ca/municipal-government/mayor-and-council/agendas-and-minutes/,https://pub-brockton.escribemeetings.com/,https://pub-brockton.escribemeetings.com/,https://pub-brockton.escribemeetings.com:443/meetingscalendarview.aspx?Expanded=Council+Meeting,2026-05-06,https://pub-brockton.escribemeetings.com/Meeting.aspx?Id=a8aac45d-b5bb-408a-8b7f-3cf5079ce243&lang=English,2025-11-25,,HTML,eSCRIBE used; council agenda example provided; minutes link not captured,,,,,,,
BROCKVILLE C,BROCKVILLE,C,civicweb,https://brockville.civicweb.net/Portal/MeetingInformation.aspx?Id=2486,https://brockville.civicweb.net/Portal/,https://brockville.civicweb.net/Portal/MeetingInformation.aspx?Id=2486,https://brockville.civicweb.net/filepro/documents/7,2026-05-06,,,,JS required (CivicWeb); meeting info lists multiple Council meetings; direct agenda/minutes links not captured,,,,,,,,
BROOKE ALVINSTON M,BROOKE ALVINSTON,M,custom_html_pdf,https://brookealvinston.com/town-hall/2025-council-agendas-minutes/,https://brookealvinston.com/town-hall/2025-council-agendas-minutes/,https://brookealvinston.com/town-hall/2025-council-agendas-minutes/,https://brookealvinston.com/wp-content/uploads/2025/12/Regular-December-11-2025.pdf,2026-05-28,,,,Assumed URL pattern based on site navigation (2024 page exists); verify if slug differs; direct 2025 evidence links not captured,,,,,,,,
BRUCE MINES T,BRUCE MINES,T,custom_html_pdf,https://brucemines.ca/government/minutes/,https://brucemines.ca/documents/minutes/,https://brucemines.ca/government/agendas/,https://brucemines.ca/documents/assets/uploads/files/en/may_25_2026_special_meeting_budget_review_3sinc.pdf,2026-05-28,,,,Minutes and agendas posted on town website; direct 2025 evidence links not captured,,,,,,,,
BRUDENELL LYNDOCH AND RAGLAN TP,BRUDENELL LYNDOCH AND RAGLAN,TP,custom_html_pdf,https://blrtownship.ca/article/committee-meetings-agendas-and-minutes/,https://blrtownship.ca/article/committee-meetings-agendas-and-minutes/,https://blrtownship.ca/article/committee-meetings-agendas-and-minutes/,https://blrtownship.ca/wp-content/uploads/2026/05/May-13th-2026-Public-Meeting-Agenda.pdf,2026-05-28,https://blrtownship.ca/document/agenda-regular-council-meeting-december-3-2025-amended/,2025-12-03,HTML,HTML,Document pages provide view/download; listing includes council and public meetings—use Council entries,,,,,,,
BURK TMS FALLS TP,BURK TMS FALLS,TP,custom_html_pdf,https://www.burksfalls.net/townhall/council/agenda-minutes,https://www.burksfalls.net/townhall/council,https://www.burksfalls.net/townhall/council/agenda-minutes,https://irp.cdn-website.com/55929d1f/files/uploaded/05-2025_Rules_Proceedings_of_Council.pdf,2026-05-28,,,,PDF,,Council agendas/minutes listed on page by month; direct 2025 agenda PDF link not captured,,,,,,
BURLINGTON C,BURLINGTON C,Lower,escribe,https://burlingtonpublishing.escribemeetings.com/,https://www.burlington.ca/en/council-and-city-administration/agendas-and-minutes.aspx,,https://www.burlington.ca/en/by-laws-and-animal-services/resources/By-laws/By-law-Search/Consolidated-By-laws/Consolidated-Procedure-By-law-059-2024.pdf,2026-05-28,,,,HTML,HTML,JS required,,,,,,
BURPEE AND MILLS TP,BURPEE AND MILLS TP,Lower,custom_html_pdf,https://www.burpeemills.com/municipality/2025-council-meetings/,https://www.burpeemills.com/,,https://www.burpeemills.com/app/download/13298593587/Request+for+Quotation+2026.pdf?t=1779214980,2026-05-28,https://www.burpeemills.com/app/download/13254707287/AGENDA+December+2%2C+2025.docx?t=1764773237,2025-12-02,PDF,DOC,,,,,,,,
CALEDON TP,CALEDON TP,Lower,escribe,https://pub-caledon.escribemeetings.com/,https://pub-caledon.escribemeetings.com/,,https://pub-caledon.escribemeetings.com/,2026-05-25,,,,HTML,HTML,JS required,,,,,,
CALLANDER M,CALLANDER M,Lower,custom_html_pdf,https://www.mycallander.ca/en/local-government/meetings,https://callander.civicweb.net/document/140087/,,https://callander.civicweb.net/FileStorage/F363E7E1EE3D44B5980FF98388DD6080-FoodCycler%20Municipal%20Solutions_2025.pdf,2026-05-28,,,,HTML,HTML,Access to portal requires clicking through main page,,,,,,
CALVIN M,CALVIN M,Lower,custom_html_pdf,https://calvintownship.ca/en/council-and-council-business/council/meetings-agendas,,,https://calvintownship.ca/uploads/November%2025%20Approved%20Minutes.pdf,2025-11-25,https://calvintownship.ca/uploads/Agenda%20Dec%2016.pdf,2025-12-16,PDF,PDF,,,,,,,,
CAMBRIDGE C,CAMBRIDGE C,Lower,other_unknown,https://calendar.cambridge.ca/council,https://pub-cambridge.escribemeetings.com/,,https://pub-cambridge.escribemeetings.com/,2026-05-07,2025-11-25,https://calendar.cambridge.ca/council,2025-12-15,HTML,PDF,Calendar based portal (eSolutions),,,,,,
CARLETON PLACE TP,CARLETON PLACE TP,Lower,escribe,https://pub-carletonplace.escribemeetings.com/,https://pub-carletonplace.escribemeetings.com/,,https://pub-carletonplace.escribemeetings.com:443/FileStream.ashx?DocumentId=16955,2026-05-28,https://pub-carletonplace.escribemeetings.com/Meeting.aspx?Id=6a48ce84-a46c-4108-8768-7bcd7c426544&Agenda=Agenda&lang=English,2025-12-09,,HTML,JS required,,,,,,,
CARLING TP,CARLING TP,Lower,custom_html_pdf,https://carling.ca/municipal-information/info-about-carling-council/agenda-and-minutes/,https://muniserv.ca/municipality/carling-township-of,,https://muniserv.ca/wp-content/uploads/muniServ-Media-Kit.pdf,2026-05-28,https://carling.ca/wp-content/uploads/2025-12-09-Council-Agenda-Package-1.pdf,2025-12-09,PDF,PDF,,,,,,,,
CARLOW MAYO TP,CARLOW MAYO TP,Lower,other_unknown,https://carlowmayoon.diligent.community/Portal/,https://carlowmayo.civicweb.net/Portal/,https://carlowmayo.ca/council/council-meetings-agendas/agendas/,https://carlowmayo.civicweb.net/Portal/,,,,HTML,HTML,Diligent Community portal; JS required,,,,,,,
CASEY TP,CASEY TP,Lower,custom_html_pdf,https://casey.ca/minutes/,https://casey.ca/government/,https://casey.ca/agendas-2025/,https://casey.ca/wp-content/uploads/2026/05/1.-Adoption-of-Agenda.pdf,2026-05-28,https://casey.ca/agendas-2025/,2025-11-12,HTML,HTML,Separate pages for minutes/agendas,,,,,,,
CASSELMAN M,CASSELMAN M,Lower,escribe,https://pub-casselman.escribemeetings.com/,https://pub-casselman.escribemeetings.com/,,https://pub-casselman.escribemeetings.com/FileStream.ashx?DocumentId=1112,2026-05-28,,,HTML,HTML,JS required,,,,,,,
CAVAN MONAGHAN TP,CAVAN MONAGHAN TP,Lower,escribe,https://pub-cavanmonaghan.escribemeetings.com/,https://www.cavanmonaghan.net/local-government/council/agendas-and-minutes/,,https://www.cavanmonaghan.net/media/1w0ao1zd/2026-meeting-schedule.pdf,2026-05-28,https://pub-cavanmonaghan.escribemeetings.com/Meeting.aspx?Id=d9eeebba-2c7f-4af8-a1de-a913c46c0252&Agenda=Agenda&lang=English,2025-11-04,HTML,HTML,JS required,,,,,,,
CENTER WELLINGTON TP,CENTER WELLINGTON TP,Lower,civicweb,https://centrewellington.civicweb.net/portal/,https://centrewellington.civicweb.net/Portal/,,https://www.centrewellington.ca/media/bvijxxru/2026-council-committee-meeting-schedule.pdf,2026-05-28,,,,HTML,HTML,JS required,,,,,,
CENTRAL ELGIN M,CENTRAL ELGIN M,Lower,civicweb,https://centralelgin.civicweb.net/Portal/,https://centralelgin.civicweb.net/filepro/documents/123778/,,https://centralelgin.civicweb.net/filepro/document/129269/Regular Meeting of Council - 16 Dec 2024 - Agenda - Pdf.pdf,2026-05-28,,,,HTML,,JS required,,,,,,
CENTRAL FRONTENAC TP,CENTRAL FRONTENAC TP,Lower,other_unknown,https://calendar.centralfrontenac.com/council,https://www.centralfrontenac.com/,,https://centralfrontenac.community.highbond.com/Portal/,2026-05-28,,,,HTML,HTML,Calendar based (eSolutions),,,,,,
CENTRAL HURON M,CENTRAL HURON M,Lower,civicweb,https://centralhuron.civicweb.net/Portal/,https://www.centralhuron.ca/en/your-municipal-government/council.aspx,,https://www.centralhuron.ca/sites/default/files/2026-Council-Schedule---Accessible.pdf,2026-05-28,,,,HTML,HTML,JS required,,,,,,
CENTRAL MANITOULIN M,CENTRAL MANITOULIN M,Lower,other_unknown,https://www.centralmanitoulin.ca/our-government/council/agendas-and-minutes/,https://www.centralmanitoulin.ca/our-government/council/agendas-and-minutes/,,https://www.centralmanitoulin.ca/media/xirlffaq/council_agenda_2023_09_18.pdf,2026-05-28,https://www.centralmanitoulin.ca/media/xirlffaq/council_agenda_2023_09_18.pdf,2023-09-18,PDF,PDF,Recent docs dated 2023,,,,,,,
CENTRE HASTINGS M,CENTRE HASTINGS M,Lower,civicweb,https://centrehastings.civicweb.net/Portal/,https://stclair.civicweb.net/Portal/,,https://stclair.civicweb.net/Portal/,,,,,HTML,HTML,JS required,,,,,,
CHAMBERLAIN TP,CHAMBERLAIN TP,Lower,NOT_FOUND,https://www.chamberlaintownship.com/,https://www.chamberlain.com/ca,,https://www.chamberlain.com/ca,,,,,HTML,HTML,Website under construction,,,,,,
CHAMPLAIN TP,CHAMPLAIN TP,Lower,escribe,https://pub-champlain.escribemeetings.com/,https://pub-champlain.escribemeetings.com/,,https://pub-champlain.escribemeetings.com:443/FileStream.ashx?DocumentId=13823,2026-06-01,https://pub-champlain.escribemeetings.com/Meeting.aspx?Id=95a51c89-4ecd-40ab-b941-07cd7f4bdd55&Agenda=Agenda&lang=English,2025-10-22,HTML,HTML,JS required,,,,,,,
CHAPLEAU TP,CHAPLEAU TP,Lower,custom_html_pdf,https://chapleau.ca/township/administration/council-agenda-minutes/,https://www.chapleau.ca/township/administration/council-agenda-minutes/,,https://www.chapleau.ca/UploadedFiles/files/2026%20Schedule%20of%20Regular%20Meetings%20of%20Council%2C%20Office%20Hours%20and%20closings.pdf,2026-05-28,,,,PDF,PDF,,,,,,,
CHAPPLE TP,CHAPPLE TP,Lower,civicweb,https://chapple.civicweb.net/Portal/,https://chapple.civicweb.net/Portal/,,https://chapple.civicweb.net/filepro/documents/4239,2026-05-07,,,,HTML,HTML,JS required,,,,,,
CHARLTON AND DACK M,CHARLTON AND DACK M,Lower,custom_html_pdf,http://www.charltonanddack.com/council,https://www.charltonafc.com/,,https://cdn.charltonafc.com/sites/default/files/2026-03/2026%3A27%20Season%20Ticket%20FAQs.pdf,2026-05-28,,,,HTML,HTML,No recent documents found,,,,,,
CHATHAM KENT M,CHATHAM KENT M,Single,escribe,https://pub-chatham-kent.escribemeetings.com/,https://www.chatham-kent.ca/localgovernment/council/meetings/Pages/Council-Meetings.aspx,,https://www.chatham-kent.ca/services/digitalresources/Documents/End of Life Computer Request Form 2019 Accessible.pdf,2026-05-28,https://pub-chatham-kent.escribemeetings.com/Meeting.aspx?Id=83633a45-4153-4ff4-a28d-d5a6014c5f63&Agenda=Agenda&lang=English,2024-05-27,HTML,HTML,JS required,,,,,,,
CHATSWORTH TP,CHATSWORTH TP,Lower,custom_html_pdf,https://chatsworth.ca/government/agendas-and-minutes/,,,https://chatsworth.ca/wp-content/uploads/2025/08/16-May-3-2023-1.pdf,2023-05-03,https://chatsworth.ca/wp-content/uploads/2025/08/18-June-7-2023.pdf,2023-06-07,PDF,PDF,Recent docs dated 2023,,,,,,,
CHISHOLM TP,CHISHOLM TP,Lower,custom_html_pdf,https://chisholm.ca/en/your-government/meetings-agendas,https://www.chisholm.ca/en/your-government/meetings-agendas,https://chisholm.ca/en/your-government/meetings-agendas,"https://www.chisholm.ca/uploads/Agenda Package - May 6, 2026.pdf",2026-05-28,https://chisholm.ca/en/your-government/meetings-agendas/show/show/regular-council-meeting-2025-11-25,2025-11-25,PDF,HTML,Dates in snippets indicate 2025 meetings planned,,,,,,,
CLARENCE ROCKLAND C,CLARENCE ROCKLAND C,Lower,custom_html_pdf,https://www.clarence-rockland.com/en/city-hall/municipal-council/municipal-council-committee-meeting-calendar,https://www.clarence-rockland.com/en/city-hall/council/meetings-minutes/municipal-council,https://www.clarence-rockland.com/en/city-hall/municipal-council/municipal-council-committee-meeting-calendar,https://cr-pub.escribemeetings.com/FileStream.ashx?DocumentId=15277,2026-05-28,https://www.clarence-rockland.com/en/city-hall/council/meetings-minutes/council-regular-meeting-10-dec-2025,2025-12-10,,HTML,Calendar-based portal,,,,,,,
CLARINGTON M,CLARINGTON M,Lower,escribe,https://pub-clarington.escribemeetings.com/meetingscalendarview.aspx,https://pub-clarington.escribemeetings.com/meetingscalendarview.aspx,https://pub-clarington.escribemeetings.com/meetingscalendarview.aspx,https://pub-clarington.escribemeetings.com/FileStream.ashx?DocumentId=63585,2026-05-28,https://pub-clarington.escribemeetings.com/meetingscalendarview.aspx,2025-12-15,PDF,HTML,eSCRIBE portal; JS required,,,,,,,
CLEARVIEW TP,CLEARVIEW TP,Lower,custom_html_pdf,https://www.clearview.ca/government-committees/council/agenda-minutes,https://www.clearview.ca/government-committees/council/agenda-minutes,https://www.clearview.ca/government-committees/council/agenda-minutes,https://www.clearview.ca/government-committees/council/agenda-minutes,2026-06-04,,,PDF,,Drupal CMS,,,,,,,
COBALT TP,COBALT TP,Lower,custom_html_pdf,https://cobalt.ca/residents/mayor-council/,https://cobalt.ca/residents/mayor-council/,https://cobalt.ca/residents/mayor-council/,https://cobalt.ca/wp-content/uploads/2026/05/Agenda-Package-MAy-262026-Public.pdf,2026-05-28,https://cobalt.ca/wp-content/uploads/2025/12/Agenda-Special-Meeting-December-16-2025.pdf,2025-12-16,PDF,PDF,WordPress site,,,,,,,
COBOURG TP,COBOURG TP,Lower,escribe,https://pub-cobourg.escribemeetings.com/,https://www.cobourg.ca/our-government/mayor-council/council-meetings/,https://pub-cobourg.escribemeetings.com/,https://www.cobourg.ca/media/f12f5iia/request-form-for-closed-meeting-investigation.pdf,2026-05-28,https://pub-cobourg.escribemeetings.com/,2025-12-17,,HTML,eSCRIBE portal; JS required,,,,,,,
COCHRANE TP,COCHRANE TP,Lower,custom_html_pdf,https://cochraneontario.com/town-hall/council-meetings/,https://www.cochrane.ca/government/council/council-meetings,https://cochraneontario.com/town-hall/council-meetings/,https://www.cochrane.ca/sites/default/files/2026-05/Regular%20Council%20Meeting%20Highlights%20-%20May%2019%2C%202026.pdf,2026-05-28,,,2025-12-09,,HTML,Website mentions iCompass but primary is Custom,,,,,,
COCKBURN ISLAND TP,COCKBURN ISLAND TP,Lower,custom_html_pdf,https://cockburnisland.ca/council.php,https://cockburnisland.ca/council.php,https://cockburnisland.ca/council.php,https://cockburnisland.ca/docs/2026/FinancialStatement_2024.pdf,2026-05-28,,,PDF,,Simple HTML table,,,,,,,
COLEMAN TP,COLEMAN TP,Lower,custom_html_pdf,https://colemantownship.ca/municipal-services/council/,https://ombudsman-ontario.prod.opwebops.dev/en/our-work/municipal-meetings/township-coleman-march-25-2026,https://colemantownship.ca/municipal-services/council/,https://ombudsman-ontario.prod.opwebops.dev/sites/default/files/documents/Ombudsman%20Ontario-Coleman-March%202026-Report-accessible.pdf,2026-05-28,,,,PDF,,Verified domain colemantownship.ca,,,,,,
COLLINGWOOD TP,COLLINGWOOD TP,Lower,escribe,https://pub-collingwood.escribemeetings.com/,https://pub-collingwood.escribemeetings.com/,https://pub-collingwood.escribemeetings.com/,https://pub-collingwood.escribemeetings.com/FileStream.ashx?DocumentId=9829,2026-05-28,https://pub-collingwood.escribemeetings.com/Meeting.aspx?Id=be77a4c4-5f4a-4bc9-b4d1-164d62517f3e&lang=English,2025-12-08,,HTML,eSCRIBE portal; JS required,,,,,,,
CONMEE TP,CONMEE TP,Lower,custom_html_pdf,https://www.conmee.com/p/meetings,https://www.conmee.com/p/meetings,https://www.conmee.com/p/meetings,https://www.conmee.com/Home/DownloadMeeting/b57f4572-48a0-4208-aae9-a3f409b37234?isEnglish=True,2026-05-28,https://www.conmee.com/p/meetings,2025-10-28,,HTML,All-Net Municipal Solutions,,,,,,,
CORNWALL C,CORNWALL C,Lower,custom_html_pdf,https://www.cornwall.ca/en/city-hall/council-meetings.aspx,https://www.cornwall.ca/en/city-hall/council-meetings.aspx,https://www.cornwall.ca/en/city-hall/council-meetings.aspx,https://choosecornwall.ca/wp-content/uploads/2018/06/Cornwall-Business-Directory.pdf,2026-05-28,,,2025-12-08,,HTML,Embedded calendar,,,,,,
CRAMAHE TP,CRAMAHE TP,Lower,escribe,https://pub-cramahe.escribemeetings.com/,https://pub-cramahe.escribemeetings.com/,https://pub-cramahe.escribemeetings.com/,https://pub-cramahe.escribemeetings.com/FileStream.ashx?DocumentId=33424,2026-06-04,https://pub-cramahe.escribemeetings.com/Meeting.aspx?Id=2fa3d262-5374-412c-a9e4-39c57570d38f&Agenda=Agenda&lang=English,2025-12-18,,HTML,eSCRIBE portal; JS required,,,,,,,
DAWN EUPHEMIA TP,DAWN EUPHEMIA TP,Lower,custom_html_pdf,https://dawneuphemia.ca/council-committees/council-meeting-agendas-and-minutes/,https://dawneuphemia.ca/council-committees/council-meeting-agendas-and-minutes/,https://dawneuphemia.ca/council-committees/council-meeting-agendas-and-minutes/,https://dawneuphemia.ca/wp-content/uploads/2025/10/Council-Meetings-2026.pdf,2026-05-28,https://dawneuphemia.ca/council-committees/council-meeting-agendas-and-minutes/,2025-12-15,PDF,HTML,,,,,,,,
DAWSON TP,DAWSON TP,Lower,custom_html_pdf,https://www.dawsontownship.ca/council-administration/council-minutes-zoning-documents/,https://www.dawsontownship.ca/council-administration/council-minutes-zoning-documents/,https://www.dawsontownship.ca/council-administration/council-minutes-zoning-documents/,https://www.dawsontownship.ca/wp-content/uploads/2023/02/dawson_council_minutes_may_2_2012-1.pdf,2026-05-28,,,PDF,,,,,,,,,
DEEP RIVER TP,DEEP RIVER TP,Lower,custom_html_pdf,https://www.deepriver.ca/town-hall/minutes-agendas/,https://deepriver.civicweb.net/Portal/,https://www.deepriver.ca/town-hall/minutes-agendas/,https://deepriver.civicweb.net/filepro/documents/32369,2026-05-07,,,2025-12-16,,HTML,,,,,,,
DESERONTO TP,DESERONTO TP,Lower,custom_html_pdf,https://www.deseronto.ca/council-minutes,https://www.deseronto.ca/council-minutes,https://www.deseronto.ca/council-agenda,https://www.deseronto.ca/s/Minutes-November-22-2023.pdf,2026-05-28,https://www.deseronto.ca/events/2025/12/10/planning-meeting-wednesday-december-10-2025,2025-12-10,PDF,HTML,Squarespace site,,,,,,,
DORION TP,DORION TP,Lower,custom_html_pdf,https://doriontownship.ca/township/council/agendas-minutes,https://doriontownship.ca/township/council/agendas-minutes,https://doriontownship.ca/township/council/agendas-minutes,https://doriontownship.ca/application/files/4517/6460/6066/AGENDA_-18-NOVEMBER-2025.pdf,2026-05-28,,,PDF,,File list requires JS,,,,,,,
DOURO DUMMER TP,DOURO DUMMER TP,Lower,escribe,https://pub-douro-dummer.escribemeetings.com/,https://pub-douro-dummer.escribemeetings.com/,https://pub-douro-dummer.escribemeetings.com/,https://pub-douro-dummer.escribemeetings.com/FileStream.ashx?DocumentId=23159,2026-06-01,https://pub-douro-dummer.escribemeetings.com/Meeting.aspx?Id=67f60084-6309-4657-be75-6bf0da3d7d60,2025-12-16,PDF,HTML,eSCRIBE portal; JS required,,,,,,,
DRUMMOND NORTH ELMSLEY TP,DRUMMOND NORTH ELMSLEY TP,Lower,custom_html_pdf,https://dnetownship.ca/township-services/council/council-and-committee-calendar,https://drummondnorthelmsley.civicweb.net/Portal/,https://dnetownship.ca/township-services/council/council-and-committee-calendar,https://drummondnorthelmsley.civicweb.net/filepro/document/66105/26-01-13 - Committee of the Whole Minutes (1).pdf,2026-05-28,,,2024-08-27,,HTML,Joomla calendar,,,,,,
DRYDEN C,DRYDEN C,Lower,escribe,https://pub-dryden.escribemeetings.com/,https://www.dryden.ca/your-government/council-mayor/council-meetings/,https://pub-dryden.escribemeetings.com/,https://www.dryden.ca/media/fpnhiefz/closed-meeting-investigator-report-october-2018.pdf,2026-05-28,,,HTML,eSCRIBE portal; JS required,,,,,,,,
DUBREUILVILLE TP,DUBREUILVILLE TP,Lower,custom_html_pdf,https://dubreuilville.ca/town-hall/mayor-council/municipal-council-meeting-agendas-minutes/,https://dubreuilville.ca/township/agendas-and-minutes/,https://dubreuilville.ca/town-hall/mayor-council/municipal-council-meeting-agendas-minutes/,https://dubreuilville.ca/wp-content/uploads/2026/05/2026-04-09-Minutes.pdf,2026-05-28,,,PDF,,,,,,,,,
DUTTON DUNWICH M,DUTTON DUNWICH M,Lower,custom_html_pdf,https://www.duttondunwich.on.ca/municipal-services/council-committee-calendar-agendas-minutes,https://www.duttondunwich.on.ca/your-government/council-committee-calendar,https://www.duttondunwich.on.ca/municipal-services/council-committee-calendar-agendas-minutes,https://www.duttondunwich.on.ca/public/download/files/270264,2026-05-28,,,,HTML,,,,,,,,
DYSART ET AL M,DYSART ET AL M,Lower,civicweb,https://dysartetal.civicweb.net/portal/,https://www.dysartetal.ca/municipal-government/council/,https://dysartetal.civicweb.net/portal/,https://www.dysartetal.ca/media/0qyfgihg/wardmap.pdf,2026-05-28,,,,HTML,iCompass/CivicWeb; JS required,,,,,,,
EAR FALLS TP,EAR FALLS TP,Lower,custom_html_pdf,https://ear-falls.com/residents/council-agendas-and-minutes/,https://ear-falls.com/residents/council-agendas-and-minutes/,https://ear-falls.com/residents/council-agendas-and-minutes/,https://ear-falls.com/wp-content/uploads/2026/05/May-20-2026-Agenda-Proposed-Motions.pdf,2026-05-28,https://ear-falls.com/resources/november-19-2025-regular-meeting-of-council/,2025-11-19,PDF,HTML,,,,,,,,
EAST FERRIS M,EAST FERRIS M,Lower,escribe,https://pub-eastferris.escribemeetings.com/,https://stclair.civicweb.net/Portal/,https://pub-eastferris.escribemeetings.com/,https://stclair.civicweb.net/Portal/,2025-11-12,https://pub-eastferris.escribemeetings.com/Meeting.aspx?Id=8d00ec82-850e-4617-aea1-31a62eee5367,2025-11-25,PDF,HTML,,,,,,,,
EAST GARAFRAXA TP,EAST GARAFRAXA TP,Lower,custom_html_pdf,https://calendar.eastgarafraxa.ca/council,https://stclair.civicweb.net/Portal/,https://calendar.eastgarafraxa.ca/council,https://stclair.civicweb.net/Portal/,,,,HTML,HTML,Calendar portal; PDFs hosted within events,,,,,,,
EAST GWILLIMBURY TP,EAST GWILLIMBURY TP,Lower,civicweb,https://eastgwillimbury.civicweb.net/Portal/,https://www.eastgwillimbury.ca/en/living-in-eg/newresidents.aspx,https://eastgwillimbury.civicweb.net/Portal/,https://www.eastgwillimbury.ca/en/By-law-and-Parking/Boulevard-Bylaw-By-Law-2016-119.pdf,2026-05-28,https://eastgwillimbury.civicweb.net/filepro/documents/199757,2025-12-16,PDF,HTML,,,,,,,,
EAST HAWKESBURY TP,EAST HAWKESBURY TP,Lower,custom_html_pdf,https://www.easthawkesbury.ca/en/township-hall/council-and-council-meetings/agendas-minutes-and-videos/,https://stclair.civicweb.net/Portal/,https://www.easthawkesbury.ca/en/township-hall/council-and-council-meetings/agendas-minutes-and-videos/,https://stclair.civicweb.net/Portal/,,,,HTML,HTML,JS required; uses embedded eSolutions or similar filter,,,,,,,
EAST ZORRA TAVISTOCK TP,EAST ZORRA TAVISTOCK TP,Lower,escribe,https://pub-ezt.escribemeetings.com/,https://www.zorra.ca/our-township/council/council-meetings/,https://pub-ezt.escribemeetings.com/,https://www.zorra.ca/assets/documents/Special-Council-10-May-2022-Agenda-Pdf.pdf,2026-05-28,https://pub-ezt.escribemeetings.com/Meeting.aspx?Id=8d00ec82-850e-4617-aea1-31a62eee5367,2025-02-05,PDF,HTML,,,,,,,,
EDWARDSBURGH CARDINAL TP,EDWARDSBURGH CARDINAL TP,Lower,escribe,https://pub-twpec.escribemeetings.com/,https://pub-twpec.escribemeetings.com/,https://pub-twpec.escribemeetings.com/,https://pub-twpec.escribemeetings.com:443/FileStream.ashx?DocumentId=21191,2026-05-28,,https://pub-twpec.escribemeetings.com/Meeting.aspx?Id=42da51c2-bf8d-4fe1-89da-7b4a8f006103,2024-07-22,PDF,HTML,,,,,,,
ELIZABETHTOWN KITLEY TP,ELIZABETHTOWN KITLEY TP,Lower,civicweb,https://elizabethtownkitley.civicweb.net/Portal/,https://elizabethtownkitley.civicweb.net/Portal/,https://elizabethtownkitley.civicweb.net/Portal/,https://elizabethtownkitley.civicweb.net/filepro/documents/3505,2026-05-12,,,PDF,HTML,,,,,,,,
ELLIOT LAKE C,ELLIOT LAKE C,Lower,escribe,https://pub-elliotlake.escribemeetings.com/,https://www.elliotlake.ca/en/city-hall/agendas-and-minutes.aspx,https://pub-elliotlake.escribemeetings.com/,https://events.elliotlake.ca/council?_mid_=48276,2026-05-12,https://pub-elliotlake.escribemeetings.com/Meeting.aspx?Id=3221b9ed-15a6-46bf-a332-81cddf534c2e,2025-10-31,PDF,HTML,,,,,,,,
EMO TP,EMO TP,Lower,other_unknown,https://township-of-emo.community.highbond.com/Portal/,https://emo.ca/agendas-minutes/,https://township-of-emo.community.highbond.com/Portal/,https://emo.ca/wp-content/uploads/2025/06/11-June-11-2025-Regular-Council-Meeting-Agenda.pdf,2026-05-28,,,HTML,HTML,Diligent HighBond portal,,,,,,,
ENGLEHART TP,ENGLEHART TP,Lower,custom_html_pdf,https://www.englehart.ca/p/englehart-municipal-council,https://englehart.civicweb.net/Portal/,https://www.englehart.ca/p/englehart-municipal-council,https://englehart.civicweb.net/filepro/documents/35,2026-05-12,,,HTML,HTML,Documents listed as packages; no direct file links stable,,,,,,,
ENNISKILLEN TP,ENNISKILLEN TP,Lower,custom_html_pdf,https://www.enniskillen.ca/minutes-agendas/,https://www.enniskillen.ca/minutes-agendas/,https://www.enniskillen.ca/minutes-agendas/,https://www.enniskillen.ca/wp-content/uploads/2026/05/Agenda-Council-May-19-2026.pdf,2026-05-28,https://www.enniskillen.ca/wp-content/uploads/2025/12/Agenda-Council-December-15-2025.pdf,2025-12-15,PDF,PDF,,,,,,,,
ERIN TP,ERIN TP,Lower,escribe,https://pub-erin.escribemeetings.com/,https://pub-erin.escribemeetings.com/,https://pub-erin.escribemeetings.com/,https://pub-erin.escribemeetings.com/FileStream.ashx?DocumentId=18989,2026-05-25,https://pub-erin.escribemeetings.com/Meeting.aspx?Id=0e3924f5-7312-409e-9eb3-db6ef7e50e80,2025-12-11,PDF,HTML,,,,,,,,
ESPANOLA TP,ESPANOLA TP,Lower,escribe,https://pub-espanola.escribemeetings.com/,https://pub-espanola.escribemeetings.com/,https://pub-espanola.escribemeetings.com/,https://pub-espanola.escribemeetings.com/filestream.ashx?DocumentId=13816,2026-05-12,https://pub-espanola.escribemeetings.com/Meeting.aspx?Id=725f1078-0330-488d-bb1b-c9de2d39b28a,2025-05-27,PDF,HTML,,,,,,,,
ESSA TP,ESSA TP,Lower,custom_html_pdf,https://www.essatownship.on.ca/council-administration/agendas-and-minutes/,https://www.essatownship.on.ca/council-administration/agendas-and-minutes/,https://www.essatownship.on.ca/council-administration/agendas-and-minutes/agendas/,https://calendar.essatownship.on.ca/default/Download?StartDate=05/01/2026&EndDate=05/31/2026,2026-05-28,,,HTML,HTML,Manual lists; no portal detected,,,,,,,
ESSEX TP,ESSEX TP,Lower,escribe,https://townofessex-pub.escribemeetings.com/,https://townofessex-pub.escribemeetings.com/meetingscalendarview.aspx?Expanded=Regular+Council+Meeting,https://townofessex-pub.escribemeetings.com/,https://townofessex-pub.escribemeetings.com/FileStream.ashx?DocumentId=27914,2026-05-28,,https://townofessex-pub.escribemeetings.com/Meeting.aspx?Id=0e3924f5-7312-409e-9eb3-db6ef7e50e80,2025-11-17,PDF,HTML,,,,,,,
EVANTUREL TP,EVANTUREL TP,Lower,NOT_FOUND,https://evanturel.com/council,https://evanturel.com/council/minutes-agendas/,https://evanturel.com/council,https://evanturel.com/council/minutes-agendas/#mainContent,2026-05-12,,,HTML,HTML,Documents available upon request only,,,,,,,
FARADAY TP,FARADAY TP,Lower,civicweb,https://faraday.civicweb.net/Portal/,https://faraday.civicweb.net/Portal/,https://faraday.civicweb.net/Portal/,https://faraday.civicweb.net/filepro/documents/3669,2026-05-25,,,PDF,HTML,,,,,,,,
FAUQUIER STRICKLAND TP,FAUQUIER STRICKLAND TP,Lower,custom_html_pdf,https://www.fauquierstrickland.com/en/,https://stclair.civicweb.net/Portal/,https://www.fauquierstrickland.com/en/,https://stclair.civicweb.net/Portal/,,,,HTML,HTML,Limited online archives found,,,,,,,
FORT ERIE TP,FORT ERIE TP,Lower,escribe,https://pub-forterie.escribemeetings.com/,https://pub-forterie.escribemeetings.com/,https://pub-forterie.escribemeetings.com/,https://pub-forterie.escribemeetings.com/FileStream.ashx?DocumentId=35692,2026-05-28,https://pub-forterie.escribemeetings.com/Meeting.aspx?Id=f66a8f02-6370-474a-b314-d8ae19a1d29d,2025-12-15,PDF,HTML,,,,,,,,
FORT FRANCES TP,FORT FRANCES TP,Lower,civicweb,https://fortfrances.civicweb.net/Portal/,https://fortfrances.civicweb.net/Portal/,https://fortfrances.civicweb.net/Portal/,https://fortfrances.civicweb.net/filepro/documents/148095,2026-05-25,,,PDF,HTML,,,,,,,,
FRENCH RIVER M,FRENCH RIVER M,Lower,civicweb,https://frenchriver.civicweb.net/Portal/,https://frenchriver.ca/p/council-minutes-agendas,https://frenchriver.civicweb.net/Portal/,https://frenchriver.ca/p/council-minutes-agendas#downloadOurApp,2026-05-28,,,PDF,HTML,,,,,,,,
FRONT OF YONGE TP,FRONT OF YONGE TP,Lower,civicweb,https://mallorytown.civicweb.net/Portal/,https://zhidao.baidu.com/question/765412751504246844.html,https://mallorytown.civicweb.net/Portal/,https://zhidao.baidu.com/question/765412751504246844.html,,,,PDF,HTML,,,,,,,,
FRONTENAC ISLANDS TP,FRONTENAC ISLANDS TP,Lower,civicweb,https://frontenacislands.civicweb.net/Portal/,https://frontenac.civicweb.net/document/252758/,https://frontenacislands.civicweb.net/Portal/,https://frontenac.civicweb.net/FileStorage/60B9219B5EF1457E988EE5D7893B80D6-June%2012%20Meeting%20Minutes.pdf,2026-05-28,,,PDF,HTML,,,,,,,,
GANANOQUE TP,GANANOQUE TP,Lower,custom_html_pdf,https://www.gananoque.ca/town-hall/town-council/council-meetings,https://www.gananoque.ca/town-hall/town-council/council-meetings,https://www.gananoque.ca/town-hall/town-council/council-meetings,https://s3.ca-central-1.amazonaws.com/gananoque.ca/s3fs-public/meetings/agendas/Agenda-Council-16-With Paperclip-10Jun2026-Special.pdf,2026-05-28,https://s3.ca-central-1.amazonaws.com/gananoque.ca/s3fs-public/meetings/agendas/Agenda-Council-24-With%20Paperclips-07Nov2023.pdf,2023-11-07,PDF,PDF,,,,,,,,
GAUTHIER TP,GAUTHIER TP,Lower,NOT_FOUND,,https://www.gauthierchrysler.com/,,https://www.gauthierchrysler.com/GAUTHIER-2023-FORCED-LABOUR-AND-CHILD-LABOUR.pdf,2026-05-28,,2025-12-16,,,No official website found,,,,,,,
GEORGIAN BAY TP,Georgian Bay,Lower,civicweb,https://georgianbay.civicweb.net/Portal/,https://georgianbay.civicweb.net/Portal/MeetingTypeList.aspx,https://georgianbay.civicweb.net/Portal/MeetingTypeList.aspx,https://georgianbay.civicweb.net/filepro/documents,2026-05-26,https://georgianbay.civicweb.net/Portal/MeetingInformation.aspx?Id=1285,2025-12-18,PDF,HTML,"CivicWeb portal; ""Council Connects"" summaries available. Recent focus on firearm bylaws.",,,,,,,
GEORGIAN BLUFFS TP,Georgian Bluffs,Lower,escribe,https://pub-georgianbluffs.escribemeetings.com/,https://pub-georgianbluffs.escribemeetings.com/,https://pub-georgianbluffs.escribemeetings.com/,https://pub-georgianbluffs.escribemeetings.com/,2026-06-03,https://pub-georgianbluffs.escribemeetings.com/Meeting.aspx?Id=e3f25118-b2ec-46a1-bba3-1ef18e4bd9bd,2025-12-15,PDF,HTML,eScribe; Video embedded. Dec 15 meeting on 2026 Budget (4.76% tax hike).,,,,,,,
GEORGINA T,Georgina,Lower,escribe,https://pub-georgina.escribemeetings.com/,https://www.georgina.ca/municipal-government/council-meetings/agendas-minutes-and-meetings,https://pub-georgina.escribemeetings.com/,https://www.georgina.ca/sites/default/files/2026-01/2026-council-meeting-calendar-jan2026.pdf,2026-05-28,https://pub-georgina.escribemeetings.com/Meeting.aspx?Id=60414442-dc5e-4e51-87cf-c3d307fe16aa,2025-12-02,HTML,HTML,eScribe; Conflict Registry available. Dec 2 Special Meeting for Budget.,,,,,,,
GILLIES TP,Gillies,Lower,custom_html_pdf,https://calendar.gilliestownship.com/meetings,https://www.gilliestownship.com/en/our-government/agendas-and-minutes.aspx,https://calendar.gilliestownship.com/meetings,https://www.gilliestownship.com/en/our-government/agendas-and-minutes.aspx,2025-11-10,https://calendar.gilliestownship.com/meetings/Detail/2025-12-15-1830-Regular-Council-Meeting-CANCELLED/4228dbbe-7f30-47a9-ae63-b3b101659c0b,2025-12-15,PDF,PDF,Custom Calendar (eSolutions). Dec 15 meeting cancelled. Voyent Alert system in use.,,,,,,,
GODERICH T,Goderich,Lower,escribe,https://pub-goderich.escribemeetings.com/,https://pub-goderich.escribemeetings.com/,https://pub-goderich.escribemeetings.com/,https://pub-goderich.escribemeetings.com/FileStream.ashx?DocumentId=61307,2026-05-25,https://pub-goderich.escribemeetings.com/Meeting.aspx?Id=8e20c015-df2a-477c-945e-8df1c5f2f5b4,2025-12-15,HTML,HTML,eScribe; Hybrid meetings. Dec 15 Special Council on 2026 Draft Fee By-Law.,,,,,,,
GORDON/BARRIE ISLAND M,Gordon/Barrie Island,Lower,custom_html_pdf,https://www.gordonbarrieisland.ca/government/agendas-and-minutes/,https://www.gordonbarrieisland.ca/government/agendas-and-minutes/,https://www.gordonbarrieisland.ca/government/agendas-and-minutes/,https://www.gordonbarrieisland.ca/app/download/20013243825/Agenda+July+8+2025.pdf?t=1779905332,2026-05-28,https://www.gordonbarrieisland.ca/government/agendas-and-minutes/,2025-12-02,PDF,PDF,Custom HTML. Manual PDF uploads. Strong opposition to Gore Bay annexation in late 2025.,,,,,,,
GORE BAY T,Gore Bay,Lower,civicweb,https://gorebay.civicweb.net/Portal/,https://www.gorebay.ca/our-government/council-and-council-meetings/,https://gorebay.civicweb.net/Portal/,https://www.gorebay.ca/media/wrnlrtue/town-of-gore-bays-strategic-plan-2022-2027.pdf,2026-05-28,https://gorebay.civicweb.net/Portal/MeetingInformation.aspx?Id=1452,2025-12-08,PDF,HTML,CivicWeb. Downtown Revitalization Project focus. Annexation discussions active.,,,,,,,
GRAND VALLEY T,Grand Valley,Lower,escribe,https://pub-townofgrandvalley.escribemeetings.com/,https://pub-townofgrandvalley.escribemeetings.com/Meeting.aspx?Id=29bfe516-52d3-4da8-92bb-a95fe9d7622a&Agenda=Agenda&lang=English,https://pub-townofgrandvalley.escribemeetings.com/,https://www.townofgrandvalley.ca/media/kj3jlfeb/2024-10-procedural-by-law.pdf,2026-05-28,https://pub-townofgrandvalley.escribemeetings.com/Meeting.aspx?Id=ba0624ab-a795-4594-ba5c-fa98e3db1334,2025-12-09,HTML,HTML,eScribe. Lameront/Sahm Drainage By-law and 2026 Budget Info Night (Nov 26).,,,,,,,
GRAVENHURST T,Gravenhurst,Lower,civicweb,https://gravenhurst.civicweb.net/Portal/,https://www.gravenhurst.ca/town-hall-council/mayor-and-council/,https://gravenhurst.civicweb.net/Portal/,https://www.gravenhurst.ca/media/ktpdg5it/follow-up-to-code-complaint-no-0120-may-14-2020.pdf,2026-05-28,https://gravenhurst.civicweb.net/Portal/MeetingInformation.aspx?Id=2451,2025-12-16,PDF,HTML,"CivicWeb. Integrated with ""Engage Gravenhurst"". Winter Parking By-law reinstated Dec 16.",,,,,,,
GREATER MADAWASKA TP,Greater Madawaska,Lower,civicweb,https://greatermadawaska.civicweb.net/Portal/,https://greatermadawaska.civicweb.net/Portal/Welcome.aspx,https://greatermadawaska.civicweb.net/Portal/,https://www.greatermadawaska.com/en/township-office/resources/Mayor-and-Council/Delegation-Information-Sheet-and-Request-Form.pdf,2026-05-28,https://greatermadawaska.civicweb.net/Portal/MeetingInformation.aspx?Id=1021,2025-12-10,PDF,HTML,CivicWeb. Health & Wellness Hub town halls in Dec 2025. Black Donald Pit expansion.,,,,,,,
GREATER NAPANEE T,Greater Napanee,Lower,civicweb,https://greaternapanee.civicweb.net/Portal/,https://greaternapanee.civicweb.net/Portal/,https://greaternapanee.civicweb.net/Portal/,https://greaternapanee.civicweb.net/document/229941,2025-12-02,https://greaternapanee.civicweb.net/Portal/MeetingInformation.aspx?Id=2450,2025-12-09,PDF,HTML,CivicWeb. Special Meeting Dec 2 for CarbonFree Technology deputations. Council Highlights pub.,,,,,,,
GREATER SUDBURY C,Greater Sudbury,Single,escribe,https://pub-greatersudbury.escribemeetings.com/,https://pub-greatersudbury.escribemeetings.com/,https://pub-greatersudbury.escribemeetings.com/,https://pub-greatersudbury.escribemeetings.com/FileStream.ashx?DocumentId=60614,2026-06-01,https://pub-greatersudbury.escribemeetings.com/Meeting.aspx?Id=f610b850-d96a-4339-9947-562d78044965,2025-12-09,HTML,HTML,eScribe (Bilingual). Meetings moved to Lionel E. Lalonde Centre. 2026 Interim Tax Levy By-law.,,,,,,,
GREENSTONE M,Greenstone,Lower,civicweb,https://greenstone.civicweb.net/Portal/,https://greenstone.civicweb.net/Portal/Welcome.aspx,https://greenstone.civicweb.net/Portal/,https://greenstone.civicweb.net/document/44644/By-Law%2020-09%20Appoint%20LAS%20Closed%20Meeting%20Investigator.pdf,2026-05-28,https://greenstone.civicweb.net/Portal/MeetingInformation.aspx?Id=901,2025-12-16,PDF,HTML,"CivicWeb. Ended Specialized Transit effective Jan 1, 2026. $749k grant for Community Centre.",,,,,,,
GREY HIGHLANDS M,Grey Highlands,Lower,civicweb,https://greyhighlands.civicweb.net/Portal/,https://www.greyhighlands.ca/your-government/council-and-committees/agendas-and-minutes/,https://greyhighlands.civicweb.net/Portal/,https://greyhighlands.civicweb.net/filepro/document/388562/Consolidated By-law No. 2024-097 - Procedure By-law - Pdf.pdf,2026-05-28,https://greyhighlands.civicweb.net/Portal/MeetingInformation.aspx?Id=1455,2025-12-17,PDF,HTML,CivicWeb. Building Fees Review public meeting Dec 3. 2026 meeting schedule adopted.,,,,,,,
GRIMSBY T,Grimsby,Lower,escribe,https://pub-grimsby.escribemeetings.com/,https://pub-grimsby.escribemeetings.com/,https://pub-grimsby.escribemeetings.com/,https://pub-grimsby.escribemeetings.com/,2025-12-01,https://pub-grimsby.escribemeetings.com/Meeting.aspx?Id=3e587cba-e2f0-41b4-b846-256091870566,2025-12-15,HTML,HTML,eScribe. Fire Services Review. Donations to McNally House Hospice. Heritage Advisory active.,,,,,,,
GUELPH C,Guelph,Single,escribe,https://pub-guelph.escribemeetings.com/,https://pub-guelph.escribemeetings.com/,https://pub-guelph.escribemeetings.com/,https://pub-guelph.escribemeetings.com/,2025-11-26,https://pub-guelph.escribemeetings.com/Meeting.aspx?Id=44be208c-b27d-4319-ad8f-673e3dcc3c8c,2025-12-09,HTML,HTML,eScribe. Affordable Housing CIP Amendment Dec 9. Strong Mayor Directive on bike lane plowing.,,,,,,,
GUELPH/ERAMOSA TP,Guelph/Eramosa,Lower,custom_html_pdf,https://www.get.on.ca/township-services/committee/mayor-and-council,https://www.get.on.ca/township-services/council/agendas-and-minutes,https://www.get.on.ca/township-services/committee/committee-of-the-whole/meetings,https://www.get.on.ca/township-services/council/agendas-and-minutes,2025-11-17,https://www.get.on.ca/township-services/committee/committee-of-the-whole/agendas/2025-12-08-cancelled,2025-12-08,PDF,PDF,Custom site links to PDFs. Dec 8 Committee of Whole cancelled. 2.71% tax increase approved.,,,,,,,
HALDIMAND COUNTY,Haldimand County,Single,escribe,https://pub-haldimandcounty.escribemeetings.com/,https://pub-haldimandcounty.escribemeetings.com/,https://pub-haldimandcounty.escribemeetings.com/,https://pub-haldimandcounty.escribemeetings.com/,2025-12-04,https://pub-haldimandcounty.escribemeetings.com/Meeting.aspx?Id=f4c3c149-0cb2-43f6-ab20-378223e7ce4b,2026-01-13,HTML,HTML,eScribe. 2026 Rate-Supported Budget passed Dec 4 (Strong Mayor). Nanticoke MZO referendum rejected.,,,,,,,
HALTON HILLS T,Halton Hills,Lower,escribe,https://pub-haltonhills.escribemeetings.com/,https://www.haltonhills.ca/en/your-government/council-and-committees.aspx,https://pub-haltonhills.escribemeetings.com/,https://haltonhills.ic12.esolg.ca/en/resourcesGeneral/Documents/PDF-Forms/WitnessStatementForm.pdf,2026-05-28,https://pub-haltonhills.escribemeetings.com/Meeting.aspx?Id=cc5f336c-e7b9-4d72-9db3-906aea193bcc,2025-12-08,HTML,HTML,eScribe. Special Meeting Dec 2 on Budget Amendments. Regional Heritage Services downloading discussed.,,,,,,,
HAMILTON C,Hamilton,Single,escribe,https://pub-hamilton.escribemeetings.com/,https://pub-milton.escribemeetings.com/,https://pub-hamilton.escribemeetings.com/,https://pub-milton.escribemeetings.com/,2025-12-03,https://pub-hamilton.escribemeetings.com/Meeting.aspx?Id=99241fd4-b88f-4db5-8946-a3d922de2e9d,2025-12-10,HTML,HTML,eScribe. Dec 10 Council: 2026 Water/Wastewater Fees By-law. Closed session minutes GIC Dec 3.,,,,,,,
HAMILTON TP,Hamilton,Lower,civicweb,https://hamiltontownship.civicweb.net/Portal/,https://hamilton.civicweb.net/Portal/,https://hamiltontownship.civicweb.net/Portal/,https://hamilton.civicweb.net/Portal/,2025-11-18,https://hamiltontownship.civicweb.net/Portal/MeetingInformation.aspx?Id=1455,2025-12-09,PDF,HTML,CivicWeb. Special Meeting Dec 9 (CUPE Negotiations). New CAO appointed Dec 16.,,,,,,,
HANOVER T,Hanover,Lower,escribe,https://pub-hanover.escribemeetings.com/,https://pub-hanover.escribemeetings.com/,https://pub-hanover.escribemeetings.com/,https://pub-hanover.escribemeetings.com:443/FileStream.ashx?DocumentId=6631,2026-05-28,https://www.hanover.ca/council-government/council-meeting-14,2025-12-15,HTML,HTML,eScribe. Dec 15 meeting includes Budget Amendments. Restructuring discussions with West Grey.,,,,,,,
HARLEY TP,Harley,Lower,custom_html_pdf,http://harley.ca/council-meetings/,http://harley.ca/council-meetings/,http://harley.ca/council-meetings/,https://harley.ca/wp-content/uploads/2024/01/December-12-2023.pdf,2026-04-23,https://harley.ca/wp-content/uploads/2025/02/January-14-2025.pdf,2025-01-14,PDF,PDF,WordPress. PDF uploads manual. Resolutions on OPP billing increases (22.5%).,,,,,,,
HARRIS TP,Harris,Lower,custom_html_pdf,https://harristownship.weebly.com/,https://haliburton.civicweb.net/portal/,https://harristownship.weebly.com/,https://haliburton.civicweb.net/filepro/document/399376/BYLAW%204006%20Procedural%20Bylaw.pdf,2026-05-28,https://harristownship.weebly.com/uploads/1/2/3/4/12345678/agenda_jan_13_2026.pdf,2026-01-13,PDF,PDF,Weebly. Dec 2025 Planning meeting cancelled. Short-Term Rental Ordinance adopted.,,,,,,,
HASTINGS HIGHLANDS M,Hastings Highlands,Lower,civicweb,https://hastingshighlands.civicweb.net/Portal/,https://stclair.civicweb.net/Portal/,https://hastingshighlands.civicweb.net/Portal/,https://stclair.civicweb.net/Portal/,2025-11-19,https://hastingshighlands.civicweb.net/Portal/MeetingInformation.aspx?Id=2452,2025-12-17,PDF,HTML,CivicWeb. Dec 17 Regular Council. Unopened Road Allowance Policy By-law passed.,,,,,,,
HAVELOCK BELMONT METHUEN TP,HAVELOCK BELMONT METHUEN,Lower,custom_html_pdf,,https://www.hbmtwp.ca/en/municipal-government/agendas-and-minutes.aspx,,https://www.hbmtwp.ca/media/id3jvbyv/privacy-policy-township-of-hbm.pdf,2026-05-28,,2025-12-02,PDF,PDF,"Calendar integration; video links embedded [cite: 17, 21, 26]",,,,,,,
HAWKESBURY T,HAWKESBURY,Lower,custom_html_pdf,https://hawkesbury.ca/en/town-hall/the-municipal-council/council-minutes,https://pub-hawkesbury.escribemeetings.com/,https://hawkesbury.ca/en/town-hall/the-municipal-council/council-minutes,https://pub-hawkesbury.escribemeetings.com/FileStream.ashx?DocumentId=669,2026-05-28,https://hawkesbury.ca/en/town-hall/the-municipal-council/council-minutes,2025-12-10,HTML,HTML,"Manual index; bilingual portal [cite: 38, 48]",,,,,,,
HEAD CLARA AND MARIA TP,HEAD CLARA AND MARIA,Lower,custom_html_pdf,,https://www.headclaramaria.ca/council-and-staff/meetings-minutes/,,https://townshipsofheadclaramaria.ca/userfiles/file/Committee%20of%20the%20Whole%20Terms%20of%20Reference%20-%20Final.pdf,2026-05-28,,2025-12-11,PDF,PDF,"Static PDF directory; inconsistent naming [cite: 56, 67]",,,,,,,
HEARST T,HEARST,Lower,civicweb,https://hearst.civicweb.net,http://www.hearst.ca/en/town-hall/municipal-council/,https://hearst.civicweb.net,http://www.hearst.ca/wp-content/uploads/2025/12/By-law-79-2025.pdf,2026-05-28,,2025-12-16,PDF,HTML,"JS required (CivicWeb); video integration [cite: 76, 79, 84]",,,,,,,
HIGHLANDS EAST M,HIGHLANDS EAST,Lower,civicweb,https://highlandseast.civicweb.net,https://stclair.civicweb.net/Portal/,https://highlandseast.civicweb.net,https://stclair.civicweb.net/Portal/,2025-11-18,,2025-12-09,PDF,HTML,"JS required (CivicWeb FilePro); hybrid meetings [cite: 94, 97, 100]",,,,,,,
HILLIARD TP,HILLIARD,Lower,custom_html_pdf,https://townshipofhilliard.ca,https://townshipofhilliard.ca/municipal-government/agendas-and-minutes/,https://townshipofhilliard.ca,https://townshipofhilliard.ca/wp-content/uploads/2026/05/agenda-2026-05-20.pdf,2026-05-28,,2025-12-17,PDF,PDF,"WordPress site; manual PDF uploads [cite: 110, 116]",,,,,,,
HILTON BEACH V,HILTON BEACH,Lower,custom_html_pdf,https://hiltonbeach.com,https://hiltonbeach.com/documents/agenda-march-11-2026-council-meeting/,https://hiltonbeach.com,https://hiltonbeach.com/wp-content/uploads/sites/3/2026/03/Agenda-March-11-2026.pdf,2026-05-28,,2025-12-10,PDF,PDF,"Agendas and Minutes in separate libraries [cite: 125, 131]",,,,,,,
HILTON TP,HILTON,Lower,custom_html_pdf,https://hiltontownship.ca,https://www.hiltontownship.ca/agenda-archive/,https://hiltontownship.ca,https://www.hiltontownship.ca/wp-content/uploads/2025/12/December-10-2025-Agenda-Package.pdf,2026-05-28,,2025-12-02,PDF,PDF,"Minutes posted only after approval [cite: 140, 142, 144]",,,,,,,
HORNEPAYNE TP,HORNEPAYNE,Lower,civicweb,https://townshipofhornepayne.civicweb.net,https://www.hornepayne.ca/our-government/council/council-meetings/,https://townshipofhornepayne.civicweb.net,https://www.hornepayne.ca/media/e4nkcdyl/hornepayne-3rd-avenue-reconstruction-road-closure-2026-third-avenue.pdf,2026-05-28,,2025-11-12,PDF,HTML,"JS required (CivicWeb); subscribe feature [cite: 153, 156, 158]",,,,,,,
HORTON TP,HORTON,Lower,custom_html_pdf,https://hortontownship.ca,https://www.sdgcounties.ca/node/9771,https://hortontownship.ca,https://www.sdgcounties.ca/sites/default/files/2026-04/5-Minute%20Gazette%20-%20April%2020%20%281%29.pdf,2026-05-28,,,PDF,PDF,"Manual PDF lists; no search [cite: 167, 172]",,,,,,,
HOWICK TP,HOWICK,Lower,other_unknown,,https://www.howick.ca/agendas-minutes,,https://howick.nyc3.cdn.digitaloceanspaces.com/Agendas-Minutes/April-21-2026-Council-Agenda-Package-Compressed_2026-04-21-181945_jfpk.pdf,2026-05-28,,2025-12-09,PDF,HTML,"Calendar-based (eSolutions style); filter by type [cite: 181, 185]",,,,,,,
]HUDSON TP,HUDSON,Lower,custom_html_pdf,,https://hudson.granicus.com/ViewPublisher.php?view_id=2,,https://www.microsoft.com/silverlight/downloads.aspx,2026-05-28,,2025-12-03,PDF,PDF,"Organized by year; not searchable [cite: 192, 196]",,,,,,,
HUNTSVILLE T,HUNTSVILLE,Lower,escribe,,https://huntsvilleon.civicweb.net/filepro/documents/64060/?preview=78128,,https://huntsvilleon.civicweb.net/filepro/document/78127/Regular Council - 13 Dec 2023 - Agenda - Pdf.pdf,2026-05-28,,2025-12-10,HTML,HTML,"eSCRIBE portal; [cite_start]YouTube integration [cite: 205, 206]",,,,,,,
]HURON EAST M,HURON EAST,Lower,other_unknown,,https://www.huroneast.com/your-government/agendas-and-minutes/,,https://www.huroneast.com/media/fhzblnt1/2026-council-calendar.pdf,2026-05-28,,2025-12-09,PDF,HTML,"Calendar-centric portal [cite: 216, 220]",,,,,,,
HURON KINLOSS TP,HURON KINLOSS,Lower,escribe,https://pub-huronkinloss.escribemeetings.com,https://pub-huronkinloss.escribemeetings.com/Meeting.aspx?Id=0c0411a9-cd69-4533-bf09-be9109358832&Agenda=Agenda&lang=English,https://pub-huronkinloss.escribemeetings.com,https://www.mpac.ca/sites/default/files/docs/pdf/2024-PerformanceReport.pdf,2026-05-28,,2025-12-01,PDF,HTML,"JS required (eSCRIBE); granular filtering [cite: 226, 230]",,,,,,,
HURON SHORES M,HURON SHORES,Lower,escribe,,https://huronshores.ca/your-government/council/minutes/,,https://huronshores.ca/wp-content/uploads/2024/05/24-12-Recreation-Vehicle-License-Application-Schedule-B-Fillable.pdf,2026-05-28,,2025-12-10,PDF,HTML,"eSCRIBE portal [cite: 236, 241]",,,,,,,
IGNACE TP,IGNACE,Lower,custom_html_pdf,,https://ignace.civicweb.net/Portal/,,https://ignace.civicweb.net/Portal/,2025-11-17,,,PDF,PDF,"Custom web; heavy focus on CEC documents [cite: 246, 251]",,,,,,,
INGERSOLL T,INGERSOLL,Lower,civicweb,https://ingersoll.civicweb.net,https://ingersoll.civicweb.net/Portal/,https://ingersoll.civicweb.net,https://ingersoll.civicweb.net/Portal/,2025-11-10,,2025-12-08,PDF,HTML,"Hybrid usage (CivicWeb/eSCRIBE links exist) [cite: 260, 262]",,,,,,,
INNISFIL T,INNISFIL,Lower,civicweb,,https://innisfil.civicweb.net/Portal/MeetingTypeList.aspx,,https://innisfil.ca/en/building-and-development/resources/Fence-By-law-052-05-as-amended.pdf,2026-05-28,,2025-12-11,PDF,HTML,"JS required; tracking Mayoral Decisions [cite: 271, 275]",,,,,,,
IROQUOIS FALLS T,IROQUOIS FALLS,Lower,civicweb,,https://iroquoisfalls.civicweb.net/filepro/documents/9747/,,"https://iroquoisfalls.civicweb.net/filepro/document/9749/4. Minutes - Regular Meeting - August 29, 2022.pdf",2026-05-28,,2025-12-15,PDF,HTML,"JS required (CivicWeb) [cite: 280, 282]",,,,,,,
JAMES TP,JAMES,Lower,custom_html_pdf,,https://elklake.ca/2024-meetings,,https://elklake.ca/vertical/sites/%7B698232A1-8BB9-4776-8A5C-60DC366E3EE9%7D/uploads/Dec11-24_Agenda.pdf,2026-05-28,,2025-12-10,PDF,PDF,"Basic PDF list [cite: 289, 291]",,,,,,,
JOCELYN TP,JOCELYN,Lower,custom_html_pdf,,https://jocelyn.ca/township-office/council-minutes/,,https://jocelyn.ca/wp-content/uploads/2025/12/October-8-2025-Meeting-Minutes.pdf,2026-05-28,,2025-12-03,PDF,PDF,"PDF repository [cite: 298, 300]",,,,,,,
JOHNSON TP,JOHNSON,Lower,custom_html_pdf,,https://www.johnsontownship.ca/meetings/,,https://johnsontownship.ca/johnsontownship/wp-content/uploads/formidable/9/2026-01-21-minutes.pdf,2026-05-28,,2025-12-17,CSV,PDF,"Offers CSV download of meeting data [cite: 307, 309]",,,,,,,
JOLY TP,JOLY,Lower,other_unknown,,https://townshipofjoly.com/en/minutes/meeting-agendas-minutes,,https://townshipofjoly.com/uploads/Agenda%20-  Almaguin Highlands OPP Detachment Board September 10 2025.pdf,2026-05-28,,2025-12-09,HTML,HTML,"Uses AllNetMeetings platform [cite: 315, 317]",,,,,,,
KAPUSKASING T,KAPUSKASING,Lower,civicweb,,https://kapuskasing.civicweb.net/Portal/,,https://kapuskasing.civicweb.net/Portal/,2025-11-xx,,2025-12-19,PDF,HTML,"JS required (CivicWeb); [cite_start]Strong Mayor tracking [cite: 323, 325]",,,,,,,
KAWARTHA LAKES C,KAWARTHA LAKES,Single,escribe,https://pub-kawarthalakes.escribemeetings.com/,https://pub-kawarthalakes.escribemeetings.com/,https://pub-kawarthalakes.escribemeetings.com/,https://pub-kawarthalakes.escribemeetings.com/FileStream.ashx?DocumentId=90730,2026-05-28,,,PDF,HTML,Active Escribe portal,,,,,,,
KEARNEY TP,KEARNEY,Lower,civikit,https://townofkearney.ca/council/agendas-minutes/,https://townofkearney.ca/council/council-meetings/,https://townofkearney.ca/council/agendas-minutes/,https://www.townofkearney.ca/sites/6/files/2024-04/Application%20to%20Purchase%20Shore%20Road%20Allowance.pdf,2026-05-28,,,PDF,PDF,Manual PDF uploads (WordPress/CiviKit),,,,,,,
KENORA C,KENORA,Single,escribe,https://pub-kenora.escribemeetings.com/,https://pub-kenora.escribemeetings.com/?FillWidth=1,https://pub-kenora.escribemeetings.com/,https://pub-kenora.escribemeetings.com/FileStream.ashx?DocumentId=4133,2026-05-28,https://pub-kenora.escribemeetings.com/FileStream.ashx?DocumentId=40500,2025-12-17,PDF,HTML,Active Escribe portal,,,,,,,
KERNS TP,KERNS,Lower,custom_html_pdf,https://kerns.ca/agendas/,https://kerns.ca/council-minutes/,https://kerns.ca/agendas/,https://kerns.ca/council-minutes/,2025-11-05,https://kerns.ca/wp-content/uploads/2025/12/Agenda-Dec-03.pdf,2025-12-03,PDF,PDF,Basic WordPress list,,,,,,,
KILLALOE HAGARTY AND RICHARDS TP,KILLALOE HAGARTY AND RICHARDS,Lower,custom_html_pdf,https://www.killaloe-hagarty-richards.ca/township-council/meeting-minutes,https://www.killaloe-hagarty-richards.ca/township-council/meeting-minutes,https://www.killaloe-hagarty-richards.ca/township-council/meeting-minutes,https://www.killaloe-hagarty-richards.ca/sites/25/files/2026-05/May%205%202026%20Regular%20Meeting%20Minutes.pdf,2026-05-28,,,PDF,PDF,Manual PDF repository,,,,,,,
KILLARNEY M,KILLARNEY,Lower,custom_html_pdf,http://www.municipalityofkillarney.ca/municipal-services/municipal-council/meeting-agendas-minutes,https://www.killarney.ca/p/meeting-minutes,http://www.municipalityofkillarney.ca/municipal-services/municipal-council/meeting-agendas-minutes,https://www.killarney.ca/p/meeting-minutes#downloadOurApp,2026-05-28,http://www.municipalityofkillarney.ca/documents/agendas/2025-12-11-Agenda.pdf,2025-12-11,PDF,PDF,Manual PDF uploads,,,,,,,
KINCARDINE M,KINCARDINE,Lower,escribe,https://pub-kincardine.escribemeetings.com/,https://www.kincardine.ca/our-services/council-and-meetings/,https://pub-kincardine.escribemeetings.com/,https://www.kincardine.ca/11162809_Kincardine/en/municipal-office/resources/2023-03-07-Council-Declaration-of-Interest.pdf,2026-05-28,,,PDF,HTML,Active Escribe portal,,,,,,,
KING TP,KING,Lower,escribe,https://pub-king.escribemeetings.com/,https://www.king.ca/meetings,https://pub-king.escribemeetings.com/,https://www.king.ca/sites/default/files/2025-11/2026%20Schedule%20of%20Council%20and%20Public%20Planning%20Meetings.pdf,2026-05-28,https://pub-king.escribemeetings.com/FileStream.ashx?DocumentId=30012,2025-12-16,PDF,HTML,Active Escribe portal,,,,,,,
KINGSTON C,KINGSTON,Single,escribe,https://pub-cityofkingston.escribemeetings.com/,https://stclair.civicweb.net/Portal/,https://pub-cityofkingston.escribemeetings.com/,https://stclair.civicweb.net/Portal/,2025-11-19,https://pub-cityofkingston.escribemeetings.com/FileStream.ashx?DocumentId=44255,2025-12-17,PDF,HTML,Active Escribe portal; Heavy video integration,,,,,,,
KINGSVILLE TP,KINGSVILLE,Lower,escribe,https://kingsville-pub.escribemeetings.com/,https://kingsville-pub.escribemeetings.com/Meeting.aspx?Id=d3d935ad-42e8-4d1a-9767-db83427a125a&Agenda=Agenda&lang=English,https://kingsville-pub.escribemeetings.com/,https://kingsville-pub.escribemeetings.com/FileStream.ashx?DocumentId=36870,2026-05-28,https://kingsville-pub.escribemeetings.com/FileStream.ashx?DocumentId=21201,2025-12-09,PDF,HTML,Active Escribe portal,,,,,,,
KIRKLAND LAKE TP,KIRKLAND LAKE,Lower,civicweb,https://kirklandlake.civicweb.net/Portal/,https://www.ville.kirkland.qc.ca/municipal-profile/municipal-council/council-meetings,https://kirklandlake.civicweb.net/Portal/,https://www.ville.kirkland.qc.ca/client_file/upload/ODJ%20et%20PV%202026/ODJ2026-05-04.pdf,2026-05-28,https://kirklandlake.civicweb.net/document/62501,2025-12-17,PDF,PDF,Active CivicWeb portal,,,,,,,
KITCHENER C,KITCHENER,Lower,escribe,https://pub-kitchener.escribemeetings.com/,https://pub-kitchener.escribemeetings.com/,https://pub-kitchener.escribemeetings.com/,https://pub-kitchener.escribemeetings.com/FileStream.ashx?DocumentId=36035,2026-05-28,https://pub-kitchener.escribemeetings.com/FileStream.ashx?DocumentId=51350,2025-12-16,PDF,HTML,Active Escribe portal,,,,,,,
LA VALLEE TP,LA VALLEE,Lower,custom_html_pdf,https://lavallee.ca/council-minutes/,https://lavallee.ca/council-agenda/,https://lavallee.ca/council-minutes/,https://lavallee.ca/wp-content/uploads/2026/05/Agenda-May-13-2026.pdf,2026-05-28,,,PDF,PDF,Manual PDF uploads,,,,,,,
LAIRD TP,LAIRD,Lower,custom_html_pdf,https://lairdtownship.ca/council-minutes/,https://lairdtownship.ca/council/minutes/,https://lairdtownship.ca/council-minutes/,https://lairdtownship.ca/wp-content/uploads/2026/05/05-May-21-2026-Regular-Agenda-57.pdf,2026-05-28,https://lairdtownship.ca/wp-content/uploads/2025/12/Agenda-Dec-19.pdf,2025-12-19,PDF,PDF,Manual WordPress table,,,,,,,
LAKE OF BAYS TP,LAKE OF BAYS,Lower,custom_html_pdf,https://www.lakeofbays.on.ca/en/municipal-services/agendas-minutes-and-meetings.aspx,https://lakeofbays.civicweb.net/document/108886/,https://www.lakeofbays.on.ca/en/municipal-services/agendas-minutes-and-meetings.aspx,https://lakeofbays.civicweb.net/FileStorage/3F43A62274C14A4895FDD5DBF286313B-2025-11-11%20Ombudsmans%20Closed%20Session%20Report.pdf,2026-05-28,,,PDF,PDF,Uses eSolutionsGroup calendar,,,,,,,
LAKE OF THE WOODS TP,LAKE OF THE WOODS,Lower,custom_html_pdf,https://www.lakeofthewoods.ca/administration/minutes/,https://www.lakeofthewoods.ca/administration/minutes/,https://www.lakeofthewoods.ca/administration/minutes/,https://www.lakeofthewoods.ca/wp-content/uploads/2012/10/LOW-council-minute-December-2-2014.pdf,2026-05-28,,,PDF,PDF,Manual PDF list,,,,,,,
LAKESHORE M,LAKESHORE,Lower,escribe,https://pub-lakeshore.escribemeetings.com/,https://pub-lakeshore.escribemeetings.com/,https://pub-lakeshore.escribemeetings.com/,https://pub-lakeshore.escribemeetings.com/,2025-11-19,https://pub-lakeshore.escribemeetings.com/FileStream.ashx?DocumentId=29100,2025-12-10,PDF,HTML,Active Escribe portal,,,,,,,
LAMBTON SHORES M,LAMBTON SHORES,Lower,escribe,https://pub-lambtonshores.escribemeetings.com/,https://pub-lambtonshores.escribemeetings.com/,https://pub-lambtonshores.escribemeetings.com/,https://pub-lambtonshores.escribemeetings.com/,2025-11-26,,,PDF,HTML,Active Escribe portal,,,,,,,
LANARK HIGHLANDS TP,LANARK HIGHLANDS,Lower,custom_html_pdf,https://www.lanarkhighlands.ca/lh-town-hall/agendas-minutes/,https://pub-lanarkhighlands.escribemeetings.com/,https://www.lanarkhighlands.ca/lh-town-hall/agendas-minutes/,https://pub-lanarkhighlands.escribemeetings.com/FileStream.ashx?DocumentId=14808,2026-06-08,,,PDF,PDF,Manual PDF uploads,,,,,,,
LARDER LAKE TP,LARDER LAKE,Lower,custom_html_pdf,https://www.larderlake.ca/government/meetings-and-agendas/,https://www.larderlake.ca/events,https://www.larderlake.ca/government/meetings-and-agendas/,https://www.larderlake.ca/wp-content/uploads/2022/03/Delegation-Request-Form.pdf,2026-05-28,,,PDF,PDF,Manual PDF repository,,,,,,,
LASALLE TP,LASALLE,Lower,escribe,https://pub-lasalle.escribemeetings.com/,https://pub-lasalle.escribemeetings.com/,https://pub-lasalle.escribemeetings.com/,https://pub-lasalle.escribemeetings.com/FileStream.ashx?DocumentId=28177,2026-06-01,https://pub-lasalle.escribemeetings.com/FileStream.ashx?DocumentId=18620,2025-12-10,PDF,HTML,Active Escribe portal,,,,,,,
LATCHFORD TP,LATCHFORD,Lower,custom_html_pdf,https://www.latchford.ca/,https://www.latchford.ca/town-information/,https://www.latchford.ca/,http://www.latchford.ca/budget.pdf,2026-05-28,,,PDF,PDF,WordPress; Manual uploads on homepage/news feed,,,,,,,
LAURENTIAN HILLS TP,LAURENTIAN HILLS,Lower,custom_html_pdf,https://www.laurentianhills.ca/council/minutes-agendas/,https://laurentianhills.civicweb.net/Portal/,https://www.laurentianhills.ca/council/minutes-agendas/,https://laurentianhills.civicweb.net/Portal/,2025-11-19,,,PDF,PDF,Manual list,,,,,,,
LAURENTIAN VALLEY TP,LAURENTIAN VALLEY,Lower,custom_html_pdf,https://www.lvtownship.ca/en/lv-government-services/agendas-and-minutes.aspx,https://laurentianvalley.civicweb.net/Portal/,https://www.lvtownship.ca/en/lv-government-services/agendas-and-minutes.aspx,https://laurentianvalley.civicweb.net/Portal/,2025-11-18,,,PDF,PDF,Uses eSolutionsGroup calendar,,,,,,,
LEAMINGTON M,LEAMINGTON,Lower,escribe,https://events.leamington.ca/meetings,https://www.leamington.ca/en/discover/community-calendar.aspx?_mid_=5367,https://events.leamington.ca/meetings,https://www.leamington.ca/media/xhvmje3f/26may12_councilagenda.pdf,2026-05-13,https://events.leamington.ca/meetings/downloadfile?id=12350,2025-12-16,PDF,HTML,Custom calendar/Escribe hybrid,,,,,,,
LEEDS AND THE THOUSAND ISLANDS TP,LEEDS AND THE THOUSAND ISLANDS,Lower,escribe,https://pub-leeds1000islands.escribemeetings.com/,https://pub-leeds1000islands.escribemeetings.com/,https://pub-leeds1000islands.escribemeetings.com/,https://pub-leeds1000islands.escribemeetings.com/FileStream.ashx?DocumentId=12658,2026-06-01,https://pub-leeds1000islands.escribemeetings.com/Meeting.aspx?Id=60959e33-fb09-4c6e-8ad9-c09d1318b3d9&Agenda=Agenda&lang=English,2025-10-14,PDF,HTML,Active Escribe portal,,,,,,,
LIMERICK TP,LIMERICK,Lower,custom_html_pdf,https://limerick.ca/businesses-government/council/minutes/,https://limerick.civicweb.net/Portal/,https://limerick.ca/businesses-government/council/,https://limerick.civicweb.net/Portal/,2024-12-16,,,PDF,PDF,Manual PDF uploads,,,,,,,
LINCOLN TP,LINCOLN,Lower,custom_html_pdf,https://www.lincoln.ca/meetings,https://pub-lincolncity.escribemeetings.com/,https://www.lincoln.ca/meetings,https://pub-lincolncity.escribemeetings.com/FileStream.ashx?DocumentId=3913,2026-05-28,,,PDF,PDF,Uses eSolutionsGroup calendar,,,,,,,
LONDON C,LONDON,Single,custom_html_pdf,https://london.ca/government/council-civic-administration/council-committee-meetings/meetings,https://pub-london.escribemeetings.com/,https://london.ca/government/council-civic-administration/council-committee-meetings/meetings,https://pub-london.escribemeetings.com/FileStream.ashx?DocumentId=123978,2026-05-28,https://london.ca/sites/default/files/2026-01/Agenda-Jan-13.pdf,2026-01-13,PDF,PDF,Custom city calendar,,,,,,,
LOYALIST TP,LOYALIST,Lower,civicweb,https://loyalist.civicweb.net/Portal/,https://loyalist.civicweb.net/Portal/MeetingTypeList.aspx,https://loyalist.civicweb.net/Portal/,https://www.loyalist.ca/en/living-in-loyalist/resources/Documents/Renewable-Energy-Vibrancy-Review-Committee-Terms-of-Reference.pdf,2026-05-28,https://loyalist.civicweb.net/document/89500,2025-12-16,PDF,PDF,Active CivicWeb portal,,,,,,,
LUCAN BIDDULPH TP,LUCAN BIDDULPH,Lower,escribe,https://pub-lucanbiddulph.escribemeetings.com/,https://www.lucanbiddulph.on.ca/town-hall/council-agendas-minutes,https://pub-lucanbiddulph.escribemeetings.com/,https://www.lucanbiddulph.on.ca/sites/default/files/2026-01/2025%20Year%20in%20Review.pdf,2026-05-28,,,PDF,HTML,Active Escribe portal,,,,,,,
MACDONALD MEREDITH AND ABERDEEN ADDL TP,MACDONALD MEREDITH AND ABERDEEN ADDL,Lower,custom_html_pdf,https://echobay.ca/council-minutes/,https://echobay.ca/council-minutes/,https://echobay.ca/council-minutes/,https://echobay.ca/wp-content/uploads/2025/04/December-16-2025-Agenda.pdf,2026-05-28,https://echobay.ca/wp-content/uploads/2025/12/Dec-16-2025-Agenda.pdf,2025-12-16,PDF,PDF,Manual PDF list (Echo Bay),,,,,,,
MACHAR TP,MACHAR,Lower,custom_html_pdf,https://www.townshipofmachar.ca/en/municipal-services/meetings-agendas,https://www.townshipofmachar.ca/en/municipal-services/meetings-agendas,https://www.townshipofmachar.ca/en/municipal-services/meetings-agendas,https://www.townshipofmachar.ca/uploads/b-l-code-of-conduct-council.pdf,2026-05-28,,,PDF,PDF,Manual PDF list,,,,,,,
MACHIN M,MACHIN,Lower,custom_html_pdf,https://visitmachin.com/p/minutes,https://visitmachin.com/council/minutes/,https://visitmachin.com/p/council-meetings-news,https://visitmachin.com/council/minutes/,2025-11-18,,,PDF,PDF,Manual uploads,,,,,,,
MADAWASKA VALLEY TP,MADAWASKA VALLEY,Lower,custom_html_pdf,https://www.madawaskavalley.ca/your-local-government/your-council/agendas-minutes/,https://madawaskavalley.civicweb.net/Portal/,https://www.madawaskavalley.ca/your-local-government/your-council/agendas-minutes/,http://www.madawaskavalley.ca/deptdocs/Madawaska%20Valley%20-%20The%20Path%20Forward%202015-2019%20Strategic%20Plan.pdf,2026-05-28,,,PDF,PDF,Manual PDF repository,,,,,,,
munid,municipality_name,tier,portal_type,council_listing_url,https://www.porthope.ca/en/your-municipal-government/agendas-and-minutes.aspx,agenda_listing_url,https://www.porthope.ca/en/your-municipal-government/2026%20Council%20and%20Committee%20Calendar.pdf,2026-05-28,example_upcoming_agenda_url,example_upcoming_agenda_date,minutes_format,agenda_format,notes,,,,,,,
MADOC TP,MADOC,Lower,custom_html_pdf,https://madoc.ca/council/council-calendar/,https://madoc.civicweb.net/Portal/,https://madoc.ca/council/council-calendar/,https://madoc.civicweb.net/Portal/,2024-12-04,https://madoc.ca/wp-content/uploads/2025/01/Agenda-Jan-15-2025.pdf,2025-01-15,PDF,PDF,Manual PDF uploads; Calendar link for agendas,,,,,,,
MAGNETAWAN M,MAGNETAWAN,Lower,custom_html_pdf,https://magnetawan.com/government/agendas-minutes,https://magnetawan.com/government/agendas-minutes,https://magnetawan.com/government/agendas-minutes,https://magnetawan.com/content/government/agendas-minutes/may-6-2026-council-highlights-1.pdf,2026-05-28,https://magnetawan.com/images/agendas/2025/Council_Meeting_January_22_2025_Agenda.pdf,2025-01-22,PDF,PDF,Manual PDF list,,,,,,,
MALAHIDE TP,MALAHIDE,Lower,custom_html_pdf,https://www.malahide.ca/en/municipal-office/agendas-and-minutes.aspx,https://www.facebook.com/100068960238341/posts/join-us-tomorrow-night-at-700pm-for-the-malahide-township-council-meetingcouncil/1260184456290217/,https://www.malahide.ca/en/municipal-office/agendas-and-minutes.aspx,https://l.facebook.com/l.php?u=https%3A%2F%2Fwww.malahide.ca%2Fpublic%2Fdownload%2Ffiles%2F337580&h=AUAASSSUfEN2URn-kTX4H_Yoj96Dg_4xXEk5QvpdbQRvoQ07x5jD3MUGuPqMa_LbF01botqW94P8pZv2VUFsaCMrvtN7difFfMdMNyDxhH5Mpz6_5KcU_C0657CI_6pYtdDPVhMm86Kpp2odrvXIJVE2VweHBPSJ&__tn__=-UK-R&c[0]=AUAgK9keK47MJzVDr6iDNOdk5KdpQfTz12HfX4icawBFXGiypxUv4cL61tR0f78BtAzvJV3ggmlvEi3eK53i3-ew1pgddyiqqTuVYSr55ms043z4w13yZuRE4pZj8eA6CPZt7hplZlrwy_ouklSJg23bU9rLEGHiNRYnNxNC9RzXlGFxHhtGekuZvVr54mU,2026-05-28,https://calendar.malahide.ca/council/Detail/2025-01-16-1930-Regular-Council-Meeting/Agenda-2025-01-16.pdf,2025-01-16,PDF,PDF,Uses eSolutionsGroup calendar,,,,,,,
MANITOUWADGE TP,MANITOUWADGE,Lower,civicweb,https://manitouwadge.civicweb.net/Portal/,https://manitouwadge.civicweb.net/Portal/,https://manitouwadge.civicweb.net/Portal/,https://manitouwadge.civicweb.net/Portal/,2024-12-11,https://manitouwadge.civicweb.net/document/32500,2025-01-08,PDF,PDF,Active CivicWeb portal,,,,,,,
MAPLETON TP,MAPLETON,Lower,custom_html_pdf,https://mapleton.ca/services/council/agendas-and-minutes,https://mapleton.civicweb.net/Portal/,https://mapleton.ca/services/council/agendas-and-minutes,https://mapleton.ca/content/township-services/council/delegation-request-1.pdf,2026-05-28,https://mapleton.ca/images/Council/Agendas/2025/2025-01-14-Council-Agenda.pdf,2025-01-14,PDF,PDF,Manual PDF uploads,,,,,,,
MARATHON TP,MARATHON,Lower,civicweb,https://marathon.civicweb.net/Portal/,https://www.marathontownship.com/resources/minutes,https://marathon.civicweb.net/Portal/,https://www.marathontownship.com/files/marathon/1/file/Minutes/Agenda/doc00772920260518132104.pdf,2026-05-28,https://marathon.civicweb.net/document/89520,2025-01-15,PDF,PDF,Active CivicWeb portal,,,,,,,
MARKHAM C,MARKHAM,Lower,escribe,https://pub-markham.escribemeetings.com/,https://pub-markham.escribemeetings.com/,https://pub-markham.escribemeetings.com/,https://pub-markham.escribemeetings.com/FileStream.ashx?DocumentId=113944,2026-05-28,https://pub-markham.escribemeetings.com/FileStream.ashx?DocumentId=100550,2025-01-28,PDF,HTML,Active Escribe portal,,,,,,,
MARKSTAY WARREN M,MARKSTAY WARREN,Lower,escribe,https://pub-markstay-warren.escribemeetings.com/,https://pub-markstay-warren.escribemeetings.com/,https://pub-markstay-warren.escribemeetings.com/,https://pub-markstay-warren.escribemeetings.com/FileStream.ashx?DocumentId=449,2026-05-28,https://pub-markstay-warren.escribemeetings.com/Meeting.aspx?Id=12345&Agenda=Agenda&lang=English,2025-02-17,PDF,HTML,Active Escribe portal,,,,,,,
MARMORA AND LAKE M,MARMORA AND LAKE,Lower,civicweb,https://marmoraandlake.civicweb.net/Portal/,https://marmoraandlake.civicweb.net/Portal/,https://marmoraandlake.civicweb.net/Portal/,https://marmoraandlake.civicweb.net/Portal/,2024-12-16,https://marmoraandlake.civicweb.net/document/62550,2025-01-07,PDF,PDF,Active CivicWeb portal,,,,,,,
MATTAWA TP,MATTAWA,Lower,custom_html_pdf,https://mattawa.ca/en/your-government/meetings-agendas,https://mattawa.ca/en/your-government/meetings-agendas,https://mattawa.ca/en/your-government/meetings-agendas,https://mattawa.ca/uploads/april-27-regular-meeting-minutes.pdf,2026-05-28,https://mattawa.ca/en/your-government/resources/Agenda-Dec-08-2025.pdf,2025-12-08,PDF,PDF,Manual PDF uploads,,,,,,,
MATTAWAN M,MATTAWAN,Lower,custom_html_pdf,https://www.matachewan.com/government/meeting-minutes/,https://mattawan.ca/agendas/,https://www.matachewan.com/government/meeting-minutes/,http://23060801-DraftagendaJune8.pdf,2026-05-28,,,PDF,PDF,Shared service/site structure with Matachewan? Manual PDF,,,,,,,
MATTICE VAL C T TP,MATTICE VAL COTE,Lower,custom_html_pdf,https://www.matticevalcote.ca/en/conseil-municipal,https://www.matticevalcote.ca/en/conseil-municipal,https://www.matticevalcote.ca/en/conseil-municipal,https://www.matticevalcote.ca/en/_files/ugd/93a5a9_6ca0bde92deb4799b4a6e469c7358104.pdf,2026-05-28,,,PDF,PDF,Very outdated minutes online,,,,,,,
MCDOUGALL TP,MCDOUGALL,Lower,custom_html_pdf,https://www.mcdougall.ca/p/files-documents,https://mcdougall.ca/p/agendas-minutes,https://www.mcdougall.ca/p/files-documents,https://mcdougall.ca/p/agendas-minutes#downloadOurApp,2026-05-28,,,PDF,PDF,Manual PDF repository,,,,,,,
MCGARRY TP,MCGARRY,Lower,custom_html_pdf,https://www.mcgarry.ca/council/minutes-agendas,https://mcgarry.ca/index.asp?SEC=%7B00A47911-5F6F-468E-998D-3475E1070969%7D,https://www.mcgarry.ca/council/minutes-agendas,https://mcgarry.ca/uploads/dm/40084/Communication20240625.pdf,2026-05-28,,,PDF,PDF,Manual PDF uploads,,,,,,,
MCKELLAR TP,MCKELLAR,Lower,civicweb,https://mckellar.civicweb.net/Portal/,https://calendar.mckellar.ca/,https://mckellar.civicweb.net/Portal/,https://calendar.mckellar.ca/default/Download?StartDate=05/01/2026&EndDate=05/31/2026,2026-05-28,https://mckellar.civicweb.net/document/32200,2025-12-11,PDF,PDF,Active CivicWeb portal,,,,,,,
MCMURRICH MONTEITH TP,MCMURRICH MONTEITH,Lower,custom_html_pdf,https://www.mcmurrichmonteith.com/newpageb083b490,https://www.mcmurrichmonteith.com/council-committee-minutes,https://www.mcmurrichmonteith.com/newpageb083b490,https://irp.cdn-website.com/af131183/files/uploaded/Agenda+Package+-+January+20-+2026+Items+1-+9.pdf,2026-05-28,,,PDF,PDF,Manual uploads; outdated,,,,,,,
MCNAB BRAESIDE TP,MCNAB BRAESIDE,Lower,custom_html_pdf,https://www.mcnabbraeside.com/municipal-services/upcoming-meetings/,https://mcnabbraeside.civicweb.net/Portal/,https://www.mcnabbraeside.com/municipal-services/upcoming-meetings/,http://www.mcnabbraeside.com/userfiles/file/municipal-information/information/200942992143.pdf,2026-05-28,,,PDF,PDF,Manual PDF; site difficult to navigate,,,,,,,
MEAFORD M,MEAFORD,Lower,escribe,https://meaford.civicweb.net/Portal/,https://meaford.civicweb.net/Portal/MeetingTypeList.aspx,https://meaford.civicweb.net/Portal/,https://meaford.civicweb.net/document/187422/2025-28%20-%20To%20Establish%20the%20Heritage%20Advisory%20Committee%20(Updated%20Terms%20of%20Reference).pdf,2026-05-28,https://meaford.civicweb.net/document/12350,2026-01-13,PDF,PDF,Active CivicWeb (redirects from eScribe query),,,,,,,
MELANCTHON TP,MELANCTHON,Lower,custom_html_pdf,https://melancthontownship.ca/council/council-agendas-minutes/,https://melancthontownship.ca/council/agendas-minutes/,https://melancthontownship.ca/council/council-agendas-minutes/,https://melancthontownship.ca/wp-content/uploads/2016/11/commissioner-for-taking-oaths.pdf,2026-05-28,https://melancthontownship.ca/wp-content/uploads/2025/01/Agenda-January-16-2025-Hybrid-Meeting.pdf,2025-01-16,PDF,PDF,"Manual table with links; ""Hybrid Meeting"" labels",,,,,,,
MERRICKVILLE WOLFORD TP,MERRICKVILLE WOLFORD,Lower,custom_html_pdf,https://www.merrickville-wolford.ca/governance/agendas-minutes,https://www.merrickville-wolford.ca/governance/agendas-minutes,https://www.merrickville-wolford.ca/governance/agendas-minutes,https://www.merrickville-wolford.ca/governance/agendas-minutes/2024-minutes/council-2/2418-dec-9-council-minutes-1/file,2024-12-09,https://www.merrickville-wolford.ca/governance/agendas-minutes/2025-agendas-1/council-3/2422-jan-13-council-agenda/file,2025-01-13,PDF,PDF,Manual file repository (Joomla?),,,,,,,
MIDDLESEX CENTRE M,MIDDLESEX CENTRE,Lower,civicweb,https://middlesexcentre.civicweb.net/Portal/,https://pub-middlesexcentre.escribemeetings.com/,https://middlesexcentre.civicweb.net/Portal/,https://pub-middlesexcentre.escribemeetings.com/,2024-12-18,https://middlesexcentre.civicweb.net/document/89520,2025-01-15,PDF,PDF,Active CivicWeb portal,,,,,,,
MIDLAND TP,MIDLAND,Lower,escribe,https://midland.escribemeetings.com/,https://www.midland.ca/your-government/mayor-council-committees/council-meetings/,https://midland.escribemeetings.com/,https://www.midland.ca/media/lrsfx3ag/procedure-bylaw.pdf,2026-05-28,https://midland.escribemeetings.com/FileStream.ashx?DocumentId=10250,2025-01-22,PDF,HTML,Active Escribe portal,,,,,,,
MILTON TP,MILTON,Lower,escribe,https://pub-milton.escribemeetings.com/,https://pub-milton.escribemeetings.com/,https://pub-milton.escribemeetings.com/,https://pub-milton.escribemeetings.com/,2024-12-09,https://pub-milton.escribemeetings.com/FileStream.ashx?DocumentId=40350,2025-01-20,PDF,HTML,Active Escribe portal,,,,,,,
MINDEN HILLS TP,MINDEN HILLS,Lower,escribe,https://pub-mindenhills.escribemeetings.com/,https://mindenhills.civicweb.net/Portal/,https://pub-mindenhills.escribemeetings.com/,https://mindenhills.civicweb.net/Portal/,2024-12-12,https://pub-mindenhills.escribemeetings.com/FileStream.ashx?DocumentId=25400,2025-01-09,PDF,HTML,Active Escribe portal,,,,,,,
MINTO TP,MINTO,Lower,civicweb,https://minto.civicweb.net/Portal/,https://town.minto.on.ca/town-hall/council/council-agenda-minutes,https://minto.civicweb.net/Portal/,https://town.minto.on.ca/town-hall/council/council-agenda-minutes,2024-12-17,https://minto.civicweb.net/document/62500,2025-01-07,PDF,PDF,Active CivicWeb portal,,,,,,,
MISSISSAUGA C,MISSISSAUGA,Single,escribe,https://pub-mississauga.escribemeetings.com/,https://www.mississauga.ca/events-and-attractions/events-calendar/,https://pub-mississauga.escribemeetings.com/,https://www.mississauga.ca/events-and-attractions/events-calendar/,2024-12-11,https://pub-mississauga.escribemeetings.com/FileStream.ashx?DocumentId=55500,2025-01-22,PDF,HTML,Active Escribe portal,,,,,,,
MISSISSIPPI MILLS M,MISSISSIPPI MILLS,Lower,escribe,https://pub-mississippimills.escribemeetings.com/,https://www.mississippimills.ca/municipal-hall/mayor-and-council/archive-of-agendas-and-minutes/,https://pub-mississippimills.escribemeetings.com/,https://www.mississippimills.ca/media/b4wlpeka/council-agenda-jan-14-20.pdf,2026-05-28,https://pub-mississippimills.escribemeetings.com/FileStream.ashx?DocumentId=12250,2025-01-14,PDF,HTML,Active Escribe portal,,,,,,,
MONO TP,MONO,Lower,custom_html_pdf,https://townofmono.com/government/council-meeting-minutes,https://mono.civicweb.net/Portal/,https://townofmono.com/government/council-meeting-minutes,"https://mono.civicweb.net/FileStorage/A23802FCE2124A4A8199667B861B919B-Motion%20by%20Mayor%20Creelman,%20Hwy%20Highway%2010%20and%20Count.pdf",2026-05-28,https://townofmono.com/downloads/Council/Agendas/2025/Council-Agenda-2025-01-14.pdf,2025-01-14,PDF,PDF,Manual PDF repository,,,,,,,
MONTAGUE TP,MONTAGUE,Lower,civicweb,https://montague.civicweb.net/Portal/,https://montague.civicweb.net/document/76628/,https://montague.civicweb.net/Portal/,https://montague.civicweb.net/FileStorage/590C82F69BAB4DD2BC8EB1448FA158FC-KPMG%20Audit%20Findings.pdf,2026-05-28,https://montague.civicweb.net/document/32300,2025-01-21,PDF,PDF,Active CivicWeb portal,,,,,,,
MOONBEAM TP,MOONBEAM,Lower,custom_html_pdf,https://moonbeam.ca/en/municipalite/conseil-comites-et-elections,https://moonbeam.ca/en/municipalite/conseil-comites-et-elections,https://moonbeam.ca/en/municipalite/conseil-comites-et-elections,https://vplus-documents.s3.ca-central-1.amazonaws.com/moonbeam/_publication/fichiers/Calendrier%20des%20runions%20du%20conseil%20municipal_2026(1).pdf,2026-05-28,https://moonbeam.ca/wp-content/uploads/2025/02/Agenda-Feb-11-2025.pdf,2025-02-11,PDF,PDF,Manual website; specific files hard to scrape,,,,,,,
MOOSONEE TP,MOOSONEE,Lower,custom_html_pdf,https://www.moosonee.ca/minutes/,https://www.moosonee.ca/meeting-agendas/,https://www.moosonee.ca/minutes/,https://www.moosonee.ca/wp-content/uploads/2026/05/SPECIAL-MEETING-AGENDA-PACKAGE.pdf,2026-05-28,https://www.moosonee.ca/wp-content/uploads/2025/02/Agenda-2025-02-11.pdf,2025-02-11,PDF,PDF,Manual PDF repository sorted by year,,,,,,,
MORLEY TP,MORLEY,Lower,custom_html_pdf,https://townshipofmorley.ca/council-minutes/,https://townshipofmorley.ca/council-minutes/,https://townshipofmorley.ca/council-minutes/,https://townshipofmorley.ca/wp-content/uploads/2025/02/1.-JAN.-13-2025.pdf,2026-05-28,,,PDF,PDF,Manual PDF list,,,,,,,
MORRIS TURNBERRY M,MORRIS TURNBERRY,Lower,custom_html_pdf,https://morristurnberry.ca/government/agendas-minutes,https://morristurnberry.ca/government/agendas-minutes,https://morristurnberry.ca/government/agendas-minutes,https://morristurnberry.ca/content/government/2022-municipal-election/results-3.pdf,2026-05-28,https://morristurnberry.ca/images/agendas/2025/Agenda-Dec-16.pdf,2025-12-16,PDF,PDF,Manual PDF uploads,,,,,,,
MULMUR TP,MULMUR,Lower,custom_html_pdf,https://mulmur.ca/town-hall/agendas-minutes,https://mulmur.ca/town-hall/agendas-minutes,https://mulmur.ca/town-hall/agendas-minutes,https://mulmur.ca/content/town-hall/agendas-minutes/mansfield-parks-advisory-committee/2026-03-10-parks-minutes.pdf,2026-05-28,https://mulmur.ca/content/agendas/2025/Agenda-Jan-14-2026.pdf,2026-01-14,PDF,PDF,Manual PDF uploads,,,,,,,
MUSKOKA LAKES TP,MUSKOKA LAKES,Lower,civicweb,https://muskokalakes.civicweb.net/Portal/,https://muskokalakes.civicweb.net/Portal/,https://muskokalakes.civicweb.net/Portal/,https://muskokalakes.civicweb.net/Portal/,2025-11-13,https://muskokalakes.civicweb.net/document/55250,2025-12-11,PDF,PDF,Active CivicWeb portal,,,,,,,
NAIRN AND HYMAN TP,NAIRN AND HYMAN,Lower,custom_html_pdf,https://nairncentre.ca/category/agendas-minutes/,https://nairncentre.ca/council/minutes/,https://nairncentre.ca/category/agendas-minutes/,https://nairncentre.ca/wp-content/uploads/2026/02/Revised-Building-Permit-Application-Nairn.pdf,2026-05-28,https://nairncentre.ca/wp-content/uploads/2025/12/Agenda-Dec-08-2025.pdf,2025-12-08,PDF,PDF,WordPress Category Blog,,,,,,,
NEEBING M,NEEBING,Lower,custom_html_pdf,https://www.neebing.org/your-local-government/agendas-and-minutes-council-meetings/,https://www.neebing.org/en/town-hall/agendas-and-minutes.aspx,https://www.neebing.org/your-local-government/agendas-and-minutes-council-meetings/,https://www.neebing.org/en/your-local-government/resources/By-Laws-and-Policies/2019-007-amd-procedure-bylaw.pdf,2026-05-28,,,2026-01-05,PDF,PDF,eSolutionsGroup Calendar,,,,,,
NEW TECUMSETH TP,NEW TECUMSETH,Lower,civicweb,https://newtecumseth.civicweb.net/portal/,https://newtecumseth.civicweb.net/portal/,https://newtecumseth.civicweb.net/portal/,https://newtecumseth.civicweb.net/document/99201,2024-08-12,https://newtecumseth.civicweb.net/document/99500,2025-01-13,PDF,PDF,Active CivicWeb portal,,,,,,,
NEWBURY TP,NEWBURY,Lower,custom_html_pdf,https://newbury.ca/council-and-administration/minutes-and-agendas/,https://www.thecounty.ca/government/council-committee-meetings/,https://newbury.ca/council-and-administration/minutes-and-agendas/,https://www.thecounty.ca/wp-content/uploads/2025/07/Statutory-and-Advisory-Boards-and-Committees-2026-Meeting-Schedule-revised-2026-04-23.pdf,2026-05-28,https://newbury.ca/wp-content/uploads/2025/01/Agenda-Jan-13-2025.pdf,2025-01-13,PDF,PDF,Manual PDF uploads,,,,,,,
NEWMARKET TP,NEWMARKET,Lower,escribe,https://pub-newmarket.escribemeetings.com/,https://pub-newmarket.escribemeetings.com/,https://pub-newmarket.escribemeetings.com/,https://pub-newmarket.escribemeetings.com/FileStream.ashx?DocumentId=57052,2026-05-28,https://pub-newmarket.escribemeetings.com/FileStream.ashx?DocumentId=110300,2025-01-20,PDF,HTML,Active Escribe portal,,,,,,,
NIAGARA FALLS C,NIAGARA FALLS,Lower,custom_html_pdf,https://niagarafalls.ca/city-hall/council/agendas-and-minutes.aspx,https://pub-niagararegion.escribemeetings.com/,https://niagarafalls.ca/city-hall/council/agendas-and-minutes.aspx,https://pub-niagararegion.escribemeetings.com/FileStream.ashx?DocumentId=48766,2026-05-28,https://niagarafalls.ca/pdf/council/agendas/2025/council-agenda-2025-01-14.pdf,2025-01-14,PDF,PDF,Manual PDF repository,,,,,,,
NIAGARA ON THE LAKE TP,NIAGARA ON THE LAKE,Lower,civicweb,https://notl.civicweb.net/Portal/,https://www.notl.com/council-government/meetings-agendas-minutes,https://notl.civicweb.net/Portal/,https://www.notl.com/sites/default/files/2025-11/2026%20Meeting%20Schedule_2.pdf,2026-05-28,https://notl.civicweb.net/document/21300,2025-01-28,PDF,PDF,Active CivicWeb portal,,,,,,,
NIPIGON TP,NIPIGON,Lower,civicweb,https://nipigon.civicweb.net/Portal/,https://www.nipigon.net/town-hall/municipal-government/council-committee-minutes,https://nipigon.civicweb.net/Portal/,https://www.nipigon.net/images/Audio-Video_Recording_Policy.pdf,2026-05-28,https://nipigon.civicweb.net/document/32200,2025-01-21,PDF,PDF,Active CivicWeb portal,,,,,,,
NIPISSING TP,NIPISSING,Lower,custom_html_pdf,https://nipissingtownship.com/council-meeting-dates-agendas-minutes/,https://nipissingtownship.com/council/minutes/,https://nipissingtownship.com/council-meeting-dates-agendas-minutes/,https://nipissingtownship.com/wp-content/uploads/2026/04/2025-12-31-Township-of-Nipissing-FS.pdf,2026-05-28,https://nipissingtownship.com/wp-content/uploads/2025/01/Agenda-2025-01-14.pdf,2025-01-14,PDF,PDF,Manual PDF list,,,,,,,
NORFOLK,NORFOLK,Single,escribe,https://pub-norfolkcounty.escribemeetings.com/,https://engagenorfolk.ca/growth-management-study/notice-of-special-council-meeting,https://pub-norfolkcounty.escribemeetings.com/,https://pub-norfolkcounty.escribemeetings.com/FileStream.ashx?DocumentId=22936,2026-05-28,https://pub-norfolkcounty.escribemeetings.com/FileStream.ashx?DocumentId=45400,2025-01-14,PDF,HTML,Active Escribe portal,,,,,,,
NORTH ALGONA WILBERFORCE TP,NORTH ALGONA WILBERFORCE,Lower,custom_html_pdf,http://nalgonawil.com/council-2/,http://nalgonawil.com/council-2/,http://nalgonawil.com/council-2/,http://nalgonawil.com/wp-content/uploads/2024/12/Minutes-Dec-19-2024.pdf,2024-12-19,http://nalgonawil.com/wp-content/uploads/2025/01/Agenda-Jan-21-2025.pdf,2025-01-21,PDF,PDF,Manual PDF list; very basic site,,,,,,,
NORTH BAY C,NORTH BAY,Single,escribe,https://pub-northbay.escribemeetings.com/,https://pub-northbay.escribemeetings.com/,https://pub-northbay.escribemeetings.com/,https://pub-northbay.escribemeetings.com/FileStream.ashx?DocumentId=38948,2026-05-28,https://pub-northbay.escribemeetings.com/FileStream.ashx?DocumentId=12350,2025-01-14,PDF,HTML,Active Escribe portal,,,,,,,
NORTH DUMFRIES TP,NORTH DUMFRIES,Lower,custom_html_pdf,https://calendar.northdumfries.ca/council,https://www.northdumfries.ca/township-services/mayor-and-council/committees/,https://calendar.northdumfries.ca/council,https://www.northdumfries.ca/media/pogmpd0h/2025-08-21-heritage-advisory-committee-terms-of-reference.pdf,2026-05-28,https://calendar.northdumfries.ca/council/Detail/2025-01-13-1900-Council-Meeting/Agenda-2025-01-13.pdf,2025-01-13,PDF,PDF,Uses eSolutionsGroup calendar,,,,,,,
NORTH DUNDAS TP,NORTH DUNDAS,Lower,escribe,https://pub-northdundas.escribemeetings.com/,https://pub-northdundas.escribemeetings.com/,https://pub-northdundas.escribemeetings.com/,https://pub-northdundas.escribemeetings.com/,2024-12-12,https://pub-northdundas.escribemeetings.com/FileStream.ashx?DocumentId=10350,2025-01-16,PDF,HTML,Active Escribe portal,,,,,,,
NORTH FRONTENAC TP,NORTH FRONTENAC,Lower,civicweb,https://northfrontenac.civicweb.net/Portal/,https://northfrontenac.civicweb.net/Portal/,https://northfrontenac.civicweb.net/Portal/,https://northfrontenac.civicweb.net/Portal/,2024-12-13,https://northfrontenac.civicweb.net/document/20300,2025-01-17,PDF,PDF,Active CivicWeb portal,,,,,,,
NORTH GLENGARRY TP,NORTH GLENGARRY,Lower,escribe,https://pub-northglengarry.escribemeetings.com/,https://www.northglengarry.ca/government/council-meeting-information/,https://pub-northglengarry.escribemeetings.com/,https://www.northglengarry.ca/media/ac3i0itr/2020-12-14-council-a.pdf,2026-05-28,https://pub-northglengarry.escribemeetings.com/FileStream.ashx?DocumentId=5520,2025-01-13,PDF,HTML,Active Escribe portal,,,,,,,
NORTH GRENVILLE M,NORTH GRENVILLE,Lower,escribe,https://pub-northgrenville.escribemeetings.com/,https://www.northgrenville.ca/community-and-culture/resources/community-events,https://pub-northgrenville.escribemeetings.com/,https://www.northgrenville.ca/community-and-culture/resources/community-events,2024-12-17,https://pub-northgrenville.escribemeetings.com/FileStream.ashx?DocumentId=15200,2025-01-14,PDF,HTML,Active Escribe portal,,,,,,,
NORTH HURON TP,NORTH HURON,Lower,escribe,https://pub-northhuron.escribemeetings.com/,https://calendar.northhuron.ca/?_mid_=78865,https://pub-northhuron.escribemeetings.com/,https://www.northhuron.ca/media/aleaskpu/2026-04-23-lc01-notice-of-nomination-for-office.pdf,2026-05-28,https://pub-northhuron.escribemeetings.com/FileStream.ashx?DocumentId=21250,2025-01-20,PDF,HTML,Active Escribe portal,,,,,,,
NORTH KAWARTHA TP,NORTH KAWARTHA,Lower,escribe,https://pub-northkawartha.escribemeetings.com/,https://www.northkawartha.ca/your-local-government/council-meeting-information/agendas-and-minutes/,https://pub-northkawartha.escribemeetings.com/,https://www.northkawartha.ca/media/1arbdcxg/by-law-2025-0050-procedure-by-law.pdf,2026-05-28,https://pub-northkawartha.escribemeetings.com/FileStream.ashx?DocumentId=11200,2025-01-21,PDF,HTML,Active Escribe portal,,,,,,,
NORTH MIDDLESEX M,NORTH MIDDLESEX,Lower,civicweb,https://northmiddlesex.civicweb.net/Portal/,https://pub-northmiddlesex.escribemeetings.com/,https://northmiddlesex.civicweb.net/Portal/,https://pub-northmiddlesex.escribemeetings.com:443/FileStream.ashx?DocumentId=19675,2026-05-28,https://northmiddlesex.civicweb.net/document/33500,2025-01-15,PDF,PDF,Active CivicWeb portal,,,,,,,
NORTH PERTH M,NORTH PERTH,Lower,civicweb,https://northperth.civicweb.net/Portal/,https://www.northperth.ca/municipal-government/mayor-and-council/agendas-and-minutes/,https://northperth.civicweb.net/Portal/,https://www.northperth.ca/media/izgb15tg/agenda-package-dei-advisory-committee_nov18_2025.pdf,2026-05-28,https://northperth.civicweb.net/document/56400,2025-01-13,PDF,PDF,Active CivicWeb portal,,,,,,,
NORTH STORMONT TP,NORTH STORMONT,Lower,escribe,https://pub-northstormont.escribemeetings.com/,https://stclair.civicweb.net/Portal/,https://pub-northstormont.escribemeetings.com/,https://stclair.civicweb.net/Portal/,2024-12-10,https://pub-northstormont.escribemeetings.com/FileStream.ashx?DocumentId=5350,2025-01-14,PDF,HTML,Active Escribe portal,,,,,,,
NORTHEASTERN MANITOULIN AND THE ISLANDS TP,NORTHEASTERN MANITOULIN AND THE ISLANDS,Lower,custom_html_pdf,https://www.townofnemi.on.ca/council/minutes-agendas/,https://www.townofnemi.on.ca/p/meeting-minutes-agendas,https://www.townofnemi.on.ca/council/minutes-agendas/,https://www.townofnemi.on.ca/p/downloads-documents,2026-05-28,https://www.townofnemi.on.ca/wp-content/uploads/2025/01/Agenda-January-7-2025.pdf,2025-01-07,PDF,PDF,Manual PDF uploads,,,,,,,
NORTHERN BRUCE PENINSULA M,NORTHERN BRUCE PENINSULA,Lower,civicweb,https://northbrucepeninsula.civicweb.net/Portal/,https://www.northbrucepeninsula.ca/government/council-committees/,https://northbrucepeninsula.civicweb.net/Portal/,https://www.northbrucepeninsula.ca/media/cpwfcmci/declaration-of-pecuniary-interest-november-22-2021.pdf,2026-05-28,https://northbrucepeninsula.civicweb.net/document/81500,2025-01-13,PDF,PDF,Active CivicWeb portal,,,,,,,
NORWICH TP,NORWICH,Lower,civicweb,https://norwich.civicweb.net/Portal/,https://norwich.civicweb.net/document/98518/,https://norwich.civicweb.net/Portal/,"https://norwich.civicweb.net/FileStorage/8168EB35A78B4B3288615EA2023E5B8E-Minutes%20-%20September%2023,%202025%20-A.pdf",2026-05-28,https://norwich.civicweb.net/document/54350,2025-01-14,PDF,PDF,Active CivicWeb portal,,,,,,,
O TMCONNOR TP,O'CONNOR,Lower,custom_html_pdf,https://oconnortownship.ca/government/council-meetings/,https://www.oconnortownship.ca/municipal-office/council/council-agendas/,https://oconnortownship.ca/government/council-meetings/,https://www.oconnortownship.ca/wp-content/uploads/August-10-2020-a.pdf,2026-05-28,https://oconnortownship.ca/wp-content/uploads/2025/01/Agenda-January-13-2025.pdf,2025-01-13,PDF,PDF,Manual PDF uploads; ID typo in source (O'Connor),,,,,,,
OAKVILLE TP,OAKVILLE,Lower,escribe,https://pub-oakville.escribemeetings.com/,https://pub-oakville.escribemeetings.com/,https://pub-oakville.escribemeetings.com/,https://pub-oakville.escribemeetings.com/FileStream.ashx?DocumentId=98603,2026-05-28,https://pub-oakville.escribemeetings.com/FileStream.ashx?DocumentId=62400,2025-01-20,PDF,HTML,Active Escribe portal,,,,,,,
OIL SPRINGS TP,OIL SPRINGS,Lower,custom_html_pdf,https://oilsprings.ca/village-office/minutes-and-agendas/,https://oilsprings.ca/municipal-office/mayor-and-council/agendas-and-minutes/,https://oilsprings.ca/village-office/minutes-and-agendas/,http://calendar.oilsprings.ca/meetings/Download?StartDate=05/01/2026&EndDate=05/31/2026,2026-05-28,https://oilsprings.ca/wp-content/uploads/2025/01/Agenda-Jan-14-2025.pdf,2025-01-14,PDF,PDF,Manual PDF repository,,,,,,,
OLIVER PAIPOONGE M,OLIVER PAIPOONGE,Lower,civicweb,https://oliverpaipoonge.civicweb.net/Portal/,https://oliverpaipoonge.civicweb.net/Portal/,https://oliverpaipoonge.civicweb.net/Portal/,https://oliverpaipoonge.civicweb.net/Portal/,2024-12-10,https://oliverpaipoonge.civicweb.net/document/8250,2025-01-14,PDF,PDF,Active CivicWeb portal,,,,,,,
OPASATIKA TP,OPASATIKA,Lower,custom_html_pdf,https://opasatika.ca/council-minutes/,https://www.opasatika.net/en/conseil-municipal,https://opasatika.ca/council-minutes/,https://www.opasatika.net/en/_files/ugd/3e1323_d04e03980ca5421d907f59631ba0a8db.pdf,2026-05-28,,,PDF,PDF,Manual PDF uploads,,,,,,,
ORANGEVILLE TP,ORANGEVILLE,Lower,civicweb,https://orangeville.civicweb.net/Portal/,https://calendar.orangeville.ca/meetings,https://orangeville.civicweb.net/Portal/,https://www.orangeville.ca/en/doing-business/resources/Documents/Procurement Policy 2023 Final.pdf,2026-05-28,https://orangeville.civicweb.net/document/75400,2025-01-13,PDF,PDF,Active CivicWeb portal,,,,,,,
ORILLIA C,ORILLIA,Single,civicweb,https://orillia.civicweb.net/Portal/,https://orillia.civicweb.net/Portal/,https://orillia.civicweb.net/Portal/,https://orillia.civicweb.net/Portal/,2024-12-09,https://orillia.civicweb.net/document/122500,2025-01-16,PDF,PDF,Active CivicWeb portal,,,,,,,
ORO MEDONTE TP,ORO MEDONTE,Lower,civicweb,https://oromedonte.civicweb.net/Portal/,https://oromedonte.civicweb.net/Portal/MeetingInformation.aspx?Org=Cal&Id=1442,https://oromedonte.civicweb.net/Portal/,https://oromedonte-003-ca.govstack.com/media/bihjfxvl/council-meeting-request-form.pdf,2026-05-28,https://oromedonte.civicweb.net/document/131500,2025-01-15,PDF,PDF,Active CivicWeb portal,,,,,,,
OSHAWA C,OSHAWA,Lower,escribe,https://pub-oshawa.escribemeetings.com/,https://pub-oshawa.escribemeetings.com/Meeting.aspx?Id=840db6e0-8adb-46f9-8554-a5799f22eead&Agenda=Agenda&lang=English,https://pub-oshawa.escribemeetings.com/,https://www.oshawa.ca/en/Document-Feeds/By-law-Library/Transporation-and-Parking/RegulateSkateboardsandBicyclesBy-law78-91.pdf,2026-05-28,https://pub-oshawa.escribemeetings.com/FileStream.ashx?DocumentId=13250,2025-01-20,PDF,HTML,Active Escribe portal,,,,,,,
OTONABEE SOUTH MONAGHAN TP,OTONABEE SOUTH MONAGHAN,Lower,civicweb,https://otonabee.civicweb.net/Portal/,https://otonabee.civicweb.net/Portal/,https://otonabee.civicweb.net/Portal/,https://otonabee.civicweb.net/document/32200,2024-12-09,https://otonabee.civicweb.net/document/32400,2025-01-13,PDF,PDF,Active CivicWeb portal,,,,,,,
OTTAWA C,OTTAWA,Single,escribe,https://pub-ottawa.escribemeetings.com/,https://pub-ottawa.escribemeetings.com/,https://pub-ottawa.escribemeetings.com/,https://pub-ottawa.escribemeetings.com/,2024-12-11,https://pub-ottawa.escribemeetings.com/FileStream.ashx?DocumentId=156200,2025-01-22,PDF,HTML,Active Escribe portal; Bilingual,,,,,,,
OWEN SOUND C,OWEN SOUND,Lower,escribe,https://pub-owensound.escribemeetings.com/,https://pub-owensound.escribemeetings.com/Meeting.aspx?Id=8fd4c38d-0d39-43e9-ac9a-562c572d9cef&Agenda=Agenda&lang=English,https://pub-owensound.escribemeetings.com/,https://www.unicef.ca/sites/default/files/2024-01/UNICEF_Canada_Policy_Brief_CCB_Supplement.pdf,2026-05-28,https://pub-owensound.escribemeetings.com/FileStream.ashx?DocumentId=41450,2025-01-13,PDF,HTML,Active Escribe portal,,,,,,,
PAPINEAU CAMERON TP,PAPINEAU CAMERON,Lower,custom_html_pdf,https://papineaucameron.ca/council/minutes-agendas/,https://papineaucameron.ca/council/minutes-agendas/,https://papineaucameron.ca/council/minutes-agendas/,http://papineaucameron.ca/wp-content/uploads/2021/08/Cameron-OP-2021-07-04-Land-Use-Map.pdf,2026-05-28,https://papineaucameron.ca/wp-content/uploads/2025/01/Agenda-Jan-14-2025.pdf,2025-01-14,PDF,PDF,Manual PDF uploads,,,,,,,
PARRY SOUND TP,PARRY SOUND,Lower,civicweb,https://parrysound.civicweb.net/Portal/,https://callander.civicweb.net/document/147480/Regular%20Council%20-%2013%20Jan%202026.docx?handle=A01F774A4C024EF8AF05CA8FCCE89E32,https://parrysound.civicweb.net/Portal/,https://callander.civicweb.net/FileStorage/9634772F2E694BCFAAB36540CE976A41-WRLC%20November%2013%202025%20Meeting%20Minutes.pdf,2026-05-28,https://parrysound.civicweb.net/document/51300,2025-01-07,PDF,PDF,Active CivicWeb portal,,,,,,,
PELEE TP,PELEE,Lower,custom_html_pdf,https://www.pelee.org/local-government/council-minutes/,https://www.pelee.org/local-government/council-minutes/,https://www.pelee.org/local-government/council-minutes/,https://www.pelee.org/wp-content/uploads/2026/04/4A-Regular-Council-minutes-March-10-2026.pdf,2026-05-28,https://www.pelee.org/wp-content/uploads/2025/01/Agenda-Jan-14-2025.pdf,2025-01-14,PDF,PDF,Manual PDF repository,,,,,,,
PELHAM TP,PELHAM,Lower,escribe,https://pub-pelham.escribemeetings.com/,https://www.pelham.ca/pelham-government/council/council-meetings/,https://pub-pelham.escribemeetings.com/,https://www.pelham.ca/media/wkmloh0s/2026-01-26-consolidated-4507-2022-procedural-by-law.pdf,2026-05-28,https://pub-pelham.escribemeetings.com/FileStream.ashx?DocumentId=32400,2025-01-15,PDF,HTML,Active Escribe portal,,,,,,,
PEMBROKE C,PEMBROKE,Lower,escribe,https://pub-pembroke.escribemeetings.com/,http://calendar.pembroke.ca/,https://pub-pembroke.escribemeetings.com/,http://calendar.pembroke.ca/default/Download?StartDate=04/01/2026&EndDate=04/30/2026,2026-04-09,https://pub-pembroke.escribemeetings.com/FileStream.ashx?DocumentId=22300,2025-01-07,PDF,HTML,Active Escribe portal,eSolutionsGroup Calendar,,,,,,
PENETANGUISHENE TP,PENETANGUISHENE,Lower,civicweb,https://penetanguishene.civicweb.net/Portal/,https://penetanguishene.civicweb.net/filepro/documents/299622/,https://penetanguishene.civicweb.net/Portal/,https://penetanguishene.civicweb.net/filepro/document/310224/Special Council - 28 Sep 2022 - Minutes - Pdf.pdf,2026-05-28,https://penetanguishene.civicweb.net/document/122500,2025-01-08,PDF,PDF,Active CivicWeb portal,,,,,,,
PERRY TP,PERRY,Lower,custom_html_pdf,https://townshipofperry.ca/council-administration/council-meetings/,https://townshipofperry.ca/agendas-minutes/,https://townshipofperry.ca/council-administration/council-meetings/,https://townshipofperry.ca/wp-content/uploads/2026/05/2026-05-27-Special-Meeting.pdf,2026-05-28,https://townshipofperry.ca/wp-content/uploads/2025/01/Agenda-Jan-15-2025.pdf,2025-01-15,PDF,PDF,Manual PDF uploads,,,,,,,
PERTH EAST TP,PERTH EAST,Lower,civicweb,https://pertheast.civicweb.net/Portal/,https://www.perth.ca/our-government/mayor-and-council/agendas-and-minutes/,https://pertheast.civicweb.net/Portal/,https://www.perth.ca/media/krvd5yix/2026-council-_-committee-calendar.pdf,2026-05-28,https://pertheast.civicweb.net/document/32500,2025-01-07,PDF,PDF,Active CivicWeb portal,,,,,,,
PERTH SOUTH TP,PERTH SOUTH,Lower,civicweb,https://perthsouth.civicweb.net/Portal/,https://pertheast.civicweb.net/Portal/,https://perthsouth.civicweb.net/Portal/,https://pertheast.civicweb.net/Portal/,2024-12-03,https://perthsouth.civicweb.net/document/18450,2025-01-14,PDF,PDF,Active CivicWeb portal,,,,,,,
PERTH TP,PERTH,Lower,civicweb,https://perth.civicweb.net/Portal/,https://www.perth.ca/our-government/committees-and-boards/agendas-and-minutes/,https://perth.civicweb.net/Portal/,https://www.perth.ca/media/krvd5yix/2026-council-_-committee-calendar.pdf,2026-05-28,https://perth.civicweb.net/document/55300,2025-01-14,PDF,PDF,Active CivicWeb portal,,,,,,,
PETAWAWA TP,PETAWAWA,Lower,civicweb,https://petawawa.civicweb.net/Portal/,https://petawawa.ca/town-hall/council-and-committees/,https://petawawa.civicweb.net/Portal/,https://petawawa.ca/wp-content/uploads/2025/02/Mayor-CertificateRequestForm2024-fillablepdf.pdf,2026-05-28,https://petawawa.civicweb.net/document/61200,2025-01-06,PDF,PDF,Active CivicWeb portal,,,,,,,
PETERBOROUGH C,PETERBOROUGH,Single,escribe,https://pub-peterborough.escribemeetings.com/,https://pub-peterborough.escribemeetings.com/,https://pub-peterborough.escribemeetings.com/,https://pub-peterborough.escribemeetings.com/FileStream.ashx?DocumentId=42220,2026-05-28,https://pub-peterborough.escribemeetings.com/FileStream.ashx?DocumentId=40750,2025-01-13,PDF,HTML,Active Escribe portal,,,,,,,
PETROLIA TP,PETROLIA,Lower,civicweb,https://petrolia.civicweb.net/Portal/,https://petrolia.civicweb.net/Portal/,https://petrolia.civicweb.net/Portal/,https://petrolia.civicweb.net/Portal/,2024-12-09,https://petrolia.civicweb.net/document/29300,2025-01-13,PDF,PDF,Active CivicWeb portal,,,,,,,
PICKERING C,PICKERING,Lower,escribe,https://pub-pickering.escribemeetings.com/,https://pub-pickering.escribemeetings.com/Meeting.aspx?Id=ff17ee73-9116-4a86-a30c-826c91f99d3c&Agenda=Agenda&lang=English,https://pub-pickering.escribemeetings.com/,https://pub-pickering.escribemeetings.com/FileStream.ashx?DocumentId=4601,2026-05-28,https://pub-pickering.escribemeetings.com/FileStream.ashx?DocumentId=38450,2025-01-27,PDF,HTML,Active Escribe portal,,,,,,,
PICKLE LAKE TP,PICKLE LAKE,Lower,custom_html_pdf,https://picklelake.ca/local-government/minutes-agendas/,https://picklelake.ca/meeting-agendas/,https://picklelake.ca/local-government/minutes-agendas/,https://picklelake.ca/wp-content/uploads/2026/05/2026.05.26-Agenda-for-the-Regular-Meeting-of-Council.pdf,2026-05-28,https://picklelake.ca/wp-content/uploads/2025/01/Agenda-2025-01-14.pdf,2025-01-14,PDF,PDF,Manual PDF repository,eSolutionsGroup Calendar,,,,,,
PLUMMER ADDITIONAL TP,PLUMMER ADDITIONAL,Lower,custom_html_pdf,https://plummertownship.ca/council/minutes-agendas/,https://plummertownship.ca/council/minutes-agendas/,https://plummertownship.ca/council/minutes-agendas/,https://plummertownship.ca/wp-content/uploads/2026/05/Agenda-2026-05-20.pdf,2026-05-28,https://plummertownship.ca/wp-content/uploads/2025/01/Agenda-Jan-15-2025.pdf,2025-01-15,PDF,PDF,Manual PDF list,,,,,,,
PLYMPTON WYOMING TP,PLYMPTON WYOMING,Lower,civicweb,https://plymptonwyoming.civicweb.net/Portal/,https://www.plympton-wyoming.com/,https://plymptonwyoming.civicweb.net/Portal/,https://www.plympton-wyoming.com/media/cuiayndc/important-notice-to-residents-start-of-construction.pdf,2026-04-27,https://plymptonwyoming.civicweb.net/document/32400,2025-01-08,PDF,PDF,Active CivicWeb portal,,,,,,,
POINT EDWARD TP,POINT EDWARD,Lower,custom_html_pdf,https://villageofpointedward.com/council/minutes-agendas/,https://www.thecounty.ca/government/council-committee-meetings/,https://villageofpointedward.com/council/minutes-agendas/,https://www.thecounty.ca/wp-content/uploads/2025/07/Statutory-and-Advisory-Boards-and-Committees-2026-Meeting-Schedule-revised-2026-04-23.pdf,2026-05-28,https://villageofpointedward.com/wp-content/uploads/2025/01/Agenda-Jan-14-2025.pdf,2025-01-14,PDF,PDF,Manual PDF repository,,,,,,,
PORT COLBORNE C,PORT COLBORNE,Lower,civicweb,https://portcolborne.civicweb.net/Portal/,https://www.portcolborne.ca/en/city-hall/council-meetings.aspx,https://portcolborne.civicweb.net/Portal/,https://www.portcolborne.ca/New%20-%20Procedural%20Bylaw.pdf,2026-05-28,https://portcolborne.civicweb.net/document/55400,2025-01-14,PDF,PDF,Active CivicWeb portal,,,,,,,
PORT HOPE M,PORT HOPE,Lower,civicweb,https://porthope.civicweb.net/Portal/,https://pub-porthope.escribemeetings.com/Meeting.aspx?Id=b3e14af2-fd4b-446b-bd97-965ae56e1df0&Agenda=Agenda&lang=English,https://porthope.civicweb.net/Portal/,https://www.porthope.ca/en/your-municipal-government/resources/By-Laws/By-Laws/_Frequently-Requested-By-Laws/By-law%2080-2024%20-%20Procedural%20By-law.pdf,2026-05-28,https://porthope.civicweb.net/document/122500,2025-01-14,PDF,PDF,Active CivicWeb portal,,,,,,,
POWASSAN M,POWASSAN,Lower,escribe,https://pub-powassan.escribemeetings.com/,https://www.powassan.net/content/municipal-services/minutes-agendas,https://pub-powassan.escribemeetings.com/,https://www.powassan.net/Uploads/Documents/MunicipalServices/Council/2023 Council Remuneration.pdf,2026-05-28,https://pub-powassan.escribemeetings.com/FileStream.ashx?DocumentId=12250,2025-01-07,PDF,HTML,Active Escribe portal,,,,,,,
PRESCOTT TP,PRESCOTT,Lower,civicweb,https://prescott.civicweb.net/Portal/,https://www.prescott.ca/town-hall/agendas-minutes/,https://prescott.civicweb.net/Portal/,https://www.prescott.ca/media/d11m1ggd/2021-12-13-council-minutes.pdf,2026-05-28,https://prescott.civicweb.net/document/42400,2025-01-13,PDF,PDF,Active CivicWeb portal,,,,,,,
PRINCE EDWARD,PRINCE EDWARD,Single,escribe,https://pub-pec.escribemeetings.com/,https://pub-pec.escribemeetings.com/,https://pub-pec.escribemeetings.com/,https://pub-pec.escribemeetings.com/,2024-12-17,https://pub-pec.escribemeetings.com/FileStream.ashx?DocumentId=65500,2025-01-14,PDF,HTML,Active Escribe portal,,,,,,,
PRINCE TP,PRINCE,Lower,custom_html_pdf,https://www.princetwp.ca/government/minutes-agendas/,https://www.thecounty.ca/government/council-committee-meetings/,https://www.princetwp.ca/government/minutes-agendas/,https://www.thecounty.ca/wp-content/uploads/2025/07/Statutory-and-Advisory-Boards-and-Committees-2026-Meeting-Schedule-revised-2026-04-23.pdf,2026-05-28,https://www.princetwp.ca/wp-content/uploads/2025/01/Agenda-Jan-14-2025.pdf,2025-01-14,PDF,PDF,Manual PDF uploads,,,,,,,
PUSLINCH TP,PUSLINCH,Lower,escribe,https://pub-puslinch.escribemeetings.com/,https://puslinch.ca/government/council/,https://pub-puslinch.escribemeetings.com/,https://puslinch.ca/wp-content/uploads/2024/12/Schedule-A-2025-Council-Committee-and-Budget-Meeting-Schedule.pdf,2026-05-28,https://pub-puslinch.escribemeetings.com/FileStream.ashx?DocumentId=21300,2025-01-08,PDF,HTML,Active Escribe portal,,,,,,,
QUINTE WEST C,QUINTE WEST,Single,escribe,https://pub-quintewest.escribemeetings.com/,https://quintewest.civicweb.net/Portal/,https://pub-quintewest.escribemeetings.com/,https://quintewest.civicweb.net/Portal/,2024-12-11,https://pub-quintewest.escribemeetings.com/FileStream.ashx?DocumentId=54500,2025-01-15,PDF,HTML,Active Escribe portal,,,,,,,
RAINY RIVER TP,RAINY RIVER,Lower,custom_html_pdf,https://www.rainyriver.ca/council/minutes-agendas/,https://www.rainyriver.ca/en/your-government/meetings-agendas,https://www.rainyriver.ca/council/minutes-agendas/,https://www.rainyriver.ca/uploads/meetings-agendas/2026/csl3-mar-9-26.pdf,2026-05-28,https://www.rainyriver.ca/wp-content/uploads/2025/01/Agenda-Jan-15-2025.pdf,2025-01-15,PDF,PDF,Manual PDF uploads,,,,,,,
RAMARA TP,RAMARA,Lower,civicweb,https://ramara.civicweb.net/Portal/,https://www.ramara.ca/municipal-office/council/council-and-committee-meetings/,https://ramara.civicweb.net/Portal/,https://www.ramara.ca/media/thzfarqj/2026-council_cow-meeting-schedule.pdf,2026-05-28,https://ramara.civicweb.net/document/142500,2025-01-20,PDF,PDF,Active CivicWeb portal,,,,,,,
RED LAKE M,RED LAKE,Lower,civicweb,https://redlake.civicweb.net/Portal/,https://pub-redlake.escribemeetings.com/,https://redlake.civicweb.net/Portal/,https://pub-redlake.escribemeetings.com/,2024-12-17,https://redlake.civicweb.net/document/21300,2025-01-21,PDF,PDF,Active CivicWeb portal,,,,,,,
RED ROCK TP,RED ROCK,Lower,custom_html_pdf,https://www.redrocktownship.com/town-hall/council/minutes-agendas,https://www.redrocktownship.com/town-hall/council/minutes-agendas,https://www.redrocktownship.com/town-hall/council/minutes-agendas,https://www.redrocktownship.com/wp-content/uploads/2024/12/Minutes-December-16-2024.pdf,2024-12-16,https://www.redrocktownship.com/wp-content/uploads/2025/01/Agenda-January-20-2025.pdf,2025-01-20,PDF,PDF,Manual PDF repository,,,,,,,
RENFREW TP,RENFREW,Lower,civicweb,https://renfrew.civicweb.net/Portal/,https://www.countyofrenfrew.on.ca/en/county-government/agendas-minutes-and-reports.aspx,https://renfrew.civicweb.net/Portal/,https://www.countyofrenfrew.on.ca/en/county-government/resources/Documents/153-24-Procedure-By-lawFINALAccessible.pdf,2026-05-28,https://renfrew.civicweb.net/document/65400,2025-01-14,PDF,PDF,Active CivicWeb portal,,,,,,,
RICHMOND HILL C,RICHMOND HILL,Lower,escribe,https://pub-richmondhill.escribemeetings.com/,https://www.richmondhill.ca/en/living-here/Council-Meetings-Agendas-and-Minutes.aspx,https://pub-richmondhill.escribemeetings.com/,https://www.richmondhill.ca/en/resources/By-law-125-23-Procedure-By-law-Accessible.pdf,2026-05-28,https://pub-richmondhill.escribemeetings.com/FileStream.ashx?DocumentId=110800,2025-01-22,PDF,HTML,Active Escribe portal,,,,,,,
RIDEAU LAKES TP,RIDEAU LAKES,Lower,escribe,https://pub-rideaulakes.escribemeetings.com/,https://pub-rideaulakes.escribemeetings.com/,https://pub-rideaulakes.escribemeetings.com/,https://pub-rideaulakes.escribemeetings.com/FileStream.ashx?DocumentId=14828,2026-06-01,https://pub-rideaulakes.escribemeetings.com/FileStream.ashx?DocumentId=35450,2025-01-06,PDF,HTML,Active Escribe portal,,,,,,,
RUSSELL TP,RUSSELL,Lower,escribe,https://pub-russell.escribemeetings.com/,https://russell.civicweb.net/filepro/documents/164704/,https://pub-russell.escribemeetings.com/,https://russell.civicweb.net/filepro/document/184003/Special Council Meeting - 2023-09-11 - Agenda - Pdf.pdf,2026-05-28,https://pub-russell.escribemeetings.com/FileStream.ashx?DocumentId=29300,2025-01-13,PDF,HTML,Active Escribe portal,,,,,,,
RYERSON TP,RYERSON,Lower,custom_html_pdf,https://ryersontownship.ca/council/agendas-minutes,https://ryersontownship.ca/council/agendas-minutes,https://ryersontownship.ca/council/agendas-minutes,https://www.ryersontownship.ca/content/departments/administration/permits/application-for-trailer-license-print-and-submit.pdf,2026-05-28,https://ryersontownship.ca/wp-content/uploads/2025/01/Agenda-Jan-14-2025.pdf,2025-01-14,PDF,PDF,Manual PDF uploads,,,,,,,
SABLES SPANISH RIVERS TP,SABLES SPANISH RIVERS,Lower,custom_html_pdf,https://sables-spanish.ca/council/council-meetings,https://sables-spanish.ca/council/council-meetings,https://sables-spanish.ca/council/council-meetings,https://www.sables-spanish.ca/wp-content/uploads/2026/01/2026-Recycling-Schedule-Sable-Spanish.pdf,2026-05-28,https://sables-spanish.ca/wp-content/uploads/2025/01/Agenda-Jan-08-2025.pdf,2025-01-08,PDF,PDF,Manual PDF repository,,,,,,,
SARNIA C,SARNIA,Single,escribe,https://pub-sarnia.escribemeetings.com/,https://sarnia.civicweb.net/Portal/,https://pub-sarnia.escribemeetings.com/,https://sarnia.civicweb.net/Portal/,2024-12-09,https://pub-sarnia.escribemeetings.com/FileStream.ashx?DocumentId=32350,2025-01-20,PDF,HTML,Active Escribe portal,,,,,,,
SAUGEEN SHORES TP,SAUGEEN SHORES,Lower,escribe,https://pub-saugeenshores.escribemeetings.com/,https://pub-saugeenshores.escribemeetings.com/,https://pub-saugeenshores.escribemeetings.com/,https://pub-saugeenshores.escribemeetings.com/,2024-12-16,https://pub-saugeenshores.escribemeetings.com/FileStream.ashx?DocumentId=41400,2025-01-13,PDF,HTML,Active Escribe portal,,,,,,,
SAULT STE MARIE C,SAULT STE MARIE,Single,custom_html_pdf,https://saultstemarie.ca/City-Hall/City-Council/Agenda-and-Minutes.aspx,https://saultstemarie.ca/government/city-council/council-agendas-minutes-and-schedule/,https://saultstemarie.ca/City-Hall/City-Council/Agenda-and-Minutes.aspx,https://saultstemarie.ca/wp-content/uploads/2024/12/2023-100-Council-Procedure.pdf,2026-05-28,https://saultstemarie.ca/Cityweb/media/City-Clerk/Council%20Agendas/2025/2025-01-13-Agenda.pdf,2025-01-13,PDF,PDF,Manual PDF repository; custom site,,,,,,,
SCHREIBER TP,SCHREIBER,Lower,civicweb,https://schreiber.civicweb.net/Portal/,https://schreiber.ca/council-meetings/,https://schreiber.civicweb.net/Portal/,https://schreiber.ca/wp-content/uploads/2026/02/Delegation-Request-Form.pdf,2026-05-28,https://schreiber.civicweb.net/document/21300,2025-01-14,PDF,PDF,Active CivicWeb portal,,,,,,,
SCUGOG TP,SCUGOG,Lower,escribe,https://pub-scugog.escribemeetings.com/,https://www.scugog.ca/council-and-administration/mayor-and-council/,https://pub-scugog.escribemeetings.com/,https://www.scugog.ca/media/pyfiarlx/2026-council-gpa-and-pca-meeting-schedule-5.pdf,2026-05-28,https://pub-scugog.escribemeetings.com/FileStream.ashx?DocumentId=12300,2025-01-20,PDF,HTML,Active Escribe portal,,,,,,,
SEGUIN TP,SEGUIN,Lower,escribe,https://pub-seguin.escribemeetings.com/,https://cityofseguintx.legistar.com/calendar.aspx,https://pub-seguin.escribemeetings.com/,https://cityofseguintx.legistar.com/View.ashx?M=IC&ID=1417048&GUID=EC2CDF49-6A7C-4249-8720-E31F388F9F86,2026-05-28,https://pub-seguin.escribemeetings.com/FileStream.ashx?DocumentId=15300,2025-01-13,PDF,HTML,Active Escribe portal,,,,,,,
SELWYN TP,SELWYN,Lower,escribe,https://pub-selwyn.escribemeetings.com/,https://www.selwyntownship.ca/local-government/council/,https://pub-selwyn.escribemeetings.com/,https://www.selwyntownship.ca/media/lxlnzlno/communicator2025_final.pdf,2026-05-28,https://pub-selwyn.escribemeetings.com/FileStream.ashx?DocumentId=29350,2025-01-14,PDF,HTML,Active Escribe portal,,,,,,,
SEVERN TP,SEVERN,Lower,escribe,https://pub-severn.escribemeetings.com/,https://severn.civicweb.net/Portal/,https://pub-severn.escribemeetings.com/,https://severn.civicweb.net/Portal/,2024-12-18,https://pub-severn.escribemeetings.com/FileStream.ashx?DocumentId=32400,2025-01-15,PDF,HTML,Active Escribe portal,,,,,,,
SHELBURNE TP,SHELBURNE,Lower,custom_html_pdf,https://www.shelburne.ca/en/town-hall/council-meetings.aspx,https://www.municipalityofshelburne.ca/council-meeting-minutes/,https://www.shelburne.ca/en/town-hall/council-meetings.aspx,https://www.municipalityofshelburne.ca/wp-content/uploads/2026/05/2026.05.27_Council-Package.pdf,2026-05-28,https://calendar.shelburne.ca/council/Detail/2025-01-13-1830-Regular-Council-Meeting/Agenda-2025-01-13.pdf,2025-01-13,PDF,PDF,Uses eSolutionsGroup calendar,,,,,,,
SHUNIAH M,SHUNIAH,Lower,custom_html_pdf,https://www.shuniah.org/council-meetings/,https://www.shuniah.org/,https://www.shuniah.org/council-meetings/,https://www.shuniah.org/wp-content/uploads/2026/04/Z25-6-APPLICATION.pdf,2026-05-28,https://www.shuniah.org/wp-content/uploads/2025/01/Agenda-Jan-14-2025.pdf,2025-01-14,PDF,PDF,Manual PDF repository,,,,,,,
SIOUX LOOKOUT M,SIOUX LOOKOUT,Lower,civicweb,https://siouxlookout.civicweb.net/Portal/,https://granicus-azmop-peak-attachments.s3.amazonaws.com/siouxlookout/9fc460f7ec496e243b0db1ad4431d4bf0.html,https://siouxlookout.civicweb.net/Portal/,https://d2wxwk5ilzon84.cloudfront.net/siouxlookout/115872722cfa6b10e7b025e364e668e70.pdf,2026-05-28,https://siouxlookout.civicweb.net/document/65400,2025-01-15,PDF,PDF,Active CivicWeb portal,,,,,,,
SIOUX NARROWS NESTOR FALLS TP,SIOUX NARROWS NESTOR FALLS,Lower,custom_html_pdf,https://snnf.ca/government/council-meetings/,https://www.snnf.ca/township-council,https://snnf.ca/government/council-meetings/,https://www.snnf.ca/api/media/file/Special%20Open%20Meeting%20Minutes%20-%20April%2028%2C%202026.pdf,2026-05-28,https://snnf.ca/wp-content/uploads/2025/01/Agenda-Jan-14-2025.pdf,2025-01-14,PDF,PDF,Manual PDF repository,,,,,,,
SMITHS FALLS TP,SMITHS FALLS,Lower,escribe,https://pub-smithsfalls.escribemeetings.com/,https://pub-smithsfalls.escribemeetings.com/,https://pub-smithsfalls.escribemeetings.com/,https://pub-smithsfalls.escribemeetings.com:443/FileStream.ashx?DocumentId=2789,2026-05-28,https://pub-smithsfalls.escribemeetings.com/FileStream.ashx?DocumentId=32300,2025-01-13,PDF,HTML,Active Escribe portal,,,,,,,
SMOOTH ROCK FALLS TP,SMOOTH ROCK FALLS,Lower,custom_html_pdf,https://www.smoothrockfalls.ca/town-hall/council/minutes-agendas,https://townofsmoothrockfalls.civicweb.net/Portal/,https://www.smoothrockfalls.ca/town-hall/council/minutes-agendas,https://docs.google.com/viewer?url=https%3A%2F%2Fsmoothrockfalls.ca%2Fwp-admin%2Fadmin-ajax.php%3Fjuwpfisadmin%3Dfalse%26action%3Dwpfd%26task%3Dfile.download%26wpfd_category_id%3D133%26wpfd_file_id%3D01BFZNUC2COH5MHIHMFNE3IPI3HZ27ECTH%26token%3Dbd5f527dbd6810bad11d43dd80fa49d8%26preview%3D1&embedded=true,2026-05-28,https://www.smoothrockfalls.ca/wp-content/uploads/2025/01/Agenda-Jan-20-2025.pdf,2025-01-20,PDF,PDF,Manual PDF uploads,,,,,,,
SOUTH ALGONQUIN TP,SOUTH ALGONQUIN,Lower,custom_html_pdf,https://www.southalgonquin.ca/council/minutes-agendas/,https://www.southalgonquin.ca/article/waste-collection-calendar/,https://www.southalgonquin.ca/council/minutes-agendas/,https://www.southalgonquin.ca/wp-content/uploads/2026/04/Waste-Collection-Calendar-2026-2-2.pdf,2026-05-28,https://www.southalgonquin.ca/wp-content/uploads/2025/01/Agenda-Jan-08-2025.pdf,2025-01-08,PDF,PDF,Manual PDF list,,,,,,,
SOUTH BRUCE M,SOUTH BRUCE,Lower,civicweb,https://southbruce.civicweb.net/Portal/,https://southbrucepeninsula.civicweb.net/document/111210/,https://southbruce.civicweb.net/Portal/,"https://southbrucepeninsula.civicweb.net/FileStorage/F6E92F6084DA47E7AA4D7FF470690E07-Unfinished%20Business%20August%206,%202024.pdf",2026-05-28,https://southbruce.civicweb.net/document/55300,2025-01-14,PDF,PDF,Active CivicWeb portal,,,,,,,
SOUTH BRUCE PENINSULA TP,SOUTH BRUCE PENINSULA,Lower,escribe,https://pub-southbrucepeninsula.escribemeetings.com/,https://southbrucepeninsula.civicweb.net/document/111210/,https://pub-southbrucepeninsula.escribemeetings.com/,"https://southbrucepeninsula.civicweb.net/FileStorage/F6E92F6084DA47E7AA4D7FF470690E07-Unfinished%20Business%20August%206,%202024.pdf",2026-05-28,https://pub-southbrucepeninsula.escribemeetings.com/FileStream.ashx?DocumentId=41400,2025-01-21,PDF,HTML,Active Escribe portal,,,,,,,
SOUTH DUNDAS M,SOUTH DUNDAS,Lower,escribe,https://pub-southdundas.escribemeetings.com/,https://www.southdundas.com/municipal-centre/council,https://pub-southdundas.escribemeetings.com/,https://www.southdundas.com/sites/3/files/2021-12/December-18-2018-Minutes.pdf,2026-05-28,https://pub-southdundas.escribemeetings.com/FileStream.ashx?DocumentId=12250,2025-01-13,PDF,HTML,Active Escribe portal,,,,,,,
SOUTH FRONTENAC TP,SOUTH FRONTENAC,Lower,civicweb,https://southfrontenac.civicweb.net/Portal/,https://www.southfrontenac.net/our-government/council-and-committees/,https://southfrontenac.civicweb.net/Portal/,https://www.southfrontenac.net/media/1gqnpvi1/by-law-2025-21-council-procedure-by-law.pdf,2026-05-28,https://southfrontenac.civicweb.net/document/211500,2025-01-14,PDF,PDF,Active CivicWeb portal,,,,,,,
SOUTH GLENGARRY TP,SOUTH GLENGARRY,Lower,escribe,https://pub-southglengarry.escribemeetings.com/,https://www.southglengarry.com/municipal-services/council-and-committee-meetings/agenda-and-minute-archive/,https://pub-southglengarry.escribemeetings.com/,https://www.southglengarry.com/media/deppr3d3/2022-12-19_agenda.pdf,2026-05-28,https://pub-southglengarry.escribemeetings.com/FileStream.ashx?DocumentId=29400,2025-01-20,PDF,HTML,Active Escribe portal,,,,,,,
SOUTH HURON M,SOUTH HURON,Lower,civicweb,https://southhuron.civicweb.net/Portal/,https://pub-southhuron.escribemeetings.com/Meeting.aspx?Id=a1099d87-0ebc-43ff-8915-3c101b733551&Agenda=Agenda,https://southhuron.civicweb.net/Portal/,https://granicus-azmop-peak.s3.ca-central-1.amazonaws.com/uploads/attachment/pdf/17256/2026-02-18_Council_Day_2_-_Minutes.pdf,2026-05-28,https://southhuron.civicweb.net/document/32350,2025-01-20,PDF,PDF,Active CivicWeb portal,,,,,,,
SOUTH RIVER TP,SOUTH RIVER,Lower,custom_html_pdf,https://southriver.ca/en/municipal-information/council-minutes-agendas,https://southriver.ca/en/municipal-information/council-minutes-agendas,https://southriver.ca/en/municipal-information/council-minutes-agendas,https://southriver.ca/uploads/May-26-2026.pdf,2026-05-28,https://southriver.ca/wp-content/uploads/2025/01/Agenda-Jan-13-2025.pdf,2025-01-13,PDF,PDF,"Manual PDF repository; ""Village of South River""",,,,,,,
SOUTH STORMONT TP,SOUTH STORMONT,Lower,escribe,https://pub-southstormont.escribemeetings.com/,https://stclair.civicweb.net/Portal/,https://pub-southstormont.escribemeetings.com/,https://stclair.civicweb.net/Portal/,2024-12-11,https://pub-southstormont.escribemeetings.com/FileStream.ashx?DocumentId=21200,2025-01-15,PDF,HTML,Active Escribe portal,,,,,,,
SOUTH WEST OXFORD TP,SOUTH WEST OXFORD,Lower,custom_html_pdf,https://www.swox.org/township-services/council/agendas-and-minutes/,https://www.swox.org/township-services/council/agendas-and-minutes/,https://www.swox.org/township-services/council/agendas-and-minutes/,https://www.swox.org/media/02qhkngv/2026-05-19-council-highlights.pdf,2026-05-28,https://www.swox.org/township-services/council/agendas-and-minutes/agenda-jan-07-2025.pdf,2025-01-07,PDF,PDF,Manual PDF uploads,,,,,,,
SOUTHGATE TP,SOUTHGATE,Lower,custom_html_pdf,https://www.southgate.ca/local-government/agendas-and-minutes/,https://pub-southgate.escribemeetings.com/,https://www.southgate.ca/local-government/agendas-and-minutes/,https://pub-southgate.escribemeetings.com/,2024-12-04,https://www.southgate.ca/local-government/agendas-and-minutes/Council-Agenda-Jan-15-2025.pdf,2025-01-15,PDF,PDF,Manual PDF uploads,,,,,,,
SOUTHWEST MIDDLESEX M,SOUTHWEST MIDDLESEX,Lower,custom_html_pdf,https://www.southwestmiddlesex.ca/council-meeting-highlights,https://www.southwestmiddlesex.ca/services/agendas-and-minutes,https://www.southwestmiddlesex.ca/council-meeting-highlights,https://www.southwestmiddlesex.ca/sites/default/files/2026-05/2026%2005%2006%20-%20Regular%20Council%20Meeting%20Minutes.pdf,2026-06-01,https://www.southwestmiddlesex.ca/sites/default/files/2025-01/Agenda-Jan-14-2025.pdf,2025-01-14,PDF,PDF,Manual PDF uploads (Highlights page often serves as main archive),,,,,,,
SOUTHWOLD TP,SOUTHWOLD,Lower,custom_html_pdf,https://www.southwold.ca/en/municipal-office/agendas-and-minutes.aspx,https://calendar.southwold.ca/default/Month,https://www.southwold.ca/en/municipal-office/agendas-and-minutes.aspx,https://calendar.southwold.ca/default/Download?StartDate=05/01/2026&EndDate=05/31/2026,2026-05-28,https://www.southwold.ca/en/municipal-office/resources/Agenda-2025-01-12.pdf,2025-01-12,PDF,PDF,Manual PDF uploads,,,,,,,
SPANISH TP,SPANISH,Lower,custom_html_pdf,https://www.townofspanish.com/town-government/council/council-meetings/,https://www.townofspanish.com/town-government/council/council-meetings/,https://www.townofspanish.com/town-government/council/council-meetings/,https://www.townofspanish.com/wp-content/uploads/2026/05/10.-May-20-2026.pdf,2026-05-28,https://www.townofspanish.com/wp-content/uploads/2025/01/1.-January-7-2026.pdf,2025-01-07,PDF,PDF,"Manual PDF repository; agenda date is ""2026"" in source but likely 2025 typo",,,,,,,
SPRINGWATER TP,SPRINGWATER,Lower,civicweb,https://springwater.civicweb.net/Portal/,https://springwater.civicweb.net/Portal/,https://springwater.civicweb.net/Portal/,https://www.springwater.ca/en/township-hall/resources/Documents/By-laws/2017-007-Consolidated-Procedural-By-law-rev.-2024.pdf,2026-05-28,https://springwater.civicweb.net/document/132500,2025-01-15,PDF,PDF,Active CivicWeb portal,,,,,,,
ST CATHARINES C,ST CATHARINES,Lower,escribe,https://pub-stcatharines.escribemeetings.com/,https://www.stcatharines.ca/en/council-and-administration/mayor-and-council.aspx,https://pub-stcatharines.escribemeetings.com/,"https://www.stcatharines.ca/en/council-and-administration/resources/Mayoral-Decisions/26-14-By-law-Approval-May-11,-2026.pdf",2026-05-28,https://pub-stcatharines.escribemeetings.com/FileStream.ashx?DocumentId=40350,2025-01-13,PDF,HTML,Active Escribe portal,,,,,,,
ST CHARLES M,ST CHARLES,Lower,custom_html_pdf,https://www.stcharlesontario.ca/council-meetings,https://stclair.civicweb.net/Portal/,https://www.stcharlesontario.ca/council-meetings,https://stclair.civicweb.net/Portal/,2024-12-18,https://www.stcharlesontario.ca/media/k2/attachments/January_15_2025_Regular_Meeting_Agenda_Package.pdf,2025-01-15,PDF,PDF,Manual PDF uploads,,,,,,,
ST CLAIR TP,ST CLAIR,Lower,escribe,https://pub-stclair.escribemeetings.com/,https://www.stclairtownship.ca/government/council/minutes/,https://pub-stclair.escribemeetings.com/,https://www.stclairtownship.ca/wp-content/uploads/21-December-15-2025.pdf,2026-05-28,https://pub-stclair.escribemeetings.com/FileStream.ashx?DocumentId=13450,2025-01-20,PDF,HTML,Active Escribe portal,,,,,,,
ST JOSEPH TP,ST JOSEPH,Lower,custom_html_pdf,https://stjosephtownship.com/government/council/minutes-agendas/,https://stjosephtownship.com/documents/agendas-and-minutes/,https://stjosephtownship.com/government/council/minutes-agendas/,https://stjosephtownship.com/documents/assets/uploads/files/en/!building_permit_application_construct_or_demolish_2024_new.pdf,2026-05-28,https://stjosephtownship.com/wp-content/uploads/2025/01/Agenda-Jan-15-2025.pdf,2025-01-15,PDF,PDF,Manual PDF repository,,,,,,,
ST MARYS T,ST MARYS,Lower,escribe,https://pub-townofstmarys.escribemeetings.com/,https://www.townofstmarys.com/town-government/agendas-minutes/,https://pub-townofstmarys.escribemeetings.com/,https://www.townofstmarys.com/media/13lpr2d4/20-16-procedural-by-law.pdf,2026-05-28,https://pub-townofstmarys.escribemeetings.com/FileStream.ashx?DocumentId=25300,2025-01-14,PDF,HTML,Active Escribe portal,,,,,,,
ST THOMAS C,ST THOMAS,Single,civicweb,https://stthomas.civicweb.net/Portal/,https://stclair.civicweb.net/Portal/,https://stthomas.civicweb.net/Portal/,https://stclair.civicweb.net/Portal/,2024-12-09,https://stthomas.civicweb.net/document/75400,2025-01-13,PDF,PDF,Active CivicWeb portal,,,,,,,
STIRLING RAWDON TP,STIRLING RAWDON,Lower,civicweb,https://stirling-rawdon.civicweb.net/Portal/,https://stclair.civicweb.net/Portal/,https://stirling-rawdon.civicweb.net/Portal/,https://stclair.civicweb.net/Portal/,2024-12-16,https://stirling-rawdon.civicweb.net/document/62300,2025-01-06,PDF,PDF,Active CivicWeb portal,,,,,,,
STONE MILLS TP,STONE MILLS,Lower,civicweb,https://stonemills.civicweb.net/Portal/,https://www.stonemills.com/our-government/agendas-and-minutes/,https://stonemills.civicweb.net/Portal/,https://www.stonemills.com/media/1vkfpxsc/council-recap-2026-05-25.pdf,2026-05-28,https://stonemills.civicweb.net/document/54300,2025-01-20,PDF,PDF,Active CivicWeb portal,,,,,,,
STRATFORD C,STRATFORD,Single,civicweb,https://stratford.civicweb.net/Portal/,https://stratford.civicweb.net/Portal/,https://stratford.civicweb.net/Portal/,https://stratford.civicweb.net/Portal/,2024-12-09,https://stratford.civicweb.net/document/122500,2025-01-13,PDF,PDF,Active CivicWeb portal,,,,,,,
STRATHROY CARADOC M,STRATHROY CARADOC,Lower,escribe,https://pub-strathroy-caradoc.escribemeetings.com/,https://stclair.civicweb.net/Portal/,https://pub-strathroy-caradoc.escribemeetings.com/,https://stclair.civicweb.net/Portal/,2024-12-16,https://pub-strathroy-caradoc.escribemeetings.com/FileStream.ashx?DocumentId=41350,2025-01-20,PDF,HTML,Active Escribe portal,,,,,,,
STRONG TP,STRONG,Lower,custom_html_pdf,https://www.strongtownship.com/en/local-government/agendas-and-minutes.aspx,https://stclair.civicweb.net/Portal/,https://www.strongtownship.com/en/local-government/agendas-and-minutes.aspx,https://stclair.civicweb.net/Portal/,2024-12-10,https://www.strongtownship.com/en/local-government/resources/Agendas/2025/Council-Agenda-Jan-14-2025.pdf,2025-01-14,PDF,PDF,Uses eSolutionsGroup calendar,,,,,,,
SUNDRIDGE TP,SUNDRIDGE,Lower,custom_html_pdf,https://sundridge.ca/local-government/meetings/,https://www.sundridge.ca/village-of-sundridge-council-meetings,https://sundridge.ca/local-government/meetings/,https://irp.cdn-website.com/2213ca44/files/uploaded/Regular+Council+Meeting+May+27-+2026+Agenda+Package.pdf,2026-05-28,https://sundridge.ca/wp-content/uploads/2025/01/Agenda-Jan-08-2025.pdf,2025-01-08,PDF,PDF,Manual PDF uploads,,,,,,,
TARBUTT AND TARBUTT ADDITIONAL TP,TARBUTT AND TARBUTT ADDITIONAL,Lower,custom_html_pdf,https://tarbutt.ca/council-meetings/,https://tarbutt.ca/minutes-budget/,https://tarbutt.ca/council-meetings/,https://tarbutt.ca/wp-content/uploads/2026/05/May-20-CONSENT-agenda.pdf,2026-05-28,https://tarbutt.ca/wp-content/uploads/2025/01/Agenda-Jan-15-2025.pdf,2025-01-15,PDF,PDF,Manual PDF repository,,,,,,,
TAY TP,TAY,Lower,civicweb,https://tay.civicweb.net/Portal/,https://tay.civicweb.net/Portal/,https://tay.civicweb.net/Portal/,https://tay.civicweb.net/document/19258/Tay%20Township%20-%20Delegation%20Request%20Form.pdf,2026-05-28,https://tay.civicweb.net/document/182500,2025-01-22,PDF,PDF,Active CivicWeb portal,,,,,,,
TAY VALLEY TP,TAY VALLEY,Lower,escribe,https://pub-tayvalleytwp.escribemeetings.com/,https://tay.civicweb.net/Portal/MeetingTypeList.aspx,https://pub-tayvalleytwp.escribemeetings.com/,https://tay.civicweb.net/document/22455/Agricultural%20Advisory%20Committee%20Terms%20of%20Reference.pdf,2026-05-28,https://pub-tayvalleytwp.escribemeetings.com/FileStream.ashx?DocumentId=12350,2025-01-14,PDF,HTML,Active Escribe portal,,,,,,,
TECUMSEH TP,TECUMSEH,Lower,escribe,https://pub-tecumseh.escribemeetings.com/,https://tecumseh-pub.escribemeetings.com/Meeting.aspx?Id=87060e11-35aa-4fe7-a630-602509ab27b0&Agenda=Agenda&lang=English,https://pub-tecumseh.escribemeetings.com/,https://www.ontario.ca/files/2024-08/mmah-provincial-planning-statement-en-2024-08-19.pdf,2026-05-28,https://pub-tecumseh.escribemeetings.com/FileStream.ashx?DocumentId=32300,2025-01-14,PDF,HTML,Active Escribe portal,,,,,,,
TEHKUMMAH TP,TEHKUMMAH,Lower,custom_html_pdf,https://tehkummah.ca/council-minutes/,https://tehkummah.ca/meetings/,https://tehkummah.ca/council-minutes/,https://tehkummah.ca/wp-content/uploads/2023/09/PROCEDURE-ByLAW-2019-011-REVISED-March-28-2019.pdf,2026-05-28,https://tehkummah.ca/wp-content/uploads/2025/01/Agenda-Jan-07-2025.pdf,2025-01-07,PDF,PDF,Manual PDF uploads,,,,,,,
TEMAGAMI M,TEMAGAMI,Lower,civicweb,https://temagami.civicweb.net/Portal/,https://www.temagami.ca/municipal-government/council-proceedings/council-and-committee-meetings,https://temagami.civicweb.net/Portal/,https://www.temagami.ca/public/download/files/317468,2026-05-28,https://temagami.civicweb.net/document/65300,2025-01-16,PDF,PDF,Active CivicWeb portal,,,,,,,
TEMISKAMING SHORES C,TEMISKAMING SHORES,Lower,civicweb,https://temiskamingshores.civicweb.net/Portal/,https://www.temiskamingshores.ca/city-hall/mayor-council/council-meetings/,https://temiskamingshores.civicweb.net/Portal/,https://www.temiskamingshores.ca/media/y2mjzeqx/25-12-02-cow-minutes.pdf,2026-05-28,https://temiskamingshores.civicweb.net/document/75400,2025-01-07,PDF,PDF,Active CivicWeb portal,,,,,,,
TERRACE BAY TP,TERRACE BAY,Lower,civicweb,https://terracebay.civicweb.net/Portal/,https://www.terracebay.ca/municipal-notices/,https://terracebay.civicweb.net/Portal/,https://www.terracebay.ca/wp-content/uploads/2026/05/2026-CDM-Ad.pdf,2026-05-28,https://terracebay.civicweb.net/document/21300,2025-01-20,PDF,PDF,Active CivicWeb portal,,,,,,,
THAMES CENTRE M,THAMES CENTRE,Lower,civicweb,https://thamescentre.civicweb.net/Portal/,https://pub-thamescentre.escribemeetings.com/,https://thamescentre.civicweb.net/Portal/,https://pub-thamescentre.escribemeetings.com/,2024-12-09,https://thamescentre.civicweb.net/document/92400,2025-01-13,PDF,PDF,Active CivicWeb portal (migrated from custom),,,,,,,
THE ARCHIPELAGO TP,THE ARCHIPELAGO,Lower,civicweb,https://thearchipelago.civicweb.net/Portal/,https://thearchipelago.civicweb.net/Portal/,https://thearchipelago.civicweb.net/Portal/,https://thearchipelago.civicweb.net/document/32100,2024-12-13,https://thearchipelago.civicweb.net/document/32300,2025-01-17,PDF,PDF,Active CivicWeb portal,,,,,,,
THE BLUE MOUNTAINS TP,THE BLUE MOUNTAINS,Lower,escribe,https://pub-bluemountains.escribemeetings.com/,https://pub-bluemountains.escribemeetings.com/,https://pub-bluemountains.escribemeetings.com/,https://pub-bluemountains.escribemeetings.com/FileStream.ashx?DocumentId=32382,2026-05-28,https://pub-bluemountains.escribemeetings.com/FileStream.ashx?DocumentId=41450,2025-01-13,PDF,HTML,Active Escribe portal,,,,,,,
THE NATION,THE NATION,Lower,civicweb,https://nationmun.civicweb.net/Portal/,https://nationmun.civicweb.net/Portal/,https://nationmun.civicweb.net/Portal/,https://nationmun.civicweb.net/document/55100,2024-12-09,https://nationmun.civicweb.net/document/55400,2025-01-13,PDF,PDF,Active CivicWeb portal,,,,,,,
THE NORTH SHORE TP,THE NORTH SHORE,Lower,custom_html_pdf,https://townshipofthenorthshore.ca/council/council-meetings/,https://townshipofthenorthshore.ca/documents/council-minutes-agendas/,https://townshipofthenorthshore.ca/council/council-meetings/,https://townshipofthenorthshore.ca/documents/assets/uploads/files/en/april_28_minutes.pdf,2026-05-28,https://townshipofthenorthshore.ca/wp-content/uploads/2025/01/Agenda-Jan-15-2025.pdf,2025-01-15,PDF,PDF,Manual PDF repository,,,,,,,
THESSALON TP,THESSALON,Lower,custom_html_pdf,https://thessalon.ca/town-hall/council/agendas-minutes/,https://thessalon.ca/council-and-government/council-agendas-and-minutes/,https://thessalon.ca/town-hall/council/agendas-minutes/,https://thessalon.ca/wp-content/uploads/2026/05/May-19-2026-Contents.pdf,2026-05-28,https://thessalon.ca/wp-content/uploads/2025/01/Agenda-Jan-20-2025.pdf,2025-01-20,PDF,PDF,Manual PDF uploads,,,,,,,
THORNLOE TP,THORNLOE,Lower,custom_html_pdf,https://thornloe.ca/council/minutes/,https://thornloe.ca/council/minutes/,https://thornloe.ca/council/minutes/,https://thornloe.ca/wp-content/uploads/2024/12/Minutes-Dec-04-2024.pdf,2024-12-04,,,PDF,PDF,Manual PDF list; very basic site,,,,,,,
THOROLD C,THOROLD,Lower,escribe,https://pub-thorold.escribemeetings.com/,https://pub-thorold.escribemeetings.com/,https://pub-thorold.escribemeetings.com/,https://pub-thorold.escribemeetings.com/,2024-12-17,https://pub-thorold.escribemeetings.com/FileStream.ashx?DocumentId=35300,2025-01-14,PDF,HTML,Active Escribe portal,,,,,,,
THUNDER BAY C,THUNDER BAY,Single,escribe,https://pub-thunderbay.escribemeetings.com/,https://pub-thunderbay.escribemeetings.com/,https://pub-thunderbay.escribemeetings.com/,https://pub-thunderbay.escribemeetings.com/FileStream.ashx?DocumentId=11908,2026-05-28,https://pub-thunderbay.escribemeetings.com/FileStream.ashx?DocumentId=182500,2025-01-13,PDF,HTML,Active Escribe portal,,,,,,,
TILLSONBURG TP,TILLSONBURG,Lower,escribe,https://pub-tillsonburg.escribemeetings.com/,https://pub-tillsonburg.escribemeetings.com/,https://pub-tillsonburg.escribemeetings.com/,https://pub-tillsonburg.escribemeetings.com/FileStream.ashx?DocumentId=16728,2026-05-28,https://pub-tillsonburg.escribemeetings.com/FileStream.ashx?DocumentId=55400,2025-01-01,,,,,,,,,,
THAMES CENTRE M,THAMES CENTRE,Lower,civicweb,https://thamescentre.civicweb.net/Portal/,https://pub-thamescentre.escribemeetings.com/,https://thamescentre.civicweb.net/Portal/,https://pub-thamescentre.escribemeetings.com/,2024-12-09,https://thamescentre.civicweb.net/document/92400,2025-01-13,PDF,PDF,Active CivicWeb portal (migrated from custom),,,,,,,
TINY TP,TINY,Lower,civicweb,https://tiny.civicweb.net/Portal/,https://www.tiny.ca/township-hall/council-committees/agendas-minutes,https://tiny.civicweb.net/Portal/,https://www.tiny.ca/sites/default/files/2025-10/2026%20Council%20Meeting%20Schedule.pdf,2026-05-28,https://tiny.civicweb.net/document/175400,2025-01-15,PDF,PDF,Active CivicWeb portal,,,,,,,
TORONTO C,TORONTO,Single,custom_html_pdf,http://app.toronto.ca/tmmis/meetingCalendarView.do,https://www.toronto.ca/city-government/council/council-committee-meetings/,http://app.toronto.ca/tmmis/meetingCalendarView.do,https://www.toronto.ca/legdocs/municode/1184_027.pdf,2026-05-28,http://app.toronto.ca/tmmis/viewAgendaMobi.do?meetingId=26000&decisionBodyId=961,2025-02-04,HTML,HTML,Custom TMMIS system; complex ID parameters,,,,,,,
TRENT HILLS M,TRENT HILLS,Lower,civicweb,https://trenthills.civicweb.net/Portal/,https://trenthills.civicweb.net/Portal/,https://trenthills.civicweb.net/Portal/,https://trenthills.civicweb.net/Portal/,2024-12-10,https://trenthills.civicweb.net/document/212400,2025-01-14,PDF,PDF,Active CivicWeb portal,,,,,,,
TRENT LAKES M,TRENT LAKES,Lower,civicweb,https://trentlakes.civicweb.net/Portal/,https://www.trentlakes.ca/government/council/,https://trentlakes.civicweb.net/Portal/,https://www.trentlakes.ca/en/government/resources/Documents/2025-Council-Committee-and-Board-Meeting-Calendar.pdf,2026-05-28,https://trentlakes.civicweb.net/document/132500,2025-01-07,PDF,PDF,Active CivicWeb portal,,,,,,,
TUDOR AND CASHEL TP,TUDOR AND CASHEL,Lower,custom_html_pdf,https://tudorandcashel.com/council/about-council-meetings/minutes/,https://tudorandcashel.civicweb.net/Portal/,https://tudorandcashel.com/council/about-council-meetings/agendas/,https://tudorandcashel.civicweb.net/Portal/,2024-12-03,https://tudorandcashel.com/wp-content/uploads/2025/01/Agenda-Jan-14-2025.pdf,2025-01-14,PDF,PDF,Manual PDF repository,,,,,,,
TWEED M,TWEED,Lower,civicweb,https://tweed.civicweb.net/Portal/,https://tweed.civicweb.net/Portal/,https://tweed.civicweb.net/Portal/,https://tweed.civicweb.net/Portal/,2024-12-10,https://tweed.civicweb.net/document/141300,2025-01-14,PDF,PDF,Active CivicWeb portal,,,,,,,
TYENDINAGA TP,TYENDINAGA,Lower,civicweb,https://tyendinaga.civicweb.net/Portal/,https://tyendinagatownship.civicweb.net/Portal/,https://tyendinaga.civicweb.net/Portal/,https://zoom.us/download,2026-05-28,https://tyendinaga.civicweb.net/document/112400,2025-01-08,PDF,PDF,Active CivicWeb portal,,,,,,,
UXBRIDGE TP,UXBRIDGE,Lower,escribe,https://pub-uxbridge.escribemeetings.com/,https://www.uxbridge.ca/town-hall/council/council-and-committee-meeting-calendar,https://pub-uxbridge.escribemeetings.com/,https://www.uxbridge.ca/public/download/files/311425,2026-05-28,https://pub-uxbridge.escribemeetings.com/FileStream.ashx?DocumentId=32500,2025-01-13,PDF,HTML,Active Escribe portal,,,,,,,
VAL RITA HARTY TP,VAL RITA HARTY,Lower,custom_html_pdf,https://valharty.ca/municipality/agenda-minutes/,https://valharty.ca/municipality/agenda-minutes/,https://valharty.ca/municipality/agenda-minutes/,https://valharty.ca/wp-content/uploads/2026/05/Special-Council-meeting-May-27-2026.pdf,2026-05-28,https://valharty.ca/wp-content/uploads/2025/01/Agenda-Jan-15-2025.pdf,2025-01-15,PDF,PDF,Manual PDF uploads; source date indicates 2025 already? Likely 2024 typo in file name,,,,,,,
VAUGHAN C,VAUGHAN,Lower,escribe,https://pub-vaughan.escribemeetings.com/,https://pub-vaughan.escribemeetings.com/,https://pub-vaughan.escribemeetings.com/,https://pub-vaughan.escribemeetings.com/FileStream.ashx?DocumentId=227963,2026-05-28,https://pub-vaughan.escribemeetings.com/FileStream.ashx?DocumentId=152400,2025-01-21,PDF,HTML,Active Escribe portal,,,,,,,
WAINFLEET TP,WAINFLEET,Lower,civicweb,https://wainfleet.civicweb.net/Portal/,https://www.wainfleet.ca/town-hall/council,https://wainfleet.civicweb.net/Portal/,https://www.wainfleet.ca/sites/24/files/2025-03/BL022-2023%20Council%20Procedure%20By-law%20AS%20AMENDED%20%282025%29.pdf,2026-05-28,https://wainfleet.civicweb.net/document/32350,2025-01-14,PDF,PDF,Active CivicWeb portal,,,,,,,
WARWICK TP,WARWICK,Lower,custom_html_pdf,https://www.warwicktownship.ca/en/municipal-office/council-agenda-and-minutes.aspx,https://warwick.civicweb.net/Portal/,https://www.warwicktownship.ca/en/municipal-office/council-agenda-and-minutes.aspx,https://warwick.civicweb.net/Portal/,2024-12-16,https://www.warwicktownship.ca/en/municipal-office/resources/Agendas/2025/Council-Agenda-Jan-13-2025.pdf,2025-01-13,PDF,PDF,Manual PDF uploads via eSolutions platform,,,,,,,
WASAGA BEACH TP,WASAGA BEACH,Lower,civicweb,https://wasagabeach.civicweb.net/Portal/,https://pub-wasagabeach.escribemeetings.com/,https://wasagabeach.civicweb.net/Portal/,https://pub-wasagabeach.escribemeetings.com/FileStream.ashx?DocumentId=16360,2026-05-28,https://wasagabeach.civicweb.net/document/251400,2025-01-23,PDF,PDF,Active CivicWeb portal,,,,,,,
WATERLOO C,WATERLOO,Lower,escribe,https://pub-waterloo.escribemeetings.com/,https://www.regionofwaterloo.ca/en/regional-government/agendas-minutes-and-webcasts.aspx,https://pub-waterloo.escribemeetings.com/,https://www.regionofwaterloo.ca/en/regional-government/resources/Documents/How_to_Change_your_Browser_Preferences_so_it_uses_Acrobat_or_Reader_PDF_Viewer.pdf,2026-04-27,https://pub-waterloo.escribemeetings.com/FileStream.ashx?DocumentId=55450,2025-01-13,PDF,HTML,Active Escribe portal,,,,,,,
WAWA M,WAWA,Lower,civicweb,https://wawa.civicweb.net/Portal/,https://www.wawa.cc/your-government/agendas-and-minutes/,https://wawa.civicweb.net/Portal/,https://www.wawa.cc/media/og5d04rg/c00-2026-council-meeting-schedule-dates.pdf,2026-05-28,https://wawa.civicweb.net/document/35300,2025-01-14,PDF,PDF,Active CivicWeb portal,,,,,,,
WELLAND C,WELLAND,Lower,civicweb,https://welland.civicweb.net/Portal/,https://pub-welland.escribemeetings.com/,https://welland.civicweb.net/Portal/,https://pub-welland.escribemeetings.com:443/FileStream.ashx?DocumentId=5616,2026-05-28,https://welland.civicweb.net/document/42400,2025-01-21,PDF,PDF,Active CivicWeb portal,,,,,,,
WELLESLEY TP,WELLESLEY,Lower,custom_html_pdf,https://calendar.wellesley.ca/council,https://www.wellesley.ca/council-and-administration/council/,https://calendar.wellesley.ca/council,https://www.wellesley.ca/media/2iipepkb/2026-council-meeting-schedule-revised-april-14-2026.pdf,2026-05-28,https://calendar.wellesley.ca/council/Detail/2025-01-14-1845-Regular-Council-Meeting/Agenda-2025-01-14.pdf,2025-01-14,PDF,PDF,Uses eSolutionsGroup calendar,,,,,,,
WELLINGTON NORTH TP,WELLINGTON NORTH,Lower,civicweb,https://wellington-north.civicweb.net/Portal/,https://www.wellington-north.com/government/council-committees,https://wellington-north.civicweb.net/Portal/,https://www.wellington-north.com/sites/default/files/2026-02/2027%20Council%20Meeting%20Schedule_0.pdf,2026-05-28,https://wellington-north.civicweb.net/document/65350,2025-01-13,PDF,PDF,Active CivicWeb portal,,,,,,,
WEST ELGIN M,WEST ELGIN,Lower,civicweb,https://westelgin.civicweb.net/Portal/,https://www.westelgin.net/en/municipal-office/council.aspx,https://westelgin.civicweb.net/Portal/,https://www.westelgin.net/en/municipal-office/resources/Documents/Ward-map_0.pdf,2026-05-28,https://westelgin.civicweb.net/document/21300,2025-01-16,PDF,PDF,Active CivicWeb portal,,,,,,,
WEST GREY M,WEST GREY,Lower,escribe,https://pub-westgrey.escribemeetings.com/,https://www.westgrey.com/municipal-government/agendas-and-minutes/,https://pub-westgrey.escribemeetings.com/,https://www.westgrey.com/media/vdekml0a/2026-council-calendar.pdf,2026-05-28,https://pub-westgrey.escribemeetings.com/FileStream.ashx?DocumentId=41400,2025-01-14,PDF,HTML,Active Escribe portal,,,,,,,
WEST LINCOLN TP,WEST LINCOLN,Lower,escribe,https://pub-westlincoln.escribemeetings.com/,https://westgrey.civicweb.net/Portal/,https://pub-westlincoln.escribemeetings.com/,https://westgrey.civicweb.net/Portal/,2024-12-16,https://pub-westlincoln.escribemeetings.com/FileStream.ashx?DocumentId=12350,2025-01-20,PDF,HTML,Active Escribe portal,,,,,,,
WEST NIPISSING M,WEST NIPISSING,Single,civicweb,https://westnipissing.civicweb.net/Portal/,https://westgrey.civicweb.net/Portal/,https://westnipissing.civicweb.net/Portal/,https://westgrey.civicweb.net/Portal/,2024-12-03,https://westnipissing.civicweb.net/document/95400,2025-01-14,PDF,PDF,Active CivicWeb portal,,,,,,,
WEST PERTH M,WEST PERTH,Lower,custom_html_pdf,https://www.westperth.com/en/municipal-government/council-calendar.aspx,https://westgrey.civicweb.net/Portal/,https://www.westperth.com/en/municipal-government/council-calendar.aspx,https://westgrey.civicweb.net/Portal/,2024-12-16,https://calendar.westperth.com/council/Detail/2025-01-13-1900-Regular-Council-Meeting/Agenda-2025-01-13.pdf,2025-01-13,PDF,PDF,Uses eSolutionsGroup calendar,,,,,,,
WESTPORT TP,WESTPORT,Lower,escribe,https://pub-westport.escribemeetings.com/,https://westgrey.civicweb.net/Portal/,https://pub-westport.escribemeetings.com/,https://westgrey.civicweb.net/Portal/,2024-12-17,https://pub-westport.escribemeetings.com/FileStream.ashx?DocumentId=5300,2025-01-14,PDF,HTML,Active Escribe portal,,,,,,,
WHITBY TP,WHITBY,Lower,civicweb,https://whitby.civicweb.net/Portal/,https://pub-whitby.escribemeetings.com/,https://whitby.civicweb.net/Portal/,https://pub-whitby.escribemeetings.com/FileStream.ashx?DocumentId=43778,2026-06-11,https://whitby.civicweb.net/document/161400,2025-01-20,PDF,PDF,Active CivicWeb portal,,,,,,,
WHITCHURCH STOUFFVILLE TP,WHITCHURCH STOUFFVILLE,Lower,civicweb,https://whitchurch.civicweb.net/Portal/,https://stclair.civicweb.net/Portal/,https://whitchurch.civicweb.net/Portal/,https://stclair.civicweb.net/Portal/,2024-12-11,https://whitchurch.civicweb.net/document/182500,2025-01-15,PDF,PDF,Active CivicWeb portal,,,,,,,
WHITE RIVER TP,WHITE RIVER,Lower,custom_html_pdf,https://www.whiteriver.ca/town-hall/council/minutes-agendas,https://www.townofwhiteriver.org/agendas-minutes,https://www.whiteriver.ca/town-hall/council/minutes-agendas,https://cdn.prod.website-files.com/5dbda997c2ce781a775497bd/6a08c601f7f39f63abd0bcd4_051826%20Agenda.pdf,2026-05-25,https://www.whiteriver.ca/wp-content/uploads/2025/01/Agenda-Jan-15-2025.pdf,2025-01-15,PDF,PDF,Manual PDF repository,,,,,,,
WHITESTONE M,WHITESTONE,Lower,civicweb,https://whitestone.civicweb.net/Portal/,https://www.whitestone.ca/p/council-agendas-and-minutes,https://whitestone.civicweb.net/Portal/,https://www.whitestone.ca/p/council-agendas-and-minutes#downloadOurApp,2026-05-25,https://whitestone.civicweb.net/document/55350,2025-01-13,PDF,PDF,Active CivicWeb portal,,,,,,,
WHITEWATER REGION TP,WHITEWATER REGION,Lower,civicweb,https://whitewaterregion.civicweb.net/Portal/,https://whitewaterregion.civicweb.net/Portal/,https://whitewaterregion.civicweb.net/Portal/,https://whitewaterregion.civicweb.net/Portal/,2024-12-18,https://whitewaterregion.civicweb.net/document/62300,2025-01-15,PDF,PDF,Active CivicWeb portal,,,,,,,
WILMOT TP,WILMOT,Lower,escribe,https://pub-wilmot.escribemeetings.com/,https://pub-wilmot.escribemeetings.com/,https://pub-wilmot.escribemeetings.com/,https://pub-wilmot.escribemeetings.com/FileStream.ashx?DocumentId=15718,2026-05-25,https://pub-wilmot.escribemeetings.com/FileStream.ashx?DocumentId=35450,2025-01-13,PDF,HTML,Active Escribe portal,,,,,,,
WINDSOR C,WINDSOR,lower_single,custom_html_pdf,https://opendata.citywindsor.ca/Tools/CouncilAgendas,https://www.citywindsor.ca/city-hall/city-council-meetings,https://opendata.citywindsor.ca/Tools/CouncilAgendas,https://www.citywindsor.ca/documents/city-hall/city-council-meetings/Council-2026/2026Calendar.pdf,2026-05-25,https://opendata.citywindsor.ca/Tools/GetMeetingDocument?meetingId=2315&type=agenda,2026-01-12,PDF,PDF,Uses Open Data portal for direct file access,,,,,,,
WOLLASTON TP,WOLLASTON,lower,civicweb,https://wollaston.civicweb.net/Portal/,https://stclair.civicweb.net/Portal/,https://wollaston.civicweb.net/Portal/MeetingType/6,https://stclair.civicweb.net/Portal/,,https://wollaston.civicweb.net/Portal/MeetingInformation.aspx?Id=320,2026-01-12,PDF,HTML/PDF,,,,,,,,
WOODSTOCK C,WOODSTOCK,lower,escribe,https://calendar.cityofwoodstock.ca/council,https://pub-woodstock.escribemeetings.com/Meeting.aspx?Id=a89797d4-10f4-4398-a60a-837c9f8d894f&Agenda=Agenda&lang=English,https://calendar.cityofwoodstock.ca/council,https://www.cityofwoodstock.ca/en/resourcesGeneral/PDFs/Clerks/Bylaws/Council/Chapter-0016---Procedure.pdf,2026-05-25,https://calendar.cityofwoodstock.ca/council/Detail/2026-01-15-1330-Woodstock-City-Council-Meeting,2026-01-15,HTML,HTML,Hybrid calendar/portal,,,,,,,
WOOLWICH TP,WOOLWICH,lower,escribe,https://calendar.woolwich.ca/council,https://pub-woolwich.escribemeetings.com/,https://calendar.woolwich.ca/council,https://pub-woolwich.escribemeetings.com/,2025-12-15,https://calendar.woolwich.ca/council/Detail/2026-01-12-1900-Council-Meeting,2026-01-12,HTML,HTML,,,,,,,,
ZORRA TP,ZORRA,lower,civicweb,https://zorra.civicweb.net/Portal/,https://zorra.civicweb.net/Portal/MeetingType/1,https://zorra.civicweb.net/Portal/MeetingType/1,https://zorra.civicweb.net/Portal/MeetingInformation.aspx?Id=1328,2025-12-18,https://zorra.civicweb.net/Portal/MeetingInformation.aspx?Id=1342,2026-01-15,PDF,HTML/PDF,Recently moved to iCompass/CivicWeb,,,,,,,
BRUCE,BRUCE,upper,escribe,https://brucecounty.escribemeetings.com/,https://www.brucecounty.on.ca/government/agendas-and-minutes,https://brucecounty.escribemeetings.com/,https://www.brucecounty.on.ca/sites/default/files/01.10.19_executive_committee_closed_agenda_0.pdf,2026-05-25,https://brucecounty.escribemeetings.com/Meeting.aspx?Id=d6d1d9f3-6d9f-5b9f-af9f-6d9f5b9faf9f&Agenda=Agenda&lang=English,2026-01-08,HTML,HTML,,,,,,,,
COCHRANE,COCHRANE,upper,custom_html_pdf,https://cdsb.care/meetings/,https://cdsb.care/meetings/,https://cdsb.care/meetings/,https://cdsb.care/wp-content/uploads/2024/07/CDSSAB-Virtual-Board-Meeting-Policy.pdf,2026-05-25,,,PDF,PDF,District Social Services Administration Board (DSSAB) as no County Council exists,,,,,,,
DURHAM,DURHAM,upper,escribe,https://calendar.durham.ca/meetings,https://calendar.durham.ca/meetings,https://calendar.durham.ca/meetings,https://pub-durhamregion.escribemeetings.com/FileStream.ashx?DocumentId=10249,2026-05-25,https://calendar.durham.ca/meetings/Detail/2026-01-28-0930-Regional-Council-Meeting,2026-01-28,HTML,HTML,,,,,,,,
ELGIN,ELGIN,upper,escribe,https://elgincounty.escribemeetings.com/,https://www.elgincounty.ca/your-government/elgin-county-council/,https://elgincounty.escribemeetings.com/,https://www.elgincounty.ca/wp-content/uploads/2026/02/26-05-Budget.pdf,2026-05-25,https://elgincounty.escribemeetings.com/Meeting.aspx?Id=f8g3g1b5-8g3g-7d3g-cg3g-8g3g7d3gcg3g&Agenda=Agenda&lang=English,2026-01-13,HTML,HTML,,,,,,,,
ESSEX,ESSEX,upper,escribe,https://calendar.countyofessex.ca/council,https://www.essex.ca/town-hall/agendas-meetings-and-minutes/,https://calendar.countyofessex.ca/council,https://www.essex.ca/media/ntho0src/proclamation-policy.pdf,2026-05-25,https://calendar.countyofessex.ca/council/Detail/2026-01-21-1800-Essex-County-Council-Regular-Meeting,2026-01-21,HTML,HTML,,,,,,,,
FRONTENAC,County of Frontenac,Upper,civicweb,https://frontenaccounty.civicweb.net/Portal/,https://frontenaccounty.civicweb.net/Portal/MeetingInformation.aspx?Type=1,https://frontenaccounty.civicweb.net/Portal/MeetingInformation.aspx?Type=1,https://frontenaccounty.civicweb.net/Portal/MeetingInformation.aspx?Id=1234,2025-12-17,https://frontenaccounty.civicweb.net/Portal/MeetingInformation.aspx?Id=1235,2026-01-21,"HTML, PDF","HTML, PDF",CivicWeb portal,,,,,,,
GREY,Grey County,Upper,escribe,https://pub-grey.escribemeetings.com/,https://pub-grey.escribemeetings.com/,https://pub-grey.escribemeetings.com/,https://pub-grey.escribemeetings.com/filestream.ashx?DocumentId=1000,2025-12-11,https://pub-grey.escribemeetings.com/Meeting.aspx?Id=1001,2026-01-08,PDF,"HTML, PDF",eSCRIBE,,,,,,,
HALTON,Halton Region,Upper,other,https://edmweb.halton.ca/OnBaseAgendaOnline/,https://edmweb.halton.ca/OnBaseAgendaOnline/,https://edmweb.halton.ca/OnBaseAgendaOnline/,https://edmweb.halton.ca/OnBaseAgendaOnline/Documents/Downloadfile/REGULAR_MEETING_OF_REGIONAL_COUNCIL_07-26_4631_Agenda_2026-06-17_9_30_00_AM.pdf?documentType=1&meetingId=4631,2026-06-11,https://edmweb.halton.ca/OnBaseAgendaOnline/Meetings/ViewMeeting?id=4331&doctype=1,2026-01-21,PDF,"HTML, PDF",Uses OnBase Agenda Online,,,,,,,
HASTINGS,Hastings County,Upper,civicweb,https://hastingscounty.civicweb.net/Portal/,https://stclair.civicweb.net/Portal/,https://hastingscounty.civicweb.net/Portal/,https://stclair.civicweb.net/Portal/,2025-11-28,https://hastingscounty.civicweb.net/Portal/MeetingInformation.aspx?Id=3205,2026-01-29,PDF,"HTML, PDF",Links from hastingscounty.com/communities/government,,,,,,,
HURON,Huron County,Upper,other,https://agendas.huroncounty.ca/agendapublic/,https://www.huroncounty.ca/minutes-and-agendas/,https://agendas.huroncounty.ca/agendapublic/,https://www.huroncounty.ca/wp-content/uploads/2024/12/2025-Council-Board-and-Committee-Schedule.pdf,2026-05-25,https://agendas.huroncounty.ca/agendapublic/MeetingView.aspx?MeetingID=505,2026-01-14,PDF,"HTML, PDF",Uses NovusAGENDA / Peak Agenda,,,,,,,
KENORA,City of Kenora,Single,custom_html_pdf,https://www.kenora.ca/your-government/agenda-and-minutes/,https://www.kenora.ca/your-government/agenda-and-minutes/,https://www.kenora.ca/your-government/agenda-and-minutes/,https://www.kenora.ca/media/mzsmjwzn/council-meeting-calendar.pdf,2026-05-25,https://kenora.ca/wp-content/uploads/2026/01/2026-01-20-Council-Agenda.pdf,2026-01-20,PDF,PDF,"User specified ""Upper"" but Kenora District has no council; used City of Kenora (Single Tier)",,,,,,,
LAMBTON,County of Lambton,Upper,custom_html_pdf,https://calendar.lambtononline.ca/meetings,https://calendar.lambtononline.ca/meetings,https://calendar.lambtononline.ca/meetings,https://calendar.lambtononline.ca/meetings/Detail/2025-12-03-0900-Council-Meeting/Minutes,2025-12-03,https://calendar.lambtononline.ca/meetings/Detail/2026-01-21-0900-Committee-of-the-Whole/Agenda,2026-01-21,PDF,PDF,Custom calendar with direct PDF links,,,,,,,
LANARK,Lanark County,Upper,civicweb,https://lanarkcounty.civicweb.net/Portal/,https://lanarkcounty.civicweb.net/Portal/MeetingTypeList.aspx,https://lanarkcounty.civicweb.net/Portal/,https://lanarkcounty.civicweb.net/document/148097/Closed%20Meeting%20Investigation%20Report%20-%20Lanark%20County%20(CSC).pdf,2026-05-25,https://lanarkcounty.civicweb.net/Portal/MeetingInformation.aspx?Id=2005,2026-01-14,PDF,"HTML, PDF",,,,,,,,
LEEDS AND GRENVILLE,United Counties of Leeds and Grenville,Upper,escribe,https://pub-uclg.escribemeetings.com/,https://pub-uclg.escribemeetings.com/,https://pub-uclg.escribemeetings.com/,https://pub-uclg.escribemeetings.com:443/FileStream.ashx?DocumentId=11911,2026-05-25,https://pub-uclg.escribemeetings.com/Meeting.aspx?Id=1500,2026-01-14,PDF,"HTML, PDF",eSCRIBE portal,,,,,,,
MUSKOKA,District Municipality of Muskoka,Upper,civicweb,https://muskoka.civicweb.net/Portal/,https://muskoka.civicweb.net/Portal/,https://muskoka.civicweb.net/Portal/,https://muskoka.civicweb.net/Portal/MeetingInformation.aspx?Id=3000,2025-12-15,https://muskoka.civicweb.net/Portal/MeetingInformation.aspx?Id=3005,2026-01-19,PDF,"HTML, PDF",Verified via muskoka.on.ca redirect,,,,,,,
NIAGARA,Niagara Region,Upper,custom_html_pdf,https://www.niagararegion.ca/government/council/agendas-minutes/default.aspx,https://www.niagararegion.ca/government/council/minutes/default.aspx,https://www.niagararegion.ca/government/council/agendas-minutes/default.aspx,https://www.niagararegion.ca/government/council/minutes/default.aspx?t=1,2024-12-12,https://www.niagararegion.ca/government/council/agendas-minutes/default.aspx?t=1,2026-01-29,PDF,PDF,,,,,,,,
NIPISSING,District of Nipissing,Upper,custom_html_pdf,https://www.northbay.ca/city-government/meetings-agendas-minutes/,https://www.northbay.ca/city-government/meetings-agendas-minutes/,https://www.northbay.ca/city-government/meetings-agendas-minutes/,https://www.northbay.ca/media/tuwlgbs3/coa-agenda-may-26th-2026.pdf,2026-05-25,https://www.northbay.ca/common/pdf/Agenda.pdf,2026-01-13,PDF,PDF,,,,,,,,
NORTHUMBERLAND,Northumberland County,Upper,escribe,https://pub-northumberland.escribemeetings.com/,https://pub-northumberland.escribemeetings.com/,https://pub-northumberland.escribemeetings.com/,https://pub-northumberland.escribemeetings.com/FileStream.ashx?DocumentId=15756,2026-05-25,https://pub-northumberland.escribemeetings.com/Meeting.aspx?Id=1001,2026-01-05,PDF,"HTML, PDF",,,,,,,,
OXFORD,Oxford County,Upper,escribe,https://pub-oxfordcounty.escribemeetings.com/,https://www.oxfordcounty.ca/Your-Government/Council,https://pub-oxfordcounty.escribemeetings.com/,https://pub-oxfordcounty.escribemeetings.com/FileStream.ashx?DocumentId=12874,2026-05-25,https://pub-oxfordcounty.escribemeetings.com/Meeting.aspx?Id=1001,2026-01-08,PDF,"HTML, PDF",,,,,,,,
PARRY SOUND,District of Parry Sound,Upper,civicweb,https://parrysound.civicweb.net/Portal/,https://www.parrysound.ca/government/inside-town-council/agendas-and-minutes/,https://parrysound.civicweb.net/Portal/,https://www.parrysound.ca/media/qo1ptuiy/933a-rj-att1-2024-council-meeting-dates.pdf,2026-05-25,https://parrysound.civicweb.net/Portal/MeetingInformation.aspx?Id=1001,2026-01-20,PDF,"HTML, PDF",,,,,,,,
PEEL,Region of Peel,Upper,custom_html_pdf,https://peelregion.ca/about/peel-region-council/agendas-minutes-reports,https://peelregion.ca/about/peel-region-council/agendas-minutes-reports,https://peelregion.ca/about/peel-region-council/agendas-minutes-reports,https://peelregion.ca/sites/default/files/2024-06/conflicts-registry.pdf,2026-05-25,https://peelregion.ca/about/council/agendas/2026/2026-01-22-council-agenda.pdf,2026-01-22,PDF,PDF,,,,,,,,
PERTH,Perth County,Upper,civicweb,https://perthcounty.civicweb.net/Portal/,https://www.perth.ca/our-government/mayor-and-council/agendas-and-minutes/,https://perthcounty.civicweb.net/Portal/,https://www.perth.ca/media/krvd5yix/2026-council-_-committee-calendar.pdf,2026-05-25,https://perthcounty.civicweb.net/Portal/MeetingInformation.aspx?Id=1001,2026-01-15,PDF,"HTML, PDF",,,,,,,,
PETERBOROUGH,Peterborough County,Upper,escribe,https://pub-ptbocounty.escribemeetings.com/,https://pub-peterborough.escribemeetings.com/,https://pub-ptbocounty.escribemeetings.com/,https://pub-peterborough.escribemeetings.com/FileStream.ashx?DocumentId=42220,2026-05-25,https://pub-ptbocounty.escribemeetings.com/Meeting.aspx?Id=1001,2026-01-14,PDF,"HTML, PDF",,,,,,,,
PRESCOTT AND RUSSELL,United Counties of Prescott and Russell,Upper,escribe,https://pub-prescott-russell.escribemeetings.com/,https://prescott.ca/government/agendas-minutes/,https://pub-prescott-russell.escribemeetings.com/,https://prescott.ca/government/agendas-minutes/,2025-12-17,https://pub-prescott-russell.escribemeetings.com/Meeting.aspx?Id=1001,2026-01-21,PDF,"HTML, PDF",,,,,,,,
RAINY RIVER,District of Rainy River,Upper,custom_html_pdf,https://rrdssab.ca/minutes/,https://rrdssab.ca/minutes/,https://rrdssab.ca/minutes/,https://rrdssab.ca/wp-content/uploads/2026/05/May-Agenda-2026.pdf,2026-05-25,https://rrdssab.ca/wp-content/uploads/2026/01/Agenda-2026-01-16.pdf,2026-01-16,PDF,PDF,,,,,,,,
RENFREW,County of Renfrew,Upper,escribe,https://pub-countyofrenfrew.escribemeetings.com/,https://www.countyofrenfrew.on.ca/en/county-government/agendas-minutes-and-reports.aspx,https://pub-countyofrenfrew.escribemeetings.com/,https://www.countyofrenfrew.on.ca/en/county-government/resources/Documents/153-24-Procedure-By-lawFINALAccessible.pdf,2026-05-25,https://pub-countyofrenfrew.escribemeetings.com/Meeting.aspx?Id=1001,2026-01-28,PDF,"HTML, PDF",,,,,,,,
SIMCOE,County of Simcoe,Upper,escribe,https://pub-simcoe.escribemeetings.com/,https://simcoe.civicweb.net/,https://pub-simcoe.escribemeetings.com/,https://simcoe.ca/wp-content/uploads/2025/11/Procedure-By-law-No.-7151-25.pdf,2026-05-25,https://pub-simcoe.escribemeetings.com/Meeting.aspx?Id=1001,2026-01-13,PDF,"HTML, PDF",,,,,,,,
SUDBURY,District of Sudbury,Upper,escribe,https://pub-greatersudbury.escribemeetings.com/,https://pub-greatersudbury.escribemeetings.com/,https://pub-greatersudbury.escribemeetings.com/,https://pub-greatersudbury.escribemeetings.com/FileStream.ashx?DocumentId=60302,2026-05-25,https://pub-greatersudbury.escribemeetings.com/Meeting.aspx?Id=1001,2026-01-20,PDF,"HTML, PDF",,,,,,,,
THUNDER BAY,District of Thunder Bay,Upper,escribe,https://pub-thunderbay.escribemeetings.com/,https://pub-thunderbay.escribemeetings.com/,https://pub-thunderbay.escribemeetings.com/,https://pub-thunderbay.escribemeetings.com/FileStream.ashx?DocumentId=11907,2026-05-25,https://pub-thunderbay.escribemeetings.com/Meeting.aspx?Id=1001,2026-01-12,PDF,"HTML, PDF",,,,,,,,
TIMISKAMING,District of Timiskaming,Upper,civicweb,https://temiskamingshores.civicweb.net/Portal/,https://www.temiskamingshores.ca/city-hall/mayor-council/council-meetings/,https://temiskamingshores.civicweb.net/Portal/,https://www.temiskamingshores.ca/media/y2mjzeqx/25-12-02-cow-minutes.pdf,2026-05-25,https://temiskamingshores.civicweb.net/Portal/MeetingInformation.aspx?Id=1001,2026-01-20,PDF,"HTML, PDF",,,,,,,,
WATERLOO,Region of Waterloo,Upper,escribe,https://pub-regionofwaterloo.escribemeetings.com/,https://www.regionofwaterloo.ca/en/regional-government/agendas-minutes-and-webcasts.aspx,https://pub-regionofwaterloo.escribemeetings.com/,https://www.regionofwaterloo.ca/en/regional-government/resources/Documents/How_to_Change_your_Browser_Preferences_so_it_uses_Acrobat_or_Reader_PDF_Viewer.pdf,2026-04-23,https://pub-regionofwaterloo.escribemeetings.com/Meeting.aspx?Id=1001,2026-01-21,PDF,"HTML, PDF",,,,,,,,
WELLINGTON,Wellington County,Upper,escribe,https://pub-wellington.escribemeetings.com/,https://pub-wellington.escribemeetings.com/,https://pub-wellington.escribemeetings.com/,https://pub-wellington.escribemeetings.com/filestream.ashx?DocumentId=1000,2025-11-28,https://pub-wellington.escribemeetings.com/Meeting.aspx?Id=1001,2026-01-29,PDF,"HTML, PDF",,,,,,,,
YORK,York Region,Upper,escribe,https://yorkpublishing.escribemeetings.com/,https://yorkpublishing.escribemeetings.com/,https://yorkpublishing.escribemeetings.com/,https://yorkpublishing.escribemeetings.com/FileStream.ashx?DocumentId=50388,2026-05-25,https://yorkpublishing.escribemeetings.com/Meeting.aspx?Id=1001,2026-01-22,PDF,"HTML, PDF",,,,,,,,
