munid,municipality_name,tier,portal_type,council_listing_url,minutes_listing_url,agenda_listing_url,example_recent_minutes_url,example_recent_minutes_date,example_upcoming_agenda_url,example_upcoming_agenda_date,minutes_format,agenda_format,notes,Unnamed: 14,Unnamed: 15,Unnamed: 16,Unnamed: 17,Unnamed: 18,Unnamed: 19,Unnamed: 20
ADDINGTON HIGHLANDS TP,ADDINGTON HIGHLANDS,TP,civicweb,https://addingtonhighlands.civicweb.net/Portal/MeetingTypeList.aspx,https://addingtonhighlands.civicweb.net/filepro/documents/5342/,https://addingtonhighlands.civicweb.net/filepro/documents/1021/,https://addingtonhighlands.civicweb.net/document/79653,2025-11-18,https://addingtonhighlands.civicweb.net/document/79996,2025-12-16,PDF,PDF,JS required (CivicWeb portal),,,,,,,
ADELAIDE METCALFE TP,ADELAIDE METCALFE,TP,escribe,https://pub-adelaidemetcalfe.escribemeetings.com/,https://pub-adelaidemetcalfe.escribemeetings.com/,https://pub-adelaidemetcalfe.escribemeetings.com/,https://www.adelaidemetcalfe.on.ca/sites/default/files/2025-08/Venfor%20-%20Minutes%20-%20June%2016%202025.pdf,2025-06-16,,,PDF,PDF,JS required (eScribe portal; 2025 agendas/minutes via portal),,,,,,,
ADJALA TOSORONTIO TP,ADJALA TOSORONTIO,TP,civicweb,https://addingtonhighlands.civicweb.net/Portal/MeetingTypeList.aspx,https://adjala-tosorontio.civicweb.net/Portal/,https://adjala-tosorontio.civicweb.net/Portal/,https://adjala-tosorontio.civicweb.net/document/62292/,2025-12-11,https://adjala-tosorontio.civicweb.net/Portal/,2025-12-08,PDF,PDF,JS required (CivicWeb portal),,,,,,,
ADMASTON BROMLEY TP,ADMASTON BROMLEY,TP,custom_html_pdf,https://admastonbromley.com/archive-council/,https://stclair.civicweb.net/Portal/,https://admastonbromley.com/archive-council/,https://stclair.civicweb.net/Portal/,2023-12-14,,,PDF,PDF,PDF agendas/minutes posted on township site (no 2024/2025 updates online),,,,,,,
AJAX TP,AJAX,TP,custom_html_pdf,https://events.ajax.ca/meetings,https://events.ajax.ca/meetings,https://events.ajax.ca/meetings,https://events.ajax.ca/Meetings/Detail/2025-09-15-1300-Council-Meeting,2025-09-15,,,PDF,PDF,Council calendar site (agendas/minutes packages via events portal),,,,,,,
ALBERTON TP,ALBERTON,TP,custom_html_pdf,https://alberton.ca/township-council/,https://alberton.ca/township-council/,https://alberton.ca/township-council/,https://alberton.ca/wp-content/uploads/2026/03/March-19-2026-Agenda.pdf,2026-04-09,,,PDF,PDF,,,,,,,,
ALFRED AND PLANTAGENET TP,ALFRED AND PLANTAGENET,TP,escribe,https://pub-alfred-plantagenet.escribemeetings.com/,https://pub-alfred-plantagenet.escribemeetings.com/,https://pub-alfred-plantagenet.escribemeetings.com/,https://pub-alfred-plantagenet.escribemeetings.com:443/FileStream.ashx?DocumentId=4011,2026-04-09,,2025-03-25,PDF,PDF,JS required (French/English portal),,,,,,,
ALGONQUIN HIGHLANDS TP,ALGONQUIN HIGHLANDS,TP,civicweb,https://algonquinhighlands.civicweb.net/Portal/,https://algonquinhighlands.civicweb.net/Portal/,https://algonquinhighlands.civicweb.net/Portal/,https://algonquinhighlands.civicweb.net/Portal/,,,2025-11-20,PDF,PDF,JS required (CivicWeb portal),,,,,,,
ALNWICK HALDIMAND TP,ALNWICK HALDIMAND,TP,civicweb,https://alnwickhaldimand.civicweb.net/Portal/,https://alnwickhaldimand.civicweb.net/Portal/,https://alnwickhaldimand.civicweb.net/Portal/,https://alnwickhaldimand.civicweb.net/Portal/,,,,PDF,PDF,JS required (CivicWeb portal),,,,,,,
AMARANTH TP,AMARANTH,TP,escribe,https://pub-amaranth.escribemeetings.com/,https://pub-amaranth.escribemeetings.com/,https://pub-amaranth.escribemeetings.com/,https://pub-amaranth.escribemeetings.com:443/FileStream.ashx?DocumentId=6964,2026-04-09,,,PDF,PDF,JS required (eScribe portal),,,,,,,
AMHERSTBURG TP,AMHERSTBURG,TP,escribe,https://pub-amherstburg.escribemeetings.com/,https://stclair.civicweb.net/Portal/,https://pub-amherstburg.escribemeetings.com/,https://stclair.civicweb.net/Portal/,,,,PDF,PDF,JS required (eScribe portal),,,,,,,
ARMOUR TP,ARMOUR,TP,custom_html_pdf,https://armourtownship.ca/,https://armourtownship.ca/,https://armourtownship.ca/,,,,,PDF,PDF,,,,,,,,
ARMSTRONG TP,ARMSTRONG,TP,custom_html_pdf,https://armstrongtownship.com/,https://stclair.civicweb.net/Portal/,https://armstrongtownship.com/,https://stclair.civicweb.net/Portal/,,,,PDF,PDF,,,,,,,,
ARNPRIOR TP,ARNPRIOR,TP,custom_html_pdf,https://calendar.arnprior.ca/meetings,https://calendar.arnprior.ca/?_mid_=10085,https://calendar.arnprior.ca/meetings,https://calendar.arnprior.ca/default/Download?_mid_=10085&StartDate=04/01/2026&EndDate=04/30/2026,2026-04-09,,,PDF,PDF,Council calendar portal (agendas/minutes on town site),,,,,,,
ARRAN ELDERSLIE M,ARRAN ELDERSLIE,M,custom_html_pdf,https://arran-elderslie.ca/,https://pub-arranelderslie.escribemeetings.com/,https://arran-elderslie.ca/,https://pub-arranelderslie.escribemeetings.com/,,,,PDF,PDF,,,,,,,,
ASHFIELD COLBORNE WAWANOSH TP,ASHFIELD COLBORNE WAWANOSH,TP,custom_html_pdf,https://acwtownship.ca/,https://mail.google.com/mail,https://acwtownship.ca/,https://mail.google.com/mail,,,,PDF,PDF,,,,,,,,
ASPHODEL NORWOOD TP,ASPHODEL NORWOOD,TP,escribe,https://pub-asphodel-norwood.escribemeetings.com/,https://asphodelnorwood.com/council/minutes-agendas/,https://pub-asphodel-norwood.escribemeetings.com/,https://asphodelnorwood.com/council/minutes-agendas/,,,,PDF,PDF,,,,,,,,
ASSIGINACK TP,ASSIGINACK,TP,custom_html_pdf,https://assiginack.ca/,https://pub-assiginack.escribemeetings.com/,https://assiginack.ca/,https://pub-assiginack.escribemeetings.com/,,,,PDF,PDF,,,,,,,,
ATHENS TP,ATHENS,TP,custom_html_pdf,https://athenstwp.ca/,https://athenstwp.ca/,https://athenstwp.ca/,,,,,PDF,PDF,,,,,,,,
ATIKOKAN TP,ATIKOKAN,TP,escribe,https://pub-atikokan.escribemeetings.com/,https://atikokan.civicweb.net/Portal/,https://pub-atikokan.escribemeetings.com/,https://atikokan.civicweb.net/Portal/,,,,PDF,PDF,,,,,,,,
AUGUSTA TP,AUGUSTA,TP,escribe,https://pub-augusta.escribemeetings.com/,https://stclair.civicweb.net/Portal/,https://pub-augusta.escribemeetings.com/,https://stclair.civicweb.net/Portal/,,,,PDF,PDF,,,,,,,,
AURORA TP,AURORA,TP,escribe,https://pub-aurora.escribemeetings.com/,https://calendar.aurora.ca/,https://pub-aurora.escribemeetings.com/,https://calendar.aurora.ca/default/Download?StartDate=04/01/2026&EndDate=04/30/2026,2026-04-09,,,PDF,PDF,,,,,,,,
AYLMER TP,AYLMER,TP,custom_html_pdf,https://calendar.elgincounty.ca/meetings,https://aylmer.civicweb.net/Portal/,https://calendar.elgincounty.ca/meetings,https://aylmer.civicweb.net/Portal/,,,,PDF,PDF,,,,,,,,
BALDWIN TP,BALDWIN,TP,custom_html_pdf,https://baldwin.ca/council-meeting-agendas/,https://baldwin.ca/approved-council-minutes/,https://baldwin.ca/council-meeting-agendas/,https://baldwin.ca/wp-content/uploads/2025/12/2025-003-Hall-Rental-Agreement-Form-With-Pricing.pdf,2026-04-09,,,PDF,PDF,,,,,,,,
BANCROFT TP,BANCROFT,TP,civicweb,https://bancroft.civicweb.net/Portal/,https://bancroft.civicweb.net/Portal/,https://bancroft.civicweb.net/Portal/,https://bancroft.civicweb.net/Portal/,,,,PDF,PDF,JS required (CivicWeb portal),,,,,,,
BARRIE C,BARRIE,C,granicus_legistar,https://barrie.legistar.com/Calendar.aspx,https://barrie.legistar.com/Calendar.aspx,https://barrie.legistar.com/Calendar.aspx,https://barrie.legistar.com/View.ashx?M=M&ID=1328973&GUID=9D9066B6-D265-41C3-920F-CBBB8FFD35DA,2025-11-05,https://barrie.ca.legistar.com/View.ashx?M=A&ID=1329003&GUID=74391B70-AF0D-4A88-A747-37928799646C,2025-12-10,PDF,PDF,Legislative Information Portal used (Council agendas/minutes via Legistar; no upcoming meeting posted),,,,,,,
BAYHAM M,BAYHAM,M,custom_html_pdf,https://www.bayham.on.ca/governance/council/agendas-minutes/,http://www.bayham.on.ca/governance/council/agendas-minutes/,https://www.bayham.on.ca/governance/council/agendas-minutes/,https://laserfiche.bayham.on.ca/WebLink/ElectronicFile.aspx?docid=536969&dbid=0&repo=BAYHAM,2026-04-09,,,,,JS required (agendas/minutes via municipal site calendar; no direct links accessible),,,,,,,
BECKWITH TP,BECKWITH,TP,NOT_FOUND,,https://beckwith.civicweb.net/Portal/,,https://beckwith.civicweb.net/Portal/,,,,,,No council agendas/minutes published online (contact Township office),,,,,,,
BELLEVILLE C,BELLEVILLE,C,civicweb,https://citybellevilleon.civicweb.net/Portal/MeetingInformation.aspx?Org=Cal&Id=1279,https://citybellevilleon.civicweb.net/Portal/MeetingInformation.aspx?Org=Cal&Id=1279,https://citybellevilleon.civicweb.net/Portal/MeetingInformation.aspx?Org=Cal&Id=1279,https://citybellevilleon.civicweb.net/document/92907,2025-02-10,https://citybellevilleon.civicweb.net/Portal/MeetingInformation.aspx?Org=Cal&Id=1181,2025-12-08,PDF,HTML,Council portal (CivicWeb – interactive; JS required; used last available agenda),,,,,,,
BILLINGS TP,BILLINGS,TP,custom_html_pdf,https://events.billingstwp.ca,https://events.billingstwp.ca,https://events.billingstwp.ca,,,,,,,JS required (Council meetings listed on municipal events calendar; agendas/minutes via PDF),,,,,,,
BLACK RIVER MATHESON TP,BLACK RIVER MATHESON,TP,custom_html_pdf,https://events.twpbrm.ca,https://events.twpbrm.ca,https://events.twpbrm.ca,https://events.twpbrm.ca/default/Download?StartDate=04/01/2026&EndDate=04/30/2026,2026-04-09,,,,,JS required (Agendas/minutes via Township events calendar),,,,,,,
BLANDFORD BLENHEIM TP,BLANDFORD BLENHEIM,TP,escribe,https://pub-blandfordblenheim.escribemeetings.com,https://pub-blandfordblenheim.escribemeetings.com/,https://pub-blandfordblenheim.escribemeetings.com,https://pub-blandfordblenheim.escribemeetings.com/,,,,,,Portal (eSCRIBE) – Council agendas and minutes accessible via eSCRIBE portal (JS required),,,,,,,
BLIND RIVER T,BLIND RIVER,T,escribe,https://pub-blindriver.escribemeetings.com,https://pub-blindriver.escribemeetings.com/,https://pub-blindriver.escribemeetings.com,https://pub-blindriver.escribemeetings.com/,,,,,,Portal (eSCRIBE) – Council agendas and minutes accessible via eSCRIBE portal (JS required),,,,,,,
BLUEWATER M,BLUEWATER,M,civicweb,https://bluewater.civicweb.net/Portal/,https://bluewater.civicweb.net/Portal/,https://bluewater.civicweb.net/Portal/,https://bluewater.civicweb.net/Portal/,,,,,,Portal (CivicWeb) – Agendas/minutes on Council portal (JS required),,,,,,,
BONFIELD TP,BONFIELD,TP,custom_html_pdf,https://events.bonfieldtownship.com,https://events.bonfieldtownship.com,https://events.bonfieldtownship.com,https://events.bonfieldtownship.com/default/Download?StartDate=04/01/2026&EndDate=04/30/2026,2026-04-09,,,,,JS required (Council agendas/minutes via municipal events calendar),,,,,,,
BONNECHERE VALLEY TP,BONNECHERE VALLEY,TP,custom_html_pdf,https://www.bonnecherevalleytwp.com/council-and-staff/agenda/,https://www.bonnecherevalleytwp.com/council-and-staff/council-minutes/,https://www.bonnecherevalleytwp.com/council-and-staff/agenda/,https://www.bonnecherevalleytwp.com/download.php?dl=YToyOntzOjI6ImlkIjtzOjQ6IjM4MTYiO3M6Mzoia2V5IjtpOjc7fQ==,2026-04-09,"https://www.bonnecherevalleytwp.com/council-and-staff/agenda/Agenda%20Package%20-%20Regular%20Council%20Meeting%20-%20November%2004,%202025.pdf",2025-11-04,PDF,PDF,Agendas and minutes posted as PDFs on Township website (no integrated portal; no December agenda posted yet),,,,,,,
BRACEBRIDGE TP,BRACEBRIDGE,TP,escribe,https://bracebridge.civicweb.net/Portal/,https://bracebridge.civicweb.net/Portal/,https://bracebridge.civicweb.net/Portal/,https://bracebridge.civicweb.net/Portal/,,,,,,Portal (eSCRIBE) – Council agendas/minutes via eSCRIBE or integrated Council portal (JS required),,,,,,,
BRADFORD WEST GWILLIMBURY TP,BRADFORD WEST GWILLIMBURY,TP,escribe,https://pub-bradfordwestgwillimbury.escribemeetings.com,https://westgrey.civicweb.net/Portal/,https://pub-bradfordwestgwillimbury.escribemeetings.com,https://westgrey.civicweb.net/Portal/,,,,,,Portal (eSCRIBE) – Council meeting documents on eSCRIBE portal (JS required),,,,,,,
BRAMPTON C,BRAMPTON,C,escribe,https://pub-brampton.escribemeetings.com,https://www.brampton.ca/EN/Arts-Culture-Tourism/Festivals-and-Events/Calendar/,https://pub-brampton.escribemeetings.com,https://www.brampton.ca/EN/Arts-Culture-Tourism/Festivals-and-Events/Calendar/,,,,,,Portal (eSCRIBE) – City Council agendas/minutes via eSCRIBE portal (JS required),,,,,,,
BRANT,BRANT,,(escribe),https://pub-brant.escribemeetings.com,https://pub-brant.escribemeetings.com/,https://pub-brant.escribemeetings.com,https://pub-brant.escribemeetings.com/,,,,,,Portal (eSCRIBE) – Council agendas and minutes on eSCRIBE portal (JS required),,,,,,,
BRANTFORD C,BRANTFORD,C,escribe,https://calendar.brantford.ca/meetings,https://pub-brantford.escribemeetings.com/,https://calendar.brantford.ca/meetings,https://pub-brantford.escribemeetings.com/,2025-09-23,https://calendar.brantford.ca/meetings/Detail/2025-09-23-1800-City-Council,2025-09-23,HTML,HTML,Meeting detail page includes agenda/minutes links (eSCRIBE); calendar includes committees—filter to City Council,,,,,,,
BRETHOUR TP,BRETHOUR,TP,NOT_FOUND,,https://sports-inter.com/,,https://sports-inter.com/,,,,,,,,,,,,,No official public council agendas/minutes archive located; township appears to have no accessible official website—contact clerk
BRIGHTON M,BRIGHTON,M,civicweb,https://www.brighton.ca/en/municipal-services/agendas-and-minutes.aspx,https://brighton.civicweb.net/Portal/,https://www.brighton.ca/en/municipal-services/agendas-and-minutes.aspx,https://brighton.civicweb.net/document/177260/2025%20Council%20and%20Planning%20Mtg%20Schedule.pdf,2026-04-09,,,,Page links to Council Portal via CivicWeb tile; direct portal URL/evidence links not captured; JS likely required,,,,,,,,
BROCK TP,BROCK,TP,escribe,https://www.townshipofbrock.ca/municipal-office/mayor-and-council/council-meetings/,https://pub-townshipofbrock.escribemeetings.com/,https://pub-townshipofbrock.escribemeetings.com/,https://pub-townshipofbrock.escribemeetings.com/Meeting.aspx?Agenda=PostMinutes&Id=7a8e1196-1c9f-4a9a-a3ba-239b4849de51&lang=English,2025-04-14,https://pub-townshipofbrock.escribemeetings.com/Meeting.aspx?Agenda=Agenda&Id=1b6aaa88-59a6-45c1-ac2a-8840940261d4&lang=English,2025-12-08,HTML,HTML,JS required (eSCRIBE portal),,,,,,,
BROCKTON M,BROCKTON,M,escribe,https://www.brockton.ca/municipal-government/mayor-and-council/agendas-and-minutes/,https://pub-brockton.escribemeetings.com/,https://pub-brockton.escribemeetings.com/,https://pub-brockton.escribemeetings.com/,,https://pub-brockton.escribemeetings.com/Meeting.aspx?Id=a8aac45d-b5bb-408a-8b7f-3cf5079ce243&lang=English,2025-11-25,,HTML,eSCRIBE used; council agenda example provided; minutes link not captured,,,,,,,
BROCKVILLE C,BROCKVILLE,C,civicweb,https://brockville.civicweb.net/Portal/MeetingInformation.aspx?Id=2486,https://brockville.civicweb.net/Portal/,https://brockville.civicweb.net/Portal/MeetingInformation.aspx?Id=2486,https://brockville.civicweb.net/Portal/,,,,,JS required (CivicWeb); meeting info lists multiple Council meetings; direct agenda/minutes links not captured,,,,,,,,
BROOKE ALVINSTON M,BROOKE ALVINSTON,M,custom_html_pdf,https://brookealvinston.com/town-hall/2025-council-agendas-minutes/,https://stclair.civicweb.net/Portal/,https://brookealvinston.com/town-hall/2025-council-agendas-minutes/,https://stclair.civicweb.net/Portal/,,,,,Assumed URL pattern based on site navigation (2024 page exists); verify if slug differs; direct 2025 evidence links not captured,,,,,,,,
BRUCE MINES T,BRUCE MINES,T,custom_html_pdf,https://brucemines.ca/government/minutes/,https://www.brucemines.ca/government/agendas/,https://brucemines.ca/government/agendas/,https://www.brucemines.ca/government/agendas/,,,,,Minutes and agendas posted on town website; direct 2025 evidence links not captured,,,,,,,,
BRUDENELL LYNDOCH AND RAGLAN TP,BRUDENELL LYNDOCH AND RAGLAN,TP,custom_html_pdf,https://blrtownship.ca/article/committee-meetings-agendas-and-minutes/,https://blrtownship.ca/article/committee-meetings-agendas-and-minutes/,https://blrtownship.ca/article/committee-meetings-agendas-and-minutes/,https://blrtownship.ca/wp-content/uploads/2026/04/April-1st-2026-Regular-Agenda-Amended.pdf,2026-04-09,https://blrtownship.ca/document/agenda-regular-council-meeting-december-3-2025-amended/,2025-12-03,HTML,HTML,Document pages provide view/download; listing includes council and public meetings—use Council entries,,,,,,,
BURK TMS FALLS TP,BURK TMS FALLS,TP,custom_html_pdf,https://www.burksfalls.net/townhall/council/agenda-minutes,https://www.burksfalls.net/townhall/council,https://www.burksfalls.net/townhall/council/agenda-minutes,https://irp.cdn-website.com/55929d1f/files/uploaded/05-2025_Rules_Proceedings_of_Council.pdf,2026-04-09,,,,PDF,,Council agendas/minutes listed on page by month; direct 2025 agenda PDF link not captured,,,,,,
BURLINGTON C,BURLINGTON C,Lower,escribe,https://burlingtonpublishing.escribemeetings.com/,,,https://burlingtonpublishing.escribemeetings.com/Meeting.aspx?Id=5623816a-75a4-4ec3-9188-5e8ad474cc19&Agenda=Merged&lang=English,2025-05-20,,,,HTML,HTML,JS required,,,,,,
BURPEE AND MILLS TP,BURPEE AND MILLS TP,Lower,custom_html_pdf,https://www.burpeemills.com/municipality/2025-council-meetings/,https://www.burpeemills.com/,,https://www.burpeemills.com/app/download/13247844987/2024+Consolidated+FS+Burpee+Mills+FIR.pdf?t=1775587295,2026-04-09,https://www.burpeemills.com/app/download/13254707287/AGENDA+December+2%2C+2025.docx?t=1764773237,2025-12-02,PDF,DOC,,,,,,,,
CALEDON TP,CALEDON TP,Lower,escribe,https://pub-caledon.escribemeetings.com/,,,https://pub-caledon.escribemeetings.com/Meeting.aspx?Id=3d70f5a0-595f-47ea-836c-551271f6b69a&Agenda=Agenda&lang=English,2025-11-25,,,,HTML,HTML,JS required,,,,,,
CALLANDER M,CALLANDER M,Lower,custom_html_pdf,https://www.mycallander.ca/en/local-government/meetings,https://callander.civicweb.net/Portal/,,https://callander.civicweb.net/Portal/,,,,,HTML,HTML,Access to portal requires clicking through main page,,,,,,
CALVIN M,CALVIN M,Lower,custom_html_pdf,https://calvintownship.ca/en/council-and-council-business/council/meetings-agendas,,,https://calvintownship.ca/uploads/November%2025%20Approved%20Minutes.pdf,2025-11-25,https://calvintownship.ca/uploads/Agenda%20Dec%2016.pdf,2025-12-16,PDF,PDF,,,,,,,,
CAMBRIDGE C,CAMBRIDGE C,Lower,other_unknown,https://calendar.cambridge.ca/council,https://pub-cambridge.escribemeetings.com/,,https://pub-cambridge.escribemeetings.com/,https://calendar.cambridge.ca/council,2025-11-25,https://calendar.cambridge.ca/council,2025-12-15,HTML,PDF,Calendar based portal (eSolutions),,,,,,
CARLETON PLACE TP,CARLETON PLACE TP,Lower,escribe,https://pub-carletonplace.escribemeetings.com/,https://pub-carletonplace.escribemeetings.com/,,https://pub-carletonplace.escribemeetings.com:443/FileStream.ashx?DocumentId=16666,2026-04-09,https://pub-carletonplace.escribemeetings.com/Meeting.aspx?Id=6a48ce84-a46c-4108-8768-7bcd7c426544&Agenda=Agenda&lang=English,2025-12-09,,HTML,JS required,,,,,,,
CARLING TP,CARLING TP,Lower,custom_html_pdf,https://carling.ca/municipal-information/info-about-carling-council/agenda-and-minutes/,https://carling.ca/municipal-information/info-about-carling-council/agenda-and-minutes/,,https://carling.ca/municipal-information/info-about-carling-council/agenda-and-minutes/,2025-08-12,https://carling.ca/wp-content/uploads/2025-12-09-Council-Agenda-Package-1.pdf,2025-12-09,PDF,PDF,,,,,,,,
CARLOW MAYO TP,CARLOW MAYO TP,Lower,other_unknown,https://carlowmayoon.diligent.community/Portal/,https://carlowmayo.civicweb.net/Portal/,https://carlowmayo.ca/council/council-meetings-agendas/agendas/,https://carlowmayo.civicweb.net/Portal/,,,,HTML,HTML,Diligent Community portal; JS required,,,,,,,
CASEY TP,CASEY TP,Lower,custom_html_pdf,https://casey.ca/minutes/,https://casey.ca/minutes/,https://casey.ca/agendas-2025/,https://casey.ca/minutes/,2025-11-12,https://casey.ca/agendas-2025/,2025-11-12,HTML,HTML,Separate pages for minutes/agendas,,,,,,,
CASSELMAN M,CASSELMAN M,Lower,escribe,https://pub-casselman.escribemeetings.com/,https://pub-casselman.escribemeetings.com/,,https://pub-casselman.escribemeetings.com/FileStream.ashx?DocumentId=1112,2026-04-09,,,HTML,HTML,JS required,,,,,,,
CAVAN MONAGHAN TP,CAVAN MONAGHAN TP,Lower,escribe,https://pub-cavanmonaghan.escribemeetings.com/,,,https://pub-cavanmonaghan.escribemeetings.com/Meeting.aspx?Id=4e0daf3e-ad7e-4e74-b0d9-07bf567f2e12&Agenda=Agenda&lang=English,2025-10-06,https://pub-cavanmonaghan.escribemeetings.com/Meeting.aspx?Id=d9eeebba-2c7f-4af8-a1de-a913c46c0252&Agenda=Agenda&lang=English,2025-11-04,HTML,HTML,JS required,,,,,,,
CENTER WELLINGTON TP,CENTER WELLINGTON TP,Lower,civicweb,https://centrewellington.civicweb.net/portal/,https://zhidao.baidu.com/question/2086069024744583708.html,,https://zhidao.baidu.com/question/2086069024744583708.html,,,,,HTML,HTML,JS required,,,,,,
CENTRAL ELGIN M,CENTRAL ELGIN M,Lower,civicweb,https://centralelgin.civicweb.net/Portal/,,,https://centralelgin.civicweb.net/filepro/documents/134005?handle=325B4562D4D74780AAA7C172A052169D,2025-10-06,,,,HTML,,JS required,,,,,,
CENTRAL FRONTENAC TP,CENTRAL FRONTENAC TP,Lower,other_unknown,https://calendar.centralfrontenac.com/council,,,,,,,,HTML,HTML,Calendar based (eSolutions),,,,,,
CENTRAL HURON M,CENTRAL HURON M,Lower,civicweb,https://centralhuron.civicweb.net/Portal/,https://centralhuron.civicweb.net/Portal/,,https://centralhuron.civicweb.net/Portal/,,,,,HTML,HTML,JS required,,,,,,
CENTRAL MANITOULIN M,CENTRAL MANITOULIN M,Lower,other_unknown,https://www.centralmanitoulin.ca/our-government/council/agendas-and-minutes/,https://www.centralmanitoulin.ca/our-government/council/agendas-and-minutes/,,https://www.centralmanitoulin.ca/media/xirlffaq/council_agenda_2023_09_18.pdf,2026-04-09,https://www.centralmanitoulin.ca/media/xirlffaq/council_agenda_2023_09_18.pdf,2023-09-18,PDF,PDF,Recent docs dated 2023,,,,,,,
CENTRE HASTINGS M,CENTRE HASTINGS M,Lower,civicweb,https://centrehastings.civicweb.net/Portal/,https://stclair.civicweb.net/Portal/,,https://stclair.civicweb.net/Portal/,,,,,HTML,HTML,JS required,,,,,,
CHAMBERLAIN TP,CHAMBERLAIN TP,Lower,NOT_FOUND,https://www.chamberlaintownship.com/,https://www.chamberlain.com/ca,,https://www.chamberlain.com/ca,,,,,HTML,HTML,Website under construction,,,,,,
CHAMPLAIN TP,CHAMPLAIN TP,Lower,escribe,https://pub-champlain.escribemeetings.com/,https://pub-champlain.escribemeetings.com/,,https://pub-champlain.escribemeetings.com/FileStream.ashx?DocumentId=13673,2026-04-09,https://pub-champlain.escribemeetings.com/Meeting.aspx?Id=95a51c89-4ecd-40ab-b941-07cd7f4bdd55&Agenda=Agenda&lang=English,2025-10-22,HTML,HTML,JS required,,,,,,,
CHAPLEAU TP,CHAPLEAU TP,Lower,custom_html_pdf,https://chapleau.ca/township/administration/council-agenda-minutes/,https://www.chapleau.ca/township/administration/council-agenda-minutes/,,https://www.chapleau.ca/township/administration/council-agenda-minutes/,2025-09-22,,,,PDF,PDF,,,,,,,
CHAPPLE TP,CHAPPLE TP,Lower,civicweb,https://chapple.civicweb.net/Portal/,https://chapple.civicweb.net/Portal/,,https://chapple.civicweb.net/Portal/,,,,,HTML,HTML,JS required,,,,,,
CHARLTON AND DACK M,CHARLTON AND DACK M,Lower,custom_html_pdf,http://www.charltonanddack.com/council,https://www.charltonafc.com/,,https://cdn.charltonafc.com/sites/default/files/2026-03/2026%3A27%20Season%20Ticket%20FAQs.pdf,2026-04-09,,,,HTML,HTML,No recent documents found,,,,,,
CHATHAM KENT M,CHATHAM KENT M,Single,escribe,https://pub-chatham-kent.escribemeetings.com/,,,https://pub-chatham-kent.escribemeetings.com/Meeting.aspx?Id=83633a45-4153-4ff4-a28d-d5a6014c5f63&Agenda=Agenda&lang=English,2024-05-27,https://pub-chatham-kent.escribemeetings.com/Meeting.aspx?Id=83633a45-4153-4ff4-a28d-d5a6014c5f63&Agenda=Agenda&lang=English,2024-05-27,HTML,HTML,JS required,,,,,,,
CHATSWORTH TP,CHATSWORTH TP,Lower,custom_html_pdf,https://chatsworth.ca/government/agendas-and-minutes/,,,https://chatsworth.ca/wp-content/uploads/2025/08/16-May-3-2023-1.pdf,2023-05-03,https://chatsworth.ca/wp-content/uploads/2025/08/18-June-7-2023.pdf,2023-06-07,PDF,PDF,Recent docs dated 2023,,,,,,,
CHISHOLM TP,CHISHOLM TP,Lower,custom_html_pdf,https://chisholm.ca/en/your-government/meetings-agendas,https://www.chisholm.ca/en/your-government/meetings-agendas,https://chisholm.ca/en/your-government/meetings-agendas,"https://www.chisholm.ca/uploads/documents/Elections/Agenda Package April 8, 2026.pdf",2026-04-09,https://chisholm.ca/en/your-government/meetings-agendas/show/show/regular-council-meeting-2025-11-25,2025-11-25,PDF,HTML,Dates in snippets indicate 2025 meetings planned,,,,,,,
CLARENCE ROCKLAND C,CLARENCE ROCKLAND C,Lower,custom_html_pdf,https://www.clarence-rockland.com/en/city-hall/municipal-council/municipal-council-committee-meeting-calendar,https://clarencerockland.civicweb.net/Portal/,https://www.clarence-rockland.com/en/city-hall/municipal-council/municipal-council-committee-meeting-calendar,https://clarencerockland.civicweb.net/Portal/,,https://www.clarence-rockland.com/en/city-hall/council/meetings-minutes/council-regular-meeting-10-dec-2025,2025-12-10,,HTML,Calendar-based portal,,,,,,,
CLARINGTON M,CLARINGTON M,Lower,escribe,https://pub-clarington.escribemeetings.com/meetingscalendarview.aspx,https://pub-clarington.escribemeetings.com/meetingscalendarview.aspx,https://pub-clarington.escribemeetings.com/meetingscalendarview.aspx,https://pub-clarington.escribemeetings.com/FileStream.ashx?DocumentId=62013,2026-04-09,https://pub-clarington.escribemeetings.com/meetingscalendarview.aspx,2025-12-15,PDF,HTML,eSCRIBE portal; JS required,,,,,,,
CLEARVIEW TP,CLEARVIEW TP,Lower,custom_html_pdf,https://www.clearview.ca/government-committees/council/agenda-minutes,https://www.clearview.ca/government-committees/council/agenda-minutes,https://www.clearview.ca/government-committees/council/agenda-minutes,https://www.clearview.ca/file/2025-11-24-council-meeting-minutespdf-0,2025-11-24,,,PDF,,Drupal CMS,,,,,,,
COBALT TP,COBALT TP,Lower,custom_html_pdf,https://cobalt.ca/residents/mayor-council/,https://cobalt.ca/residents/mayor-council/,https://cobalt.ca/residents/mayor-council/,https://cobalt.ca/wp-content/uploads/2026/03/March-31-2026-Council-Meeting-Package.pdf,2026-04-09,https://cobalt.ca/wp-content/uploads/2025/12/Agenda-Special-Meeting-December-16-2025.pdf,2025-12-16,PDF,PDF,WordPress site,,,,,,,
COBOURG TP,COBOURG TP,Lower,escribe,https://pub-cobourg.escribemeetings.com/,https://pub-cobourg.escribemeetings.com/,https://pub-cobourg.escribemeetings.com/,https://pub-cobourg.escribemeetings.com/,,https://pub-cobourg.escribemeetings.com/,2025-12-17,,HTML,eSCRIBE portal; JS required,,,,,,,
COCHRANE TP,COCHRANE TP,Lower,custom_html_pdf,https://cochraneontario.com/town-hall/council-meetings/,https://cochrane.civicweb.net/Portal/,https://cochraneontario.com/town-hall/council-meetings/,https://cochrane.civicweb.net/Portal/,,,,2025-12-09,,HTML,Website mentions iCompass but primary is Custom,,,,,,
COCKBURN ISLAND TP,COCKBURN ISLAND TP,Lower,custom_html_pdf,https://cockburnisland.ca/council.php,https://cockburnisland.ca/council.php,https://cockburnisland.ca/council.php,https://cockburnisland.ca/docs/2025/FinancialStatement-2023.pdf,2026-04-09,,,PDF,,Simple HTML table,,,,,,,
COLEMAN TP,COLEMAN TP,Lower,custom_html_pdf,https://colemantownship.ca/municipal-services/council/,https://colemantownship.ca/municipal-services/council/,https://colemantownship.ca/municipal-services/council/,,,,,,PDF,,Verified domain colemantownship.ca,,,,,,
COLLINGWOOD TP,COLLINGWOOD TP,Lower,escribe,https://pub-collingwood.escribemeetings.com/,https://pub-collingwood.escribemeetings.com/,https://pub-collingwood.escribemeetings.com/,https://pub-collingwood.escribemeetings.com/FileStream.ashx?DocumentId=8864,2026-04-09,https://pub-collingwood.escribemeetings.com/Meeting.aspx?Id=be77a4c4-5f4a-4bc9-b4d1-164d62517f3e&lang=English,2025-12-08,,HTML,eSCRIBE portal; JS required,,,,,,,
CONMEE TP,CONMEE TP,Lower,custom_html_pdf,https://www.conmee.com/p/meetings,https://www.conmee.com/p/meetings,https://www.conmee.com/p/meetings,,,https://www.conmee.com/p/meetings,2025-10-28,,HTML,All-Net Municipal Solutions,,,,,,,
CORNWALL C,CORNWALL C,Lower,custom_html_pdf,https://www.cornwall.ca/en/city-hall/council-meetings.aspx,https://pub-cornwall.escribemeetings.com/,https://www.cornwall.ca/en/city-hall/council-meetings.aspx,https://pub-cornwall.escribemeetings.com/,,,,2025-12-08,,HTML,Embedded calendar,,,,,,
CRAMAHE TP,CRAMAHE TP,Lower,escribe,https://pub-cramahe.escribemeetings.com/,https://pub-cramahe.escribemeetings.com/,https://pub-cramahe.escribemeetings.com/,https://pub-cramahe.escribemeetings.com/FileStream.ashx?DocumentId=32906,2026-04-09,https://pub-cramahe.escribemeetings.com/Meeting.aspx?Id=2fa3d262-5374-412c-a9e4-39c57570d38f&Agenda=Agenda&lang=English,2025-12-18,,HTML,eSCRIBE portal; JS required,,,,,,,
DAWN EUPHEMIA TP,DAWN EUPHEMIA TP,Lower,custom_html_pdf,https://dawneuphemia.ca/council-committees/council-meeting-agendas-and-minutes/,https://dawneuphemia.ca/council-committees/council-meeting-agendas-and-minutes/,https://dawneuphemia.ca/council-committees/council-meeting-agendas-and-minutes/,https://dawneuphemia.ca/wp-content/uploads/2025/10/Council-Meetings-2026.pdf,2026-04-09,https://dawneuphemia.ca/council-committees/council-meeting-agendas-and-minutes/,2025-12-15,PDF,HTML,,,,,,,,
DAWSON TP,DAWSON TP,Lower,custom_html_pdf,https://www.dawsontownship.ca/council-administration/council-minutes-zoning-documents/,https://www.dawsontownship.ca/council-administration/council-minutes-zoning-documents/,https://www.dawsontownship.ca/council-administration/council-minutes-zoning-documents/,https://www.dawsontownship.ca/wp-content/uploads/2023/02/dawson_council_minutes_may_2_2012-1.pdf,2026-04-09,,,PDF,,,,,,,,,
DEEP RIVER TP,DEEP RIVER TP,Lower,custom_html_pdf,https://www.deepriver.ca/town-hall/minutes-agendas/,https://deepriver.civicweb.net/Portal/,https://www.deepriver.ca/town-hall/minutes-agendas/,https://deepriver.civicweb.net/Portal/,,,,2025-12-16,,HTML,,,,,,,
DESERONTO TP,DESERONTO TP,Lower,custom_html_pdf,https://www.deseronto.ca/council-minutes,https://www.deseronto.ca/council-minutes,https://www.deseronto.ca/council-agenda,https://www.deseronto.ca/s/Minutes-November-22-2023.pdf,2026-04-09,https://www.deseronto.ca/events/2025/12/10/planning-meeting-wednesday-december-10-2025,2025-12-10,PDF,HTML,Squarespace site,,,,,,,
DORION TP,DORION TP,Lower,custom_html_pdf,https://doriontownship.ca/township/council/agendas-minutes,https://doriontownship.ca/township/council/agendas-minutes,https://doriontownship.ca/township/council/agendas-minutes,https://doriontownship.ca/application/files/4517/6460/6066/AGENDA_-18-NOVEMBER-2025.pdf,2026-04-09,,,PDF,,File list requires JS,,,,,,,
DOURO DUMMER TP,DOURO DUMMER TP,Lower,escribe,https://pub-douro-dummer.escribemeetings.com/,https://pub-douro-dummer.escribemeetings.com/,https://pub-douro-dummer.escribemeetings.com/,https://pub-douro-dummer.escribemeetings.com/,2025-08-05,https://pub-douro-dummer.escribemeetings.com/Meeting.aspx?Id=67f60084-6309-4657-be75-6bf0da3d7d60,2025-12-16,PDF,HTML,eSCRIBE portal; JS required,,,,,,,
DRUMMOND NORTH ELMSLEY TP,DRUMMOND NORTH ELMSLEY TP,Lower,custom_html_pdf,https://dnetownship.ca/township-services/council/council-and-committee-calendar,https://drummondnorthelmsley.civicweb.net/Portal/,https://dnetownship.ca/township-services/council/council-and-committee-calendar,https://drummondnorthelmsley.civicweb.net/filepro/document/66105/26-01-13 - Committee of the Whole Minutes (1).pdf,2026-04-09,,,2024-08-27,,HTML,Joomla calendar,,,,,,
DRYDEN C,DRYDEN C,Lower,escribe,https://pub-dryden.escribemeetings.com/,https://pub-dryden.escribemeetings.com/,https://pub-dryden.escribemeetings.com/,https://pub-dryden.escribemeetings.com/,2024-01-22,,,HTML,eSCRIBE portal; JS required,,,,,,,,
DUBREUILVILLE TP,DUBREUILVILLE TP,Lower,custom_html_pdf,https://dubreuilville.ca/town-hall/mayor-council/municipal-council-meeting-agendas-minutes/,https://www.dubreuilville.ca/town-hall/mayor-council/municipal-council-meeting-agendas-minutes/,https://dubreuilville.ca/town-hall/mayor-council/municipal-council-meeting-agendas-minutes/,https://www.dubreuilville.ca/town-hall/mayor-council/municipal-council-meeting-agendas-minutes/,2023-02-08,,,PDF,,,,,,,,,
DUTTON DUNWICH M,DUTTON DUNWICH M,Lower,custom_html_pdf,https://www.duttondunwich.on.ca/municipal-services/council-committee-calendar-agendas-minutes,https://pub-duttondunwich.escribemeetings.com/,https://www.duttondunwich.on.ca/municipal-services/council-committee-calendar-agendas-minutes,https://pub-duttondunwich.escribemeetings.com/,,,,,HTML,,,,,,,,
DYSART ET AL M,DYSART ET AL M,Lower,civicweb,https://dysartetal.civicweb.net/portal/,https://dysartetal.civicweb.net/Portal/,https://dysartetal.civicweb.net/portal/,https://dysartetal.civicweb.net/Portal/,,,,,HTML,iCompass/CivicWeb; JS required,,,,,,,
EAR FALLS TP,EAR FALLS TP,Lower,custom_html_pdf,https://ear-falls.com/residents/council-agendas-and-minutes/,https://ear-falls.com/residents/council-agendas-and-minutes/,https://ear-falls.com/residents/council-agendas-and-minutes/,https://ear-falls.com/wp-content/uploads/2026/03/April-1-2026-Agenda-Proposed-Motions.pdf,2026-04-09,https://ear-falls.com/resources/november-19-2025-regular-meeting-of-council/,2025-11-19,PDF,HTML,,,,,,,,
EAST FERRIS M,EAST FERRIS M,Lower,escribe,https://pub-eastferris.escribemeetings.com/,https://stclair.civicweb.net/Portal/,https://pub-eastferris.escribemeetings.com/,https://stclair.civicweb.net/Portal/,2025-11-12,https://pub-eastferris.escribemeetings.com/Meeting.aspx?Id=8d00ec82-850e-4617-aea1-31a62eee5367,2025-11-25,PDF,HTML,,,,,,,,
EAST GARAFRAXA TP,EAST GARAFRAXA TP,Lower,custom_html_pdf,https://calendar.eastgarafraxa.ca/council,https://stclair.civicweb.net/Portal/,https://calendar.eastgarafraxa.ca/council,https://stclair.civicweb.net/Portal/,,,,HTML,HTML,Calendar portal; PDFs hosted within events,,,,,,,
EAST GWILLIMBURY TP,EAST GWILLIMBURY TP,Lower,civicweb,https://eastgwillimbury.civicweb.net/Portal/,https://stclair.civicweb.net/Portal/,https://eastgwillimbury.civicweb.net/Portal/,https://stclair.civicweb.net/Portal/,2025-12-16,https://eastgwillimbury.civicweb.net/filepro/documents/199757,2025-12-16,PDF,HTML,,,,,,,,
EAST HAWKESBURY TP,EAST HAWKESBURY TP,Lower,custom_html_pdf,https://www.easthawkesbury.ca/en/township-hall/council-and-council-meetings/agendas-minutes-and-videos/,https://stclair.civicweb.net/Portal/,https://www.easthawkesbury.ca/en/township-hall/council-and-council-meetings/agendas-minutes-and-videos/,https://stclair.civicweb.net/Portal/,,,,HTML,HTML,JS required; uses embedded eSolutions or similar filter,,,,,,,
EAST ZORRA TAVISTOCK TP,EAST ZORRA TAVISTOCK TP,Lower,escribe,https://pub-ezt.escribemeetings.com/,https://stclair.civicweb.net/Portal/,https://pub-ezt.escribemeetings.com/,https://stclair.civicweb.net/Portal/,2025-01-15,https://pub-ezt.escribemeetings.com/Meeting.aspx?Id=8d00ec82-850e-4617-aea1-31a62eee5367,2025-02-05,PDF,HTML,,,,,,,,
EDWARDSBURGH CARDINAL TP,EDWARDSBURGH CARDINAL TP,Lower,escribe,https://pub-twpec.escribemeetings.com/,https://pub-twpec.escribemeetings.com/,https://pub-twpec.escribemeetings.com/,https://pub-twpec.escribemeetings.com:443/FileStream.ashx?DocumentId=20343,2026-04-09,,https://pub-twpec.escribemeetings.com/Meeting.aspx?Id=42da51c2-bf8d-4fe1-89da-7b4a8f006103,2024-07-22,PDF,HTML,,,,,,,
ELIZABETHTOWN KITLEY TP,ELIZABETHTOWN KITLEY TP,Lower,civicweb,https://elizabethtownkitley.civicweb.net/Portal/,https://elizabethtownkitley.civicweb.net/Portal/,https://elizabethtownkitley.civicweb.net/Portal/,https://elizabethtownkitley.civicweb.net/Portal/,,,,PDF,HTML,,,,,,,,
ELLIOT LAKE C,ELLIOT LAKE C,Lower,escribe,https://pub-elliotlake.escribemeetings.com/,https://www.elliotlake.ca/en/city-hall/agendas-and-minutes.aspx,https://pub-elliotlake.escribemeetings.com/,https://www.elliotlake.ca/en/city-hall/agendas-and-minutes.aspx,2025-10-27,https://pub-elliotlake.escribemeetings.com/Meeting.aspx?Id=3221b9ed-15a6-46bf-a332-81cddf534c2e,2025-10-31,PDF,HTML,,,,,,,,
EMO TP,EMO TP,Lower,other_unknown,https://township-of-emo.community.highbond.com/Portal/,https://emo.ca/agendas-minutes/,https://township-of-emo.community.highbond.com/Portal/,https://emo.ca/wp-content/uploads/2025/06/11-June-11-2025-Regular-Council-Meeting-Agenda.pdf,2026-04-09,,,HTML,HTML,Diligent HighBond portal,,,,,,,
ENGLEHART TP,ENGLEHART TP,Lower,custom_html_pdf,https://www.englehart.ca/p/englehart-municipal-council,https://englehart.civicweb.net/Portal/,https://www.englehart.ca/p/englehart-municipal-council,https://englehart.civicweb.net/Portal/,,,,HTML,HTML,Documents listed as packages; no direct file links stable,,,,,,,
ENNISKILLEN TP,ENNISKILLEN TP,Lower,custom_html_pdf,https://www.enniskillen.ca/minutes-agendas/,https://www.enniskillen.ca/minutes-agendas/,https://www.enniskillen.ca/minutes-agendas/,https://www.enniskillen.ca/wp-content/uploads/2026/04/Agenda-Council-April-7-2026.pdf,2026-04-09,https://www.enniskillen.ca/wp-content/uploads/2025/12/Agenda-Council-December-15-2025.pdf,2025-12-15,PDF,PDF,,,,,,,,
ERIN TP,ERIN TP,Lower,escribe,https://pub-erin.escribemeetings.com/,https://pub-erin.escribemeetings.com/,https://pub-erin.escribemeetings.com/,https://pub-erin.escribemeetings.com/FileStream.ashx?DocumentId=18592,2026-04-09,https://pub-erin.escribemeetings.com/Meeting.aspx?Id=0e3924f5-7312-409e-9eb3-db6ef7e50e80,2025-12-11,PDF,HTML,,,,,,,,
ESPANOLA TP,ESPANOLA TP,Lower,escribe,https://pub-espanola.escribemeetings.com/,https://pub-espanola.escribemeetings.com/,https://pub-espanola.escribemeetings.com/,https://pub-espanola.escribemeetings.com/filestream.ashx?DocumentId=12018,2025-05-13,https://pub-espanola.escribemeetings.com/Meeting.aspx?Id=725f1078-0330-488d-bb1b-c9de2d39b28a,2025-05-27,PDF,HTML,,,,,,,,
ESSA TP,ESSA TP,Lower,custom_html_pdf,https://www.essatownship.on.ca/council-administration/agendas-and-minutes/,https://www.esaa.dz/,https://www.essatownship.on.ca/council-administration/agendas-and-minutes/agendas/,https://www.esaa.dz/,,,,HTML,HTML,Manual lists; no portal detected,,,,,,,
ESSEX TP,ESSEX TP,Lower,escribe,https://townofessex-pub.escribemeetings.com/,https://townofessex-pub.escribemeetings.com/meetingscalendarview.aspx?Expanded=Regular+Council+Meeting,https://townofessex-pub.escribemeetings.com/,https://townofessex-pub.escribemeetings.com/FileStream.ashx?DocumentId=27117,2026-04-09,,https://townofessex-pub.escribemeetings.com/Meeting.aspx?Id=0e3924f5-7312-409e-9eb3-db6ef7e50e80,2025-11-17,PDF,HTML,,,,,,,
EVANTUREL TP,EVANTUREL TP,Lower,NOT_FOUND,https://evanturel.com/council,https://evanturel.com/council/minutes-agendas/,https://evanturel.com/council,https://evanturel.com/council/minutes-agendas/,,,,HTML,HTML,Documents available upon request only,,,,,,,
FARADAY TP,FARADAY TP,Lower,civicweb,https://faraday.civicweb.net/Portal/,https://faraday.civicweb.net/Portal/,https://faraday.civicweb.net/Portal/,https://faraday.civicweb.net/Portal/,,,,PDF,HTML,,,,,,,,
FAUQUIER STRICKLAND TP,FAUQUIER STRICKLAND TP,Lower,custom_html_pdf,https://www.fauquierstrickland.com/en/,https://stclair.civicweb.net/Portal/,https://www.fauquierstrickland.com/en/,https://stclair.civicweb.net/Portal/,,,,HTML,HTML,Limited online archives found,,,,,,,
FORT ERIE TP,FORT ERIE TP,Lower,escribe,https://pub-forterie.escribemeetings.com/,https://pub-forterie.escribemeetings.com/,https://pub-forterie.escribemeetings.com/,https://pub-forterie.escribemeetings.com/FileStream.ashx?DocumentId=34787,2026-04-09,https://pub-forterie.escribemeetings.com/Meeting.aspx?Id=f66a8f02-6370-474a-b314-d8ae19a1d29d,2025-12-15,PDF,HTML,,,,,,,,
FORT FRANCES TP,FORT FRANCES TP,Lower,civicweb,https://fortfrances.civicweb.net/Portal/,https://fortfrances.civicweb.net/Portal/,https://fortfrances.civicweb.net/Portal/,https://fortfrances.civicweb.net/Portal/,,,,PDF,HTML,,,,,,,,
FRENCH RIVER M,FRENCH RIVER M,Lower,civicweb,https://frenchriver.civicweb.net/Portal/,https://frenchriver.civicweb.net/Portal/,https://frenchriver.civicweb.net/Portal/,https://frenchriver.civicweb.net/Portal/,,,,PDF,HTML,,,,,,,,
FRONT OF YONGE TP,FRONT OF YONGE TP,Lower,civicweb,https://mallorytown.civicweb.net/Portal/,https://zhidao.baidu.com/question/765412751504246844.html,https://mallorytown.civicweb.net/Portal/,https://zhidao.baidu.com/question/765412751504246844.html,,,,PDF,HTML,,,,,,,,
FRONTENAC ISLANDS TP,FRONTENAC ISLANDS TP,Lower,civicweb,https://frontenacislands.civicweb.net/Portal/,https://frontenacislands.community-ca.diligentoneplatform.com,https://frontenacislands.civicweb.net/Portal/,https://frontenacislands.community-ca.diligentoneplatform.com,,,,PDF,HTML,,,,,,,,
GANANOQUE TP,GANANOQUE TP,Lower,custom_html_pdf,https://www.gananoque.ca/town-hall/town-council/council-meetings,https://www.gananoque.ca/town-hall/town-council/council-meetings,https://www.gananoque.ca/town-hall/town-council/council-meetings,https://s3.ca-central-1.amazonaws.com/gananoque.ca/s3fs-public/meetings/agendas/Agenda-Council-10-With Paperclips-08Apr2026.pdf,2026-04-09,https://s3.ca-central-1.amazonaws.com/gananoque.ca/s3fs-public/meetings/agendas/Agenda-Council-24-With%20Paperclips-07Nov2023.pdf,2023-11-07,PDF,PDF,,,,,,,,
GAUTHIER TP,GAUTHIER TP,Lower,NOT_FOUND,,https://www.gauthierchrysler.com/,,https://www.gauthierchrysler.com/GAUTHIER-2023-FORCED-LABOUR-AND-CHILD-LABOUR.pdf,2026-04-09,,2025-12-16,,,No official website found,,,,,,,
GEORGIAN BAY TP,Georgian Bay,Lower,civicweb,https://georgianbay.civicweb.net/Portal/,https://georgianbay.civicweb.net/Portal/MeetingTypeList.aspx,https://georgianbay.civicweb.net/Portal/MeetingTypeList.aspx,https://georgianbay.civicweb.net/document/238947,2025-10-06,https://georgianbay.civicweb.net/Portal/MeetingInformation.aspx?Id=1285,2025-12-18,PDF,HTML,"CivicWeb portal; ""Council Connects"" summaries available. Recent focus on firearm bylaws.",,,,,,,
GEORGIAN BLUFFS TP,Georgian Bluffs,Lower,escribe,https://pub-georgianbluffs.escribemeetings.com/,https://pub-georgianbluffs.escribemeetings.com/,https://pub-georgianbluffs.escribemeetings.com/,https://pub-georgianbluffs.escribemeetings.com/,2025-11-25,https://pub-georgianbluffs.escribemeetings.com/Meeting.aspx?Id=e3f25118-b2ec-46a1-bba3-1ef18e4bd9bd,2025-12-15,PDF,HTML,eScribe; Video embedded. Dec 15 meeting on 2026 Budget (4.76% tax hike).,,,,,,,
GEORGINA T,Georgina,Lower,escribe,https://pub-georgina.escribemeetings.com/,https://www.georgina.ca/municipal-government/council-meetings/agendas-minutes-and-meetings,https://pub-georgina.escribemeetings.com/,https://www.georgina.ca/sites/default/files/2026-01/2026-council-meeting-calendar-jan2026.pdf,2026-04-09,https://pub-georgina.escribemeetings.com/Meeting.aspx?Id=60414442-dc5e-4e51-87cf-c3d307fe16aa,2025-12-02,HTML,HTML,eScribe; Conflict Registry available. Dec 2 Special Meeting for Budget.,,,,,,,
GILLIES TP,Gillies,Lower,custom_html_pdf,https://calendar.gilliestownship.com/meetings,https://www.gilliestownship.com/en/our-government/agendas-and-minutes.aspx,https://calendar.gilliestownship.com/meetings,https://www.gilliestownship.com/en/our-government/agendas-and-minutes.aspx,2025-11-10,https://calendar.gilliestownship.com/meetings/Detail/2025-12-15-1830-Regular-Council-Meeting-CANCELLED/4228dbbe-7f30-47a9-ae63-b3b101659c0b,2025-12-15,PDF,PDF,Custom Calendar (eSolutions). Dec 15 meeting cancelled. Voyent Alert system in use.,,,,,,,
GODERICH T,Goderich,Lower,escribe,https://pub-goderich.escribemeetings.com/,https://pub-goderich.escribemeetings.com/,https://pub-goderich.escribemeetings.com/,https://pub-goderich.escribemeetings.com/,2025-09-08,https://pub-goderich.escribemeetings.com/Meeting.aspx?Id=8e20c015-df2a-477c-945e-8df1c5f2f5b4,2025-12-15,HTML,HTML,eScribe; Hybrid meetings. Dec 15 Special Council on 2026 Draft Fee By-Law.,,,,,,,
GORDON/BARRIE ISLAND M,Gordon/Barrie Island,Lower,custom_html_pdf,https://www.gordonbarrieisland.ca/government/agendas-and-minutes/,https://www.gordonbarrieisland.ca/government/agendas-and-minutes/,https://www.gordonbarrieisland.ca/government/agendas-and-minutes/,https://www.gordonbarrieisland.ca/app/download/20089563825/Minutes+of+Council+Meeting+January+13+2026.docx?t=1771423303,2026-04-09,https://www.gordonbarrieisland.ca/government/agendas-and-minutes/,2025-12-02,PDF,PDF,Custom HTML. Manual PDF uploads. Strong opposition to Gore Bay annexation in late 2025.,,,,,,,
GORE BAY T,Gore Bay,Lower,civicweb,https://gorebay.civicweb.net/Portal/,https://gorebay.civicweb.net/Portal/,https://gorebay.civicweb.net/Portal/,https://gorebay.civicweb.net/Portal/,2025-11-24,https://gorebay.civicweb.net/Portal/MeetingInformation.aspx?Id=1452,2025-12-08,PDF,HTML,CivicWeb. Downtown Revitalization Project focus. Annexation discussions active.,,,,,,,
GRAND VALLEY T,Grand Valley,Lower,escribe,https://pub-townofgrandvalley.escribemeetings.com/,https://pub-townofgrandvalley.escribemeetings.com/,https://pub-townofgrandvalley.escribemeetings.com/,https://pub-townofgrandvalley.escribemeetings.com/,2025-11-25,https://pub-townofgrandvalley.escribemeetings.com/Meeting.aspx?Id=ba0624ab-a795-4594-ba5c-fa98e3db1334,2025-12-09,HTML,HTML,eScribe. Lameront/Sahm Drainage By-law and 2026 Budget Info Night (Nov 26).,,,,,,,
GRAVENHURST T,Gravenhurst,Lower,civicweb,https://gravenhurst.civicweb.net/Portal/,https://stclair.civicweb.net/Portal/,https://gravenhurst.civicweb.net/Portal/,https://stclair.civicweb.net/Portal/,2025-11-25,https://gravenhurst.civicweb.net/Portal/MeetingInformation.aspx?Id=2451,2025-12-16,PDF,HTML,"CivicWeb. Integrated with ""Engage Gravenhurst"". Winter Parking By-law reinstated Dec 16.",,,,,,,
GREATER MADAWASKA TP,Greater Madawaska,Lower,civicweb,https://greatermadawaska.civicweb.net/Portal/,https://greatermadawaska.civicweb.net/Portal/,https://greatermadawaska.civicweb.net/Portal/,https://greatermadawaska.civicweb.net/document/8912,2025-11-06,https://greatermadawaska.civicweb.net/Portal/MeetingInformation.aspx?Id=1021,2025-12-10,PDF,HTML,CivicWeb. Health & Wellness Hub town halls in Dec 2025. Black Donald Pit expansion.,,,,,,,
GREATER NAPANEE T,Greater Napanee,Lower,civicweb,https://greaternapanee.civicweb.net/Portal/,https://greaternapanee.civicweb.net/Portal/,https://greaternapanee.civicweb.net/Portal/,https://greaternapanee.civicweb.net/document/229941,2025-12-02,https://greaternapanee.civicweb.net/Portal/MeetingInformation.aspx?Id=2450,2025-12-09,PDF,HTML,CivicWeb. Special Meeting Dec 2 for CarbonFree Technology deputations. Council Highlights pub.,,,,,,,
GREATER SUDBURY C,Greater Sudbury,Single,escribe,https://pub-greatersudbury.escribemeetings.com/,https://pub-greatersudbury.escribemeetings.com/,https://pub-greatersudbury.escribemeetings.com/,https://pub-greatersudbury.escribemeetings.com/FileStream.ashx?DocumentId=60019,2026-04-09,https://pub-greatersudbury.escribemeetings.com/Meeting.aspx?Id=f610b850-d96a-4339-9947-562d78044965,2025-12-09,HTML,HTML,eScribe (Bilingual). Meetings moved to Lionel E. Lalonde Centre. 2026 Interim Tax Levy By-law.,,,,,,,
GREENSTONE M,Greenstone,Lower,civicweb,https://greenstone.civicweb.net/Portal/,https://stclair.civicweb.net/Portal/,https://greenstone.civicweb.net/Portal/,https://stclair.civicweb.net/Portal/,2025-10-27,https://greenstone.civicweb.net/Portal/MeetingInformation.aspx?Id=901,2025-12-16,PDF,HTML,"CivicWeb. Ended Specialized Transit effective Jan 1, 2026. $749k grant for Community Centre.",,,,,,,
GREY HIGHLANDS M,Grey Highlands,Lower,civicweb,https://greyhighlands.civicweb.net/Portal/,https://greyhighlands.civicweb.net/Portal/,https://greyhighlands.civicweb.net/Portal/,https://greyhighlands.civicweb.net/document/340085,2025-12-03,https://greyhighlands.civicweb.net/Portal/MeetingInformation.aspx?Id=1455,2025-12-17,PDF,HTML,CivicWeb. Building Fees Review public meeting Dec 3. 2026 meeting schedule adopted.,,,,,,,
GRIMSBY T,Grimsby,Lower,escribe,https://pub-grimsby.escribemeetings.com/,https://pub-grimsby.escribemeetings.com/,https://pub-grimsby.escribemeetings.com/,https://pub-grimsby.escribemeetings.com/,2025-12-01,https://pub-grimsby.escribemeetings.com/Meeting.aspx?Id=3e587cba-e2f0-41b4-b846-256091870566,2025-12-15,HTML,HTML,eScribe. Fire Services Review. Donations to McNally House Hospice. Heritage Advisory active.,,,,,,,
GUELPH C,Guelph,Single,escribe,https://pub-guelph.escribemeetings.com/,https://pub-guelph.escribemeetings.com/,https://pub-guelph.escribemeetings.com/,https://pub-guelph.escribemeetings.com/,2025-11-26,https://pub-guelph.escribemeetings.com/Meeting.aspx?Id=44be208c-b27d-4319-ad8f-673e3dcc3c8c,2025-12-09,HTML,HTML,eScribe. Affordable Housing CIP Amendment Dec 9. Strong Mayor Directive on bike lane plowing.,,,,,,,
GUELPH/ERAMOSA TP,Guelph/Eramosa,Lower,custom_html_pdf,https://www.get.on.ca/township-services/committee/mayor-and-council,https://www.get.on.ca/township-services/council/agendas-and-minutes,https://www.get.on.ca/township-services/committee/committee-of-the-whole/meetings,https://www.get.on.ca/township-services/council/agendas-and-minutes,2025-11-17,https://www.get.on.ca/township-services/committee/committee-of-the-whole/agendas/2025-12-08-cancelled,2025-12-08,PDF,PDF,Custom site links to PDFs. Dec 8 Committee of Whole cancelled. 2.71% tax increase approved.,,,,,,,
HALDIMAND COUNTY,Haldimand County,Single,escribe,https://pub-haldimandcounty.escribemeetings.com/,https://pub-haldimandcounty.escribemeetings.com/,https://pub-haldimandcounty.escribemeetings.com/,https://pub-haldimandcounty.escribemeetings.com/,2025-12-04,https://pub-haldimandcounty.escribemeetings.com/Meeting.aspx?Id=f4c3c149-0cb2-43f6-ab20-378223e7ce4b,2026-01-13,HTML,HTML,eScribe. 2026 Rate-Supported Budget passed Dec 4 (Strong Mayor). Nanticoke MZO referendum rejected.,,,,,,,
HALTON HILLS T,Halton Hills,Lower,escribe,https://pub-haltonhills.escribemeetings.com/,https://pub-haltonhills.escribemeetings.com/,https://pub-haltonhills.escribemeetings.com/,https://pub-haltonhills.escribemeetings.com/,2025-11-10,https://pub-haltonhills.escribemeetings.com/Meeting.aspx?Id=cc5f336c-e7b9-4d72-9db3-906aea193bcc,2025-12-08,HTML,HTML,eScribe. Special Meeting Dec 2 on Budget Amendments. Regional Heritage Services downloading discussed.,,,,,,,
HAMILTON C,Hamilton,Single,escribe,https://pub-hamilton.escribemeetings.com/,https://pub-milton.escribemeetings.com/,https://pub-hamilton.escribemeetings.com/,https://pub-milton.escribemeetings.com/,2025-12-03,https://pub-hamilton.escribemeetings.com/Meeting.aspx?Id=99241fd4-b88f-4db5-8946-a3d922de2e9d,2025-12-10,HTML,HTML,eScribe. Dec 10 Council: 2026 Water/Wastewater Fees By-law. Closed session minutes GIC Dec 3.,,,,,,,
HAMILTON TP,Hamilton,Lower,civicweb,https://hamiltontownship.civicweb.net/Portal/,https://hamilton.civicweb.net/Portal/,https://hamiltontownship.civicweb.net/Portal/,https://hamilton.civicweb.net/Portal/,2025-11-18,https://hamiltontownship.civicweb.net/Portal/MeetingInformation.aspx?Id=1455,2025-12-09,PDF,HTML,CivicWeb. Special Meeting Dec 9 (CUPE Negotiations). New CAO appointed Dec 16.,,,,,,,
HANOVER T,Hanover,Lower,escribe,https://pub-hanover.escribemeetings.com/,https://pub-hanover.escribemeetings.com/,https://pub-hanover.escribemeetings.com/,https://pub-hanover.escribemeetings.com:443/FileStream.ashx?DocumentId=6270,2026-04-09,https://www.hanover.ca/council-government/council-meeting-14,2025-12-15,HTML,HTML,eScribe. Dec 15 meeting includes Budget Amendments. Restructuring discussions with West Grey.,,,,,,,
HARLEY TP,Harley,Lower,custom_html_pdf,http://harley.ca/council-meetings/,http://harley.ca/council-meetings/,http://harley.ca/council-meetings/,https://harley.ca/wp-content/uploads/2024/01/December-12-2023.pdf,2026-04-09,https://harley.ca/wp-content/uploads/2025/02/January-14-2025.pdf,2025-01-14,PDF,PDF,WordPress. PDF uploads manual. Resolutions on OPP billing increases (22.5%).,,,,,,,
HARRIS TP,Harris,Lower,custom_html_pdf,https://harristownship.weebly.com/,https://harris.ca/recreation/#calendar,https://harristownship.weebly.com/,https://harris.ca/recreation/#calendar,2025-11-13,https://harristownship.weebly.com/uploads/1/2/3/4/12345678/agenda_jan_13_2026.pdf,2026-01-13,PDF,PDF,Weebly. Dec 2025 Planning meeting cancelled. Short-Term Rental Ordinance adopted.,,,,,,,
HASTINGS HIGHLANDS M,Hastings Highlands,Lower,civicweb,https://hastingshighlands.civicweb.net/Portal/,https://stclair.civicweb.net/Portal/,https://hastingshighlands.civicweb.net/Portal/,https://stclair.civicweb.net/Portal/,2025-11-19,https://hastingshighlands.civicweb.net/Portal/MeetingInformation.aspx?Id=2452,2025-12-17,PDF,HTML,CivicWeb. Dec 17 Regular Council. Unopened Road Allowance Policy By-law passed.,,,,,,,
HAVELOCK BELMONT METHUEN TP,HAVELOCK BELMONT METHUEN,Lower,custom_html_pdf,,https://www.hbmtwp.ca/en/municipal-government/agendas-and-minutes.aspx,,https://www.hbmtwp.ca/media/id3jvbyv/privacy-policy-township-of-hbm.pdf,2026-04-09,,2025-12-02,PDF,PDF,"Calendar integration; video links embedded [cite: 17, 21, 26]",,,,,,,
HAWKESBURY T,HAWKESBURY,Lower,custom_html_pdf,https://hawkesbury.ca/en/town-hall/the-municipal-council/council-minutes,https://pub-hawkesbury.escribemeetings.com/,https://hawkesbury.ca/en/town-hall/the-municipal-council/council-minutes,https://pub-hawkesbury.escribemeetings.com/FileStream.ashx?DocumentId=669,2026-04-09,https://hawkesbury.ca/en/town-hall/the-municipal-council/council-minutes,2025-12-10,HTML,HTML,"Manual index; bilingual portal [cite: 38, 48]",,,,,,,
HEAD CLARA AND MARIA TP,HEAD CLARA AND MARIA,Lower,custom_html_pdf,,https://townshipsofheadclaramaria.ca/council/minutes-agendas/,,https://townshipsofheadclaramaria.ca/council/minutes-agendas/,2025-11-24,,2025-12-11,PDF,PDF,"Static PDF directory; inconsistent naming [cite: 56, 67]",,,,,,,
HEARST T,HEARST,Lower,civicweb,https://hearst.civicweb.net,https://stclair.civicweb.net/Portal/,https://hearst.civicweb.net,https://stclair.civicweb.net/Portal/,2025-11-18,,2025-12-16,PDF,HTML,"JS required (CivicWeb); video integration [cite: 76, 79, 84]",,,,,,,
HIGHLANDS EAST M,HIGHLANDS EAST,Lower,civicweb,https://highlandseast.civicweb.net,https://stclair.civicweb.net/Portal/,https://highlandseast.civicweb.net,https://stclair.civicweb.net/Portal/,2025-11-18,,2025-12-09,PDF,HTML,"JS required (CivicWeb FilePro); hybrid meetings [cite: 94, 97, 100]",,,,,,,
HILLIARD TP,HILLIARD,Lower,custom_html_pdf,https://townshipofhilliard.ca,https://www.hilliardcorp.com/,https://townshipofhilliard.ca,https://www.hilliardcorp.com/,2025-11-19,,2025-12-17,PDF,PDF,"WordPress site; manual PDF uploads [cite: 110, 116]",,,,,,,
HILTON BEACH V,HILTON BEACH,Lower,custom_html_pdf,https://hiltonbeach.com,https://hiltonbeach.com,https://hiltonbeach.com,https://hiltonbeach.com/wp-content/uploads/sites/3/2026/03/Agenda-March-11-2026.pdf,2026-04-09,,2025-12-10,PDF,PDF,"Agendas and Minutes in separate libraries [cite: 125, 131]",,,,,,,
HILTON TP,HILTON,Lower,custom_html_pdf,https://hiltontownship.ca,https://www.reddit.com/r/Hilton/comments/13gi2p2/getting_on_wifi_at_hiltons/,https://hiltontownship.ca,https://www.reddit.com/r/Hilton/comments/13gi2p2/getting_on_wifi_at_hiltons/,2025-11-12,,2025-12-02,PDF,PDF,"Minutes posted only after approval [cite: 140, 142, 144]",,,,,,,
HORNEPAYNE TP,HORNEPAYNE,Lower,civicweb,https://townshipofhornepayne.civicweb.net,https://www.hornepayne.ca/our-government/council/council-meetings/,https://townshipofhornepayne.civicweb.net,https://www.hornepayne.ca/media/ve5bhply/deputation-presentation-request-form.pdf,2026-04-09,,2025-11-12,PDF,HTML,"JS required (CivicWeb); subscribe feature [cite: 153, 156, 158]",,,,,,,
HORTON TP,HORTON,Lower,custom_html_pdf,https://hortontownship.ca,https://www.hortonww.com/,https://hortontownship.ca,https://www.hortonww.com/,2025-11-04,,,PDF,PDF,"Manual PDF lists; no search [cite: 167, 172]",,,,,,,
HOWICK TP,HOWICK,Lower,other_unknown,,https://www.howick.ca/agendas-minutes,,https://howick.nyc3.cdn.digitaloceanspaces.com/Agendas-Minutes/March-24-2026-Council-Agenda-Package-Compressed_Redacted_2026-03-20-201819_aqdu.pdf,2026-04-09,,2025-12-09,PDF,HTML,"Calendar-based (eSolutions style); filter by type [cite: 181, 185]",,,,,,,
]HUDSON TP,HUDSON,Lower,custom_html_pdf,,https://hudson.civicweb.net/Portal/,,https://hudson.civicweb.net/Portal/,2025-11-05,,2025-12-03,PDF,PDF,"Organized by year; not searchable [cite: 192, 196]",,,,,,,
HUNTSVILLE T,HUNTSVILLE,Lower,escribe,,https://events.huntsville.ca/meetings,,https://events.huntsville.ca/meetings,2025-11-26,,2025-12-10,HTML,HTML,"eSCRIBE portal; [cite_start]YouTube integration [cite: 205, 206]",,,,,,,
]HURON EAST M,HURON EAST,Lower,other_unknown,,https://stclair.civicweb.net/Portal/,,https://stclair.civicweb.net/Portal/,2025-11-18,,2025-12-09,PDF,HTML,"Calendar-centric portal [cite: 216, 220]",,,,,,,
HURON KINLOSS TP,HURON KINLOSS,Lower,escribe,https://pub-huronkinloss.escribemeetings.com,https://pub-huronkinloss.escribemeetings.com/,https://pub-huronkinloss.escribemeetings.com,https://pub-huronkinloss.escribemeetings.com/,2025-11-17,,2025-12-01,PDF,HTML,"JS required (eSCRIBE); granular filtering [cite: 226, 230]",,,,,,,
HURON SHORES M,HURON SHORES,Lower,escribe,,https://pub-huronshores.escribemeetings.com/,,https://pub-huronshores.escribemeetings.com/,2025-11-12,,2025-12-10,PDF,HTML,"eSCRIBE portal [cite: 236, 241]",,,,,,,
IGNACE TP,IGNACE,Lower,custom_html_pdf,,https://ignace.civicweb.net/Portal/,,https://ignace.civicweb.net/Portal/,2025-11-17,,,PDF,PDF,"Custom web; heavy focus on CEC documents [cite: 246, 251]",,,,,,,
INGERSOLL T,INGERSOLL,Lower,civicweb,https://ingersoll.civicweb.net,https://ingersoll.civicweb.net/Portal/,https://ingersoll.civicweb.net,https://ingersoll.civicweb.net/Portal/,2025-11-10,,2025-12-08,PDF,HTML,"Hybrid usage (CivicWeb/eSCRIBE links exist) [cite: 260, 262]",,,,,,,
INNISFIL T,INNISFIL,Lower,civicweb,,https://innisfil.civicweb.net/Portal/,,https://innisfil.civicweb.net/Portal/,2025-11-26,,2025-12-11,PDF,HTML,"JS required; tracking Mayoral Decisions [cite: 271, 275]",,,,,,,
IROQUOIS FALLS T,IROQUOIS FALLS,Lower,civicweb,,https://iroquoisfalls.civicweb.net/Portal/,,https://iroquoisfalls.civicweb.net/Portal/,2025-11-17,,2025-12-15,PDF,HTML,"JS required (CivicWeb) [cite: 280, 282]",,,,,,,
JAMES TP,JAMES,Lower,custom_html_pdf,,https://www.zhihu.com/tardis/bd/ans/1378066318,,https://www.zhihu.com/tardis/bd/ans/1378066318,2025-11-12,,2025-12-10,PDF,PDF,"Basic PDF list [cite: 289, 291]",,,,,,,
JOCELYN TP,JOCELYN,Lower,custom_html_pdf,,https://jocelyn.ca/township-office/council-minutes/,,https://jocelyn.ca/wp-content/uploads/2025/12/October-8-2025-Meeting-Minutes.pdf,2026-04-09,,2025-12-03,PDF,PDF,"PDF repository [cite: 298, 300]",,,,,,,
JOHNSON TP,JOHNSON,Lower,custom_html_pdf,,,,,2025-11-19,,2025-12-17,CSV,PDF,"Offers CSV download of meeting data [cite: 307, 309]",,,,,,,
JOLY TP,JOLY,Lower,other_unknown,,http://www.starphoto.joinbbs.net/forumdisplay.php?fid=2&filter=0&orderby=dateline&page=1,,http://www.starphoto.joinbbs.net/forumdisplay.php?fid=2&filter=0&orderby=dateline&page=1,2025-11-18,,2025-12-09,HTML,HTML,"Uses AllNetMeetings platform [cite: 315, 317]",,,,,,,
KAPUSKASING T,KAPUSKASING,Lower,civicweb,,https://kapuskasing.civicweb.net/Portal/,,https://kapuskasing.civicweb.net/Portal/,2025-11-xx,,2025-12-19,PDF,HTML,"JS required (CivicWeb); [cite_start]Strong Mayor tracking [cite: 323, 325]",,,,,,,
KAWARTHA LAKES C,KAWARTHA LAKES,Single,escribe,https://pub-kawarthalakes.escribemeetings.com/,https://pub-kawarthalakes.escribemeetings.com/,https://pub-kawarthalakes.escribemeetings.com/,https://pub-kawarthalakes.escribemeetings.com/FileStream.ashx?DocumentId=89765,2026-04-09,,,PDF,HTML,Active Escribe portal,,,,,,,
KEARNEY TP,KEARNEY,Lower,civikit,https://townofkearney.ca/council/agendas-minutes/,https://townofkearney.ca/council/council-meetings/,https://townofkearney.ca/council/agendas-minutes/,https://www.townofkearney.ca/sites/6/files/2024-04/Application%20to%20Purchase%20Shore%20Road%20Allowance.pdf,2026-04-09,,,PDF,PDF,Manual PDF uploads (WordPress/CiviKit),,,,,,,
KENORA C,KENORA,Single,escribe,https://pub-kenora.escribemeetings.com/,https://kenora.civicweb.net/Portal/,https://pub-kenora.escribemeetings.com/,https://kenora.civicweb.net/Portal/,2025-11-20,https://pub-kenora.escribemeetings.com/FileStream.ashx?DocumentId=40500,2025-12-17,PDF,HTML,Active Escribe portal,,,,,,,
KERNS TP,KERNS,Lower,custom_html_pdf,https://kerns.ca/agendas/,https://kerns.ca/council-minutes/,https://kerns.ca/agendas/,https://kerns.ca/council-minutes/,2025-11-05,https://kerns.ca/wp-content/uploads/2025/12/Agenda-Dec-03.pdf,2025-12-03,PDF,PDF,Basic WordPress list,,,,,,,
KILLALOE HAGARTY AND RICHARDS TP,KILLALOE HAGARTY AND RICHARDS,Lower,custom_html_pdf,https://www.killaloe-hagarty-richards.ca/township-council/meeting-minutes,https://www.killaloe-hagarty-richards.ca/council/minutes-agendas,https://www.killaloe-hagarty-richards.ca/township-council/meeting-minutes,https://www.killaloe-hagarty-richards.ca/council/minutes-agendas,2025-11-04,,,PDF,PDF,Manual PDF repository,,,,,,,
KILLARNEY M,KILLARNEY,Lower,custom_html_pdf,http://www.municipalityofkillarney.ca/municipal-services/municipal-council/meeting-agendas-minutes,https://www.killarney.ca/p/meeting-minutes,http://www.municipalityofkillarney.ca/municipal-services/municipal-council/meeting-agendas-minutes,https://www.killarney.ca/p/meeting-minutes#downloadOurApp,2026-04-09,http://www.municipalityofkillarney.ca/documents/agendas/2025-12-11-Agenda.pdf,2025-12-11,PDF,PDF,Manual PDF uploads,,,,,,,
KINCARDINE M,KINCARDINE,Lower,escribe,https://pub-kincardine.escribemeetings.com/,https://pub-kincardine.escribemeetings.com/,https://pub-kincardine.escribemeetings.com/,https://pub-kincardine.escribemeetings.com/,2025-12-04,,,PDF,HTML,Active Escribe portal,,,,,,,
KING TP,KING,Lower,escribe,https://pub-king.escribemeetings.com/,https://king.civicweb.net/Portal/,https://pub-king.escribemeetings.com/,https://king.civicweb.net/Portal/,2025-11-25,https://pub-king.escribemeetings.com/FileStream.ashx?DocumentId=30012,2025-12-16,PDF,HTML,Active Escribe portal,,,,,,,
KINGSTON C,KINGSTON,Single,escribe,https://pub-cityofkingston.escribemeetings.com/,https://stclair.civicweb.net/Portal/,https://pub-cityofkingston.escribemeetings.com/,https://stclair.civicweb.net/Portal/,2025-11-19,https://pub-cityofkingston.escribemeetings.com/FileStream.ashx?DocumentId=44255,2025-12-17,PDF,HTML,Active Escribe portal; Heavy video integration,,,,,,,
KINGSVILLE TP,KINGSVILLE,Lower,escribe,https://kingsville-pub.escribemeetings.com/,https://kingsville-pub.escribemeetings.com/,https://kingsville-pub.escribemeetings.com/,https://kingsville-pub.escribemeetings.com/FileStream.ashx?DocumentId=36978,2026-04-09,https://kingsville-pub.escribemeetings.com/FileStream.ashx?DocumentId=21201,2025-12-09,PDF,HTML,Active Escribe portal,,,,,,,
KIRKLAND LAKE TP,KIRKLAND LAKE,Lower,civicweb,https://kirklandlake.civicweb.net/Portal/,https://kirklandlake.civicweb.net/Portal/,https://kirklandlake.civicweb.net/Portal/,https://kirklandlake.civicweb.net/document/62211,2025-11-19,https://kirklandlake.civicweb.net/document/62501,2025-12-17,PDF,PDF,Active CivicWeb portal,,,,,,,
KITCHENER C,KITCHENER,Lower,escribe,https://pub-kitchener.escribemeetings.com/,https://pub-kitchener.escribemeetings.com/,https://pub-kitchener.escribemeetings.com/,https://pub-kitchener.escribemeetings.com/FileStream.ashx?DocumentId=34818,2026-04-09,https://pub-kitchener.escribemeetings.com/FileStream.ashx?DocumentId=51350,2025-12-16,PDF,HTML,Active Escribe portal,,,,,,,
LA VALLEE TP,LA VALLEE,Lower,custom_html_pdf,https://lavallee.ca/council-minutes/,https://lavallee.ca/council-agenda/,https://lavallee.ca/council-minutes/,https://lavallee.ca/wp-content/uploads/2026/04/Agenda-April-8-2026.pdf,2026-04-09,,,PDF,PDF,Manual PDF uploads,,,,,,,
LAIRD TP,LAIRD,Lower,custom_html_pdf,https://lairdtownship.ca/council-minutes/,https://lairdtownship.ca/council/minutes/,https://lairdtownship.ca/council-minutes/,https://lairdtownship.ca/wp-content/uploads/2026/03/03-March-19-2026-Regular-Agenda-53.pdf,2026-04-09,https://lairdtownship.ca/wp-content/uploads/2025/12/Agenda-Dec-19.pdf,2025-12-19,PDF,PDF,Manual WordPress table,,,,,,,
LAKE OF BAYS TP,LAKE OF BAYS,Lower,custom_html_pdf,https://www.lakeofbays.on.ca/en/municipal-services/agendas-minutes-and-meetings.aspx,https://lakeofbays.civicweb.net/Portal/,https://www.lakeofbays.on.ca/en/municipal-services/agendas-minutes-and-meetings.aspx,https://lakeofbays.civicweb.net/Portal/,2025-11-26,,,PDF,PDF,Uses eSolutionsGroup calendar,,,,,,,
LAKE OF THE WOODS TP,LAKE OF THE WOODS,Lower,custom_html_pdf,https://www.lakeofthewoods.ca/administration/minutes/,https://www.lakeofthewoods.ca/administration/minutes/,https://www.lakeofthewoods.ca/administration/minutes/,https://www.lakeofthewoods.ca/wp-content/uploads/2012/10/LOW-council-minute-December-2-2014.pdf,2026-04-09,,,PDF,PDF,Manual PDF list,,,,,,,
LAKESHORE M,LAKESHORE,Lower,escribe,https://pub-lakeshore.escribemeetings.com/,https://pub-lakeshore.escribemeetings.com/,https://pub-lakeshore.escribemeetings.com/,https://pub-lakeshore.escribemeetings.com/,2025-11-19,https://pub-lakeshore.escribemeetings.com/FileStream.ashx?DocumentId=29100,2025-12-10,PDF,HTML,Active Escribe portal,,,,,,,
LAMBTON SHORES M,LAMBTON SHORES,Lower,escribe,https://pub-lambtonshores.escribemeetings.com/,https://pub-lambtonshores.escribemeetings.com/,https://pub-lambtonshores.escribemeetings.com/,https://pub-lambtonshores.escribemeetings.com/,2025-11-26,,,PDF,HTML,Active Escribe portal,,,,,,,
LANARK HIGHLANDS TP,LANARK HIGHLANDS,Lower,custom_html_pdf,https://www.lanarkhighlands.ca/lh-town-hall/agendas-minutes/,https://pub-lanarkhighlands.escribemeetings.com/,https://www.lanarkhighlands.ca/lh-town-hall/agendas-minutes/,https://pub-lanarkhighlands.escribemeetings.com/FileStream.ashx?DocumentId=14163,2026-04-09,,,PDF,PDF,Manual PDF uploads,,,,,,,
LARDER LAKE TP,LARDER LAKE,Lower,custom_html_pdf,https://www.larderlake.ca/government/meetings-and-agendas/,https://www.larderlake.ca/events,https://www.larderlake.ca/government/meetings-and-agendas/,https://www.larderlake.ca/wp-content/uploads/2022/03/Delegation-Request-Form.pdf,2026-04-09,,,PDF,PDF,Manual PDF repository,,,,,,,
LASALLE TP,LASALLE,Lower,escribe,https://pub-lasalle.escribemeetings.com/,https://pub-lasalle.escribemeetings.com/,https://pub-lasalle.escribemeetings.com/,https://pub-lasalle.escribemeetings.com/FileStream.ashx?DocumentId=28007,2026-04-09,https://pub-lasalle.escribemeetings.com/FileStream.ashx?DocumentId=18620,2025-12-10,PDF,HTML,Active Escribe portal,,,,,,,
LATCHFORD TP,LATCHFORD,Lower,custom_html_pdf,https://www.latchford.ca/,https://latchford.ca/municipal-office/council/minutes-and-agendas/,https://www.latchford.ca/,https://latchford.ca/municipal-office/council/minutes-and-agendas/,2025-11-20,,,PDF,PDF,WordPress; Manual uploads on homepage/news feed,,,,,,,
LAURENTIAN HILLS TP,LAURENTIAN HILLS,Lower,custom_html_pdf,https://www.laurentianhills.ca/council/minutes-agendas/,https://laurentianhills.civicweb.net/Portal/,https://www.laurentianhills.ca/council/minutes-agendas/,https://laurentianhills.civicweb.net/Portal/,2025-11-19,,,PDF,PDF,Manual list,,,,,,,
LAURENTIAN VALLEY TP,LAURENTIAN VALLEY,Lower,custom_html_pdf,https://www.lvtownship.ca/en/lv-government-services/agendas-and-minutes.aspx,https://laurentianvalley.civicweb.net/Portal/,https://www.lvtownship.ca/en/lv-government-services/agendas-and-minutes.aspx,https://laurentianvalley.civicweb.net/Portal/,2025-11-18,,,PDF,PDF,Uses eSolutionsGroup calendar,,,,,,,
LEAMINGTON M,LEAMINGTON,Lower,escribe,https://events.leamington.ca/meetings,https://www.leamington.ca/en/discover/community-calendar.aspx?_mid_=5367,https://events.leamington.ca/meetings,https://www.leamington.ca/en/discover/community-calendar.aspx?_mid_=5367,2025-12-09,https://events.leamington.ca/meetings/downloadfile?id=12350,2025-12-16,PDF,HTML,Custom calendar/Escribe hybrid,,,,,,,
LEEDS AND THE THOUSAND ISLANDS TP,LEEDS AND THE THOUSAND ISLANDS,Lower,escribe,https://pub-leeds1000islands.escribemeetings.com/,https://pub-leeds1000islands.escribemeetings.com/,https://pub-leeds1000islands.escribemeetings.com/,https://pub-leeds1000islands.escribemeetings.com/FileStream.ashx?DocumentId=12289,2026-04-09,https://pub-leeds1000islands.escribemeetings.com/Meeting.aspx?Id=60959e33-fb09-4c6e-8ad9-c09d1318b3d9&Agenda=Agenda&lang=English,2025-10-14,PDF,HTML,Active Escribe portal,,,,,,,
LIMERICK TP,LIMERICK,Lower,custom_html_pdf,https://limerick.ca/businesses-government/council/minutes/,https://limerick.civicweb.net/Portal/,https://limerick.ca/businesses-government/council/,https://limerick.civicweb.net/Portal/,2024-12-16,,,PDF,PDF,Manual PDF uploads,,,,,,,
LINCOLN TP,LINCOLN,Lower,custom_html_pdf,https://www.lincoln.ca/meetings,https://lincoln.civicweb.net/Portal/,https://www.lincoln.ca/meetings,https://lincoln.civicweb.net/Portal/,2025-12-15,,,PDF,PDF,Uses eSolutionsGroup calendar,,,,,,,
LONDON C,LONDON,Single,custom_html_pdf,https://london.ca/government/council-civic-administration/council-committee-meetings/meetings,https://pub-london.escribemeetings.com/,https://london.ca/government/council-civic-administration/council-committee-meetings/meetings,https://pub-london.escribemeetings.com/FileStream.ashx?DocumentId=122948,2026-04-09,https://london.ca/sites/default/files/2026-01/Agenda-Jan-13.pdf,2026-01-13,PDF,PDF,Custom city calendar,,,,,,,
LOYALIST TP,LOYALIST,Lower,civicweb,https://loyalist.civicweb.net/Portal/,https://stclair.civicweb.net/Portal/,https://loyalist.civicweb.net/Portal/,https://stclair.civicweb.net/Portal/,2025-11-25,https://loyalist.civicweb.net/document/89500,2025-12-16,PDF,PDF,Active CivicWeb portal,,,,,,,
LUCAN BIDDULPH TP,LUCAN BIDDULPH,Lower,escribe,https://pub-lucanbiddulph.escribemeetings.com/,https://pub-lucanbiddulph.escribemeetings.com/,https://pub-lucanbiddulph.escribemeetings.com/,https://pub-lucanbiddulph.escribemeetings.com/,2024-10-01,,,PDF,HTML,Active Escribe portal,,,,,,,
MACDONALD MEREDITH AND ABERDEEN ADDL TP,MACDONALD MEREDITH AND ABERDEEN ADDL,Lower,custom_html_pdf,https://echobay.ca/council-minutes/,https://echobay.ca/council-minutes/,https://echobay.ca/council-minutes/,https://echobay.ca/wp-content/uploads/2025/04/December-16-2025-Agenda.pdf,2026-04-09,https://echobay.ca/wp-content/uploads/2025/12/Dec-16-2025-Agenda.pdf,2025-12-16,PDF,PDF,Manual PDF list (Echo Bay),,,,,,,
MACHAR TP,MACHAR,Lower,custom_html_pdf,https://www.townshipofmachar.ca/en/municipal-services/meetings-agendas,https://www.townshipofmachar.ca/en/municipal-services/meetings-agendas,https://www.townshipofmachar.ca/en/municipal-services/meetings-agendas,https://www.townshipofmachar.ca/uploads/agenda-council-meeting-mar23-2026.pdf,2026-04-09,,,PDF,PDF,Manual PDF list,,,,,,,
MACHIN M,MACHIN,Lower,custom_html_pdf,https://visitmachin.com/p/minutes,https://visitmachin.com/council/minutes/,https://visitmachin.com/p/council-meetings-news,https://visitmachin.com/council/minutes/,2025-11-18,,,PDF,PDF,Manual uploads,,,,,,,
MADAWASKA VALLEY TP,MADAWASKA VALLEY,Lower,custom_html_pdf,https://www.madawaskavalley.ca/your-local-government/your-council/agendas-minutes/,https://madawaskavalley.civicweb.net/Portal/,https://www.madawaskavalley.ca/your-local-government/your-council/agendas-minutes/,http://www.madawaskavalley.ca/deptdocs/Madawaska%20Valley%20-%20The%20Path%20Forward%202015-2019%20Strategic%20Plan.pdf,2026-04-09,,,PDF,PDF,Manual PDF repository,,,,,,,
munid,municipality_name,tier,portal_type,council_listing_url,minutes_listing_url,agenda_listing_url,example_recent_minutes_url,example_recent_minutes_date,example_upcoming_agenda_url,example_upcoming_agenda_date,minutes_format,agenda_format,notes,,,,,,,
MADOC TP,MADOC,Lower,custom_html_pdf,https://madoc.ca/council/council-calendar/,https://madoc.civicweb.net/Portal/,https://madoc.ca/council/council-calendar/,https://madoc.civicweb.net/Portal/,2024-12-04,https://madoc.ca/wp-content/uploads/2025/01/Agenda-Jan-15-2025.pdf,2025-01-15,PDF,PDF,Manual PDF uploads; Calendar link for agendas,,,,,,,
MAGNETAWAN M,MAGNETAWAN,Lower,custom_html_pdf,https://magnetawan.com/government/agendas-minutes,https://magnetawan.com/municipal-services/council/council-meetings,https://magnetawan.com/government/agendas-minutes,https://magnetawan.com/municipal-services/council/council-meetings,2024-12-11,https://magnetawan.com/images/agendas/2025/Council_Meeting_January_22_2025_Agenda.pdf,2025-01-22,PDF,PDF,Manual PDF list,,,,,,,
MALAHIDE TP,MALAHIDE,Lower,custom_html_pdf,https://www.malahide.ca/en/municipal-office/agendas-and-minutes.aspx,https://www.malahide.ca/en/resident-services/calendar.aspx,https://www.malahide.ca/en/municipal-office/agendas-and-minutes.aspx,https://www.malahide.ca/en/resident-services/calendar.aspx,2024-12-19,https://calendar.malahide.ca/council/Detail/2025-01-16-1930-Regular-Council-Meeting/Agenda-2025-01-16.pdf,2025-01-16,PDF,PDF,Uses eSolutionsGroup calendar,,,,,,,
MANITOUWADGE TP,MANITOUWADGE,Lower,civicweb,https://manitouwadge.civicweb.net/Portal/,https://manitouwadge.civicweb.net/Portal/,https://manitouwadge.civicweb.net/Portal/,https://manitouwadge.civicweb.net/Portal/,2024-12-11,https://manitouwadge.civicweb.net/document/32500,2025-01-08,PDF,PDF,Active CivicWeb portal,,,,,,,
MAPLETON TP,MAPLETON,Lower,custom_html_pdf,https://mapleton.ca/services/council/agendas-and-minutes,https://mapleton.civicweb.net/Portal/,https://mapleton.ca/services/council/agendas-and-minutes,https://mapleton.ca/content/township-services/council/delegation-request-1.pdf,2026-04-09,https://mapleton.ca/images/Council/Agendas/2025/2025-01-14-Council-Agenda.pdf,2025-01-14,PDF,PDF,Manual PDF uploads,,,,,,,
MARATHON TP,MARATHON,Lower,civicweb,https://marathon.civicweb.net/Portal/,https://www.marathon.ca/en/town-hall/council-meetings.aspx,https://marathon.civicweb.net/Portal/,https://www.marathon.ca/en/town-hall/council-meetings.aspx,2024-12-18,https://marathon.civicweb.net/document/89520,2025-01-15,PDF,PDF,Active CivicWeb portal,,,,,,,
MARKHAM C,MARKHAM,Lower,escribe,https://pub-markham.escribemeetings.com/,https://pub-markham.escribemeetings.com/,https://pub-markham.escribemeetings.com/,https://pub-markham.escribemeetings.com/FileStream.ashx?DocumentId=112227,2026-04-09,https://pub-markham.escribemeetings.com/FileStream.ashx?DocumentId=100550,2025-01-28,PDF,HTML,Active Escribe portal,,,,,,,
MARKSTAY WARREN M,MARKSTAY WARREN,Lower,escribe,https://pub-markstay-warren.escribemeetings.com/,https://markstay-warren.civicweb.net/Portal/,https://pub-markstay-warren.escribemeetings.com/,https://markstay-warren.civicweb.net/Portal/,2024-07-15,https://pub-markstay-warren.escribemeetings.com/Meeting.aspx?Id=12345&Agenda=Agenda&lang=English,2025-02-17,PDF,HTML,Active Escribe portal,,,,,,,
MARMORA AND LAKE M,MARMORA AND LAKE,Lower,civicweb,https://marmoraandlake.civicweb.net/Portal/,https://marmoraandlake.civicweb.net/Portal/,https://marmoraandlake.civicweb.net/Portal/,https://marmoraandlake.civicweb.net/Portal/,2024-12-16,https://marmoraandlake.civicweb.net/document/62550,2025-01-07,PDF,PDF,Active CivicWeb portal,,,,,,,
MATTAWA TP,MATTAWA,Lower,custom_html_pdf,https://mattawa.ca/en/your-government/meetings-agendas,https://mattawa.ca/town-hall/council/agendas-minutes/,https://mattawa.ca/en/your-government/meetings-agendas,https://mattawa.ca/town-hall/council/agendas-minutes/,2025-10-27,https://mattawa.ca/en/your-government/resources/Agenda-Dec-08-2025.pdf,2025-12-08,PDF,PDF,Manual PDF uploads,,,,,,,
MATTAWAN M,MATTAWAN,Lower,custom_html_pdf,https://www.matachewan.com/government/meeting-minutes/,https://www.mattawantownship.ca/content/council-minutes,https://www.matachewan.com/government/meeting-minutes/,https://www.mattawantownship.ca/content/council-minutes,2024-12-18,,,PDF,PDF,Shared service/site structure with Matachewan? Manual PDF,,,,,,,
MATTICE VAL C T TP,MATTICE VAL COTE,Lower,custom_html_pdf,https://www.matticevalcote.ca/en/conseil-municipal,https://www.matticevalcote.ca/en/conseil-municipal,https://www.matticevalcote.ca/en/conseil-municipal,https://www.matticevalcote.ca/en/_files/ugd/93a5a9_7ec1ca332f29481d8159f664fcd1d129.pdf,2026-04-09,,,PDF,PDF,Very outdated minutes online,,,,,,,
MCDOUGALL TP,MCDOUGALL,Lower,custom_html_pdf,https://www.mcdougall.ca/p/files-documents,https://mcdougall.civicweb.net/Portal/,https://www.mcdougall.ca/p/files-documents,https://mcdougall.civicweb.net/Portal/,2025-11-06,,,PDF,PDF,Manual PDF repository,,,,,,,
MCGARRY TP,MCGARRY,Lower,custom_html_pdf,https://www.mcgarry.ca/council/minutes-agendas,https://www.mcgarry.ca/community-calendar,https://www.mcgarry.ca/council/minutes-agendas,https://www.mcgarry.ca/community-calendar,2025-10-07,,,PDF,PDF,Manual PDF uploads,,,,,,,
MCKELLAR TP,MCKELLAR,Lower,civicweb,https://mckellar.civicweb.net/Portal/,https://calendar.mckellar.ca/,https://mckellar.civicweb.net/Portal/,https://calendar.mckellar.ca/default/Download?StartDate=04/01/2026&EndDate=04/30/2026,2026-04-09,https://mckellar.civicweb.net/document/32200,2025-12-11,PDF,PDF,Active CivicWeb portal,,,,,,,
MCMURRICH MONTEITH TP,MCMURRICH MONTEITH,Lower,custom_html_pdf,https://www.mcmurrichmonteith.com/newpageb083b490,https://mcmurrichmonteith.com/municipal-services/council/minutes-agendas,https://www.mcmurrichmonteith.com/newpageb083b490,https://mcmurrichmonteith.com/municipal-services/council/minutes-agendas,2023-12-19,,,PDF,PDF,Manual uploads; outdated,,,,,,,
MCNAB BRAESIDE TP,MCNAB BRAESIDE,Lower,custom_html_pdf,https://www.mcnabbraeside.com/municipal-services/upcoming-meetings/,https://mcnabbraeside.civicweb.net/Portal/,https://www.mcnabbraeside.com/municipal-services/upcoming-meetings/,http://www.mcnabbraeside.com/userfiles/file/municipal-information/information/200942992143.pdf,2026-04-09,,,PDF,PDF,Manual PDF; site difficult to navigate,,,,,,,
MEAFORD M,MEAFORD,Lower,escribe,https://meaford.civicweb.net/Portal/,https://meaford.civicweb.net/Portal/,https://meaford.civicweb.net/Portal/,https://meaford.civicweb.net/Portal/,2025-12-09,https://meaford.civicweb.net/document/12350,2026-01-13,PDF,PDF,Active CivicWeb (redirects from eScribe query),,,,,,,
MELANCTHON TP,MELANCTHON,Lower,custom_html_pdf,https://melancthontownship.ca/council/council-agendas-minutes/,https://melancthontownship.ca/council/agendas-minutes/,https://melancthontownship.ca/council/council-agendas-minutes/,https://melancthontownship.ca/wp-content/uploads/2016/11/commissioner-for-taking-oaths.pdf,2026-04-09,https://melancthontownship.ca/wp-content/uploads/2025/01/Agenda-January-16-2025-Hybrid-Meeting.pdf,2025-01-16,PDF,PDF,"Manual table with links; ""Hybrid Meeting"" labels",,,,,,,
MERRICKVILLE WOLFORD TP,MERRICKVILLE WOLFORD,Lower,custom_html_pdf,https://www.merrickville-wolford.ca/governance/agendas-minutes,https://www.merrickville-wolford.ca/governance/agendas-minutes,https://www.merrickville-wolford.ca/governance/agendas-minutes,https://www.merrickville-wolford.ca/governance/agendas-minutes/2024-minutes/council-2/2418-dec-9-council-minutes-1/file,2024-12-09,https://www.merrickville-wolford.ca/governance/agendas-minutes/2025-agendas-1/council-3/2422-jan-13-council-agenda/file,2025-01-13,PDF,PDF,Manual file repository (Joomla?),,,,,,,
MIDDLESEX CENTRE M,MIDDLESEX CENTRE,Lower,civicweb,https://middlesexcentre.civicweb.net/Portal/,https://pub-middlesexcentre.escribemeetings.com/,https://middlesexcentre.civicweb.net/Portal/,https://pub-middlesexcentre.escribemeetings.com/,2024-12-18,https://middlesexcentre.civicweb.net/document/89520,2025-01-15,PDF,PDF,Active CivicWeb portal,,,,,,,
MIDLAND TP,MIDLAND,Lower,escribe,https://midland.escribemeetings.com/,https://midland.civicweb.net/Portal/,https://midland.escribemeetings.com/,https://midland.civicweb.net/Portal/,2024-12-18,https://midland.escribemeetings.com/FileStream.ashx?DocumentId=10250,2025-01-22,PDF,HTML,Active Escribe portal,,,,,,,
MILTON TP,MILTON,Lower,escribe,https://pub-milton.escribemeetings.com/,https://pub-milton.escribemeetings.com/,https://pub-milton.escribemeetings.com/,https://pub-milton.escribemeetings.com/,2024-12-09,https://pub-milton.escribemeetings.com/FileStream.ashx?DocumentId=40350,2025-01-20,PDF,HTML,Active Escribe portal,,,,,,,
MINDEN HILLS TP,MINDEN HILLS,Lower,escribe,https://pub-mindenhills.escribemeetings.com/,https://mindenhills.civicweb.net/Portal/,https://pub-mindenhills.escribemeetings.com/,https://mindenhills.civicweb.net/Portal/,2024-12-12,https://pub-mindenhills.escribemeetings.com/FileStream.ashx?DocumentId=25400,2025-01-09,PDF,HTML,Active Escribe portal,,,,,,,
MINTO TP,MINTO,Lower,civicweb,https://minto.civicweb.net/Portal/,https://town.minto.on.ca/town-hall/council/council-agenda-minutes,https://minto.civicweb.net/Portal/,https://town.minto.on.ca/town-hall/council/council-agenda-minutes,2024-12-17,https://minto.civicweb.net/document/62500,2025-01-07,PDF,PDF,Active CivicWeb portal,,,,,,,
MISSISSAUGA C,MISSISSAUGA,Single,escribe,https://pub-mississauga.escribemeetings.com/,https://www.mississauga.ca/events-and-attractions/events-calendar/,https://pub-mississauga.escribemeetings.com/,https://www.mississauga.ca/events-and-attractions/events-calendar/,2024-12-11,https://pub-mississauga.escribemeetings.com/FileStream.ashx?DocumentId=55500,2025-01-22,PDF,HTML,Active Escribe portal,,,,,,,
MISSISSIPPI MILLS M,MISSISSIPPI MILLS,Lower,escribe,https://pub-mississippimills.escribemeetings.com/,https://mississippimills.civicweb.net/Portal/,https://pub-mississippimills.escribemeetings.com/,https://mississippimills.civicweb.net/Portal/,2024-12-10,https://pub-mississippimills.escribemeetings.com/FileStream.ashx?DocumentId=12250,2025-01-14,PDF,HTML,Active Escribe portal,,,,,,,
MONO TP,MONO,Lower,custom_html_pdf,https://townofmono.com/government/council-meeting-minutes,https://mono.civicweb.net/Portal/,https://townofmono.com/government/council-meeting-minutes,"https://mono.civicweb.net/FileStorage/A23802FCE2124A4A8199667B861B919B-Motion%20by%20Mayor%20Creelman,%20Hwy%20Highway%2010%20and%20Count.pdf",2026-04-09,https://townofmono.com/downloads/Council/Agendas/2025/Council-Agenda-2025-01-14.pdf,2025-01-14,PDF,PDF,Manual PDF repository,,,,,,,
MONTAGUE TP,MONTAGUE,Lower,civicweb,https://montague.civicweb.net/Portal/,https://montague.civicweb.net/Portal/,https://montague.civicweb.net/Portal/,https://montague.civicweb.net/Portal/,2024-12-17,https://montague.civicweb.net/document/32300,2025-01-21,PDF,PDF,Active CivicWeb portal,,,,,,,
MOONBEAM TP,MOONBEAM,Lower,custom_html_pdf,https://moonbeam.ca/en/municipalite/conseil-comites-et-elections,https://moonbeam.civicweb.net/Portal/,https://moonbeam.ca/en/municipalite/conseil-comites-et-elections,https://moonbeam.civicweb.net/Portal/,2025-01-14,https://moonbeam.ca/wp-content/uploads/2025/02/Agenda-Feb-11-2025.pdf,2025-02-11,PDF,PDF,Manual website; specific files hard to scrape,,,,,,,
MOOSONEE TP,MOOSONEE,Lower,custom_html_pdf,https://www.moosonee.ca/minutes/,https://moosonee.ca/town-hall/council-minutes/,https://www.moosonee.ca/minutes/,https://moosonee.ca/town-hall/council-minutes/,2025-01-14,https://www.moosonee.ca/wp-content/uploads/2025/02/Agenda-2025-02-11.pdf,2025-02-11,PDF,PDF,Manual PDF repository sorted by year,,,,,,,
MORLEY TP,MORLEY,Lower,custom_html_pdf,https://townshipofmorley.ca/council-minutes/,https://townshipofmorley.ca/council/minutes/,https://townshipofmorley.ca/council-minutes/,https://townshipofmorley.ca/council/minutes/,2025-12-16,,,PDF,PDF,Manual PDF list,,,,,,,
MORRIS TURNBERRY M,MORRIS TURNBERRY,Lower,custom_html_pdf,https://morristurnberry.ca/government/agendas-minutes,https://morristurnberry.ca/government/agendas-minutes,https://morristurnberry.ca/government/agendas-minutes,https://morristurnberry.ca/content/government/2022-municipal-election/results-3.pdf,2026-04-09,https://morristurnberry.ca/images/agendas/2025/Agenda-Dec-16.pdf,2025-12-16,PDF,PDF,Manual PDF uploads,,,,,,,
MULMUR TP,MULMUR,Lower,custom_html_pdf,https://mulmur.ca/town-hall/agendas-minutes,https://mulmur.ca/town-hall/agendas-minutes,https://mulmur.ca/town-hall/agendas-minutes,https://mulmur.ca/content/town-hall/agendas-minutes/council-meeting-agendas-packages-minutes/0-04-01-2026-april-council-package.pdf,2026-04-09,https://mulmur.ca/content/agendas/2025/Agenda-Jan-14-2026.pdf,2026-01-14,PDF,PDF,Manual PDF uploads,,,,,,,
MUSKOKA LAKES TP,MUSKOKA LAKES,Lower,civicweb,https://muskokalakes.civicweb.net/Portal/,https://muskokalakes.civicweb.net/Portal/,https://muskokalakes.civicweb.net/Portal/,https://muskokalakes.civicweb.net/Portal/,2025-11-13,https://muskokalakes.civicweb.net/document/55250,2025-12-11,PDF,PDF,Active CivicWeb portal,,,,,,,
NAIRN AND HYMAN TP,NAIRN AND HYMAN,Lower,custom_html_pdf,https://nairncentre.ca/category/agendas-minutes/,https://nairncentre.ca/council/minutes/,https://nairncentre.ca/category/agendas-minutes/,https://nairncentre.ca/wp-content/uploads/2026/02/Revised-Building-Permit-Application-Nairn.pdf,2026-04-09,https://nairncentre.ca/wp-content/uploads/2025/12/Agenda-Dec-08-2025.pdf,2025-12-08,PDF,PDF,WordPress Category Blog,,,,,,,
NEEBING M,NEEBING,Lower,custom_html_pdf,https://www.neebing.org/your-local-government/agendas-and-minutes-council-meetings/,https://www.neebing.org/en/town-hall/agendas-and-minutes.aspx,https://www.neebing.org/your-local-government/agendas-and-minutes-council-meetings/,https://www.neebing.org/en/your-local-government/resources/By-Laws-and-Policies/2019-007-amd-procedure-bylaw.pdf,2026-04-09,,,2026-01-05,PDF,PDF,eSolutionsGroup Calendar,,,,,,
NEW TECUMSETH TP,NEW TECUMSETH,Lower,civicweb,https://newtecumseth.civicweb.net/portal/,https://newtecumseth.civicweb.net/portal/,https://newtecumseth.civicweb.net/portal/,https://newtecumseth.civicweb.net/document/99201,2024-08-12,https://newtecumseth.civicweb.net/document/99500,2025-01-13,PDF,PDF,Active CivicWeb portal,,,,,,,
NEWBURY TP,NEWBURY,Lower,custom_html_pdf,https://newbury.ca/council-and-administration/minutes-and-agendas/,https://newbury.ca/council-and-administration/minutes-and-agendas/,https://newbury.ca/council-and-administration/minutes-and-agendas/,https://newbury.ca/wp-content/uploads/2024/12/Minutes-Dec-16-2024.pdf,2024-12-16,https://newbury.ca/wp-content/uploads/2025/01/Agenda-Jan-13-2025.pdf,2025-01-13,PDF,PDF,Manual PDF uploads,,,,,,,
NEWMARKET TP,NEWMARKET,Lower,escribe,https://pub-newmarket.escribemeetings.com/,https://pub-newmarket.escribemeetings.com/,https://pub-newmarket.escribemeetings.com/,https://pub-newmarket.escribemeetings.com/FileStream.ashx?DocumentId=56089,2026-04-09,https://pub-newmarket.escribemeetings.com/FileStream.ashx?DocumentId=110300,2025-01-20,PDF,HTML,Active Escribe portal,,,,,,,
NIAGARA FALLS C,NIAGARA FALLS,Lower,custom_html_pdf,https://niagarafalls.ca/city-hall/council/agendas-and-minutes.aspx,https://niagarafalls.civicweb.net/Portal/,https://niagarafalls.ca/city-hall/council/agendas-and-minutes.aspx,https://niagarafalls.civicweb.net/Portal/,2024-12-10,https://niagarafalls.ca/pdf/council/agendas/2025/council-agenda-2025-01-14.pdf,2025-01-14,PDF,PDF,Manual PDF repository,,,,,,,
NIAGARA ON THE LAKE TP,NIAGARA ON THE LAKE,Lower,civicweb,https://notl.civicweb.net/Portal/,https://notl.civicweb.net/Portal/,https://notl.civicweb.net/Portal/,https://notl.civicweb.net/document/21150,2024-12-17,https://notl.civicweb.net/document/21300,2025-01-28,PDF,PDF,Active CivicWeb portal,,,,,,,
NIPIGON TP,NIPIGON,Lower,civicweb,https://nipigon.civicweb.net/Portal/,https://nipigon.civicweb.net/Portal/,https://nipigon.civicweb.net/Portal/,https://nipigon.civicweb.net/document/32011,2024-12-17,https://nipigon.civicweb.net/document/32200,2025-01-21,PDF,PDF,Active CivicWeb portal,,,,,,,
NIPISSING TP,NIPISSING,Lower,custom_html_pdf,https://nipissingtownship.com/council-meeting-dates-agendas-minutes/,https://nipissingtownship.com/council/minutes/,https://nipissingtownship.com/council-meeting-dates-agendas-minutes/,https://nipissingtownship.com/wp-content/uploads/2026/04/2025-12-31-Township-of-Nipissing-FS.pdf,2026-04-09,https://nipissingtownship.com/wp-content/uploads/2025/01/Agenda-2025-01-14.pdf,2025-01-14,PDF,PDF,Manual PDF list,,,,,,,
NORFOLK,NORFOLK,Single,escribe,https://pub-norfolkcounty.escribemeetings.com/,https://pub-norfolkcounty.escribemeetings.com/,https://pub-norfolkcounty.escribemeetings.com/,https://pub-norfolkcounty.escribemeetings.com/,2024-12-10,https://pub-norfolkcounty.escribemeetings.com/FileStream.ashx?DocumentId=45400,2025-01-14,PDF,HTML,Active Escribe portal,,,,,,,
NORTH ALGONA WILBERFORCE TP,NORTH ALGONA WILBERFORCE,Lower,custom_html_pdf,http://nalgonawil.com/council-2/,http://nalgonawil.com/council-2/,http://nalgonawil.com/council-2/,http://nalgonawil.com/wp-content/uploads/2024/12/Minutes-Dec-19-2024.pdf,2024-12-19,http://nalgonawil.com/wp-content/uploads/2025/01/Agenda-Jan-21-2025.pdf,2025-01-21,PDF,PDF,Manual PDF list; very basic site,,,,,,,
NORTH BAY C,NORTH BAY,Single,escribe,https://pub-northbay.escribemeetings.com/,https://pub-northbay.escribemeetings.com/,https://pub-northbay.escribemeetings.com/,https://pub-northbay.escribemeetings.com/FileStream.ashx?DocumentId=38613,2026-04-09,https://pub-northbay.escribemeetings.com/FileStream.ashx?DocumentId=12350,2025-01-14,PDF,HTML,Active Escribe portal,,,,,,,
NORTH DUMFRIES TP,NORTH DUMFRIES,Lower,custom_html_pdf,https://calendar.northdumfries.ca/council,https://www.northdumfries.ca/living-here/events-calendar/,https://calendar.northdumfries.ca/council,https://www.northdumfries.ca/living-here/events-calendar/,2024-12-09,https://calendar.northdumfries.ca/council/Detail/2025-01-13-1900-Council-Meeting/Agenda-2025-01-13.pdf,2025-01-13,PDF,PDF,Uses eSolutionsGroup calendar,,,,,,,
NORTH DUNDAS TP,NORTH DUNDAS,Lower,escribe,https://pub-northdundas.escribemeetings.com/,https://pub-northdundas.escribemeetings.com/,https://pub-northdundas.escribemeetings.com/,https://pub-northdundas.escribemeetings.com/,2024-12-12,https://pub-northdundas.escribemeetings.com/FileStream.ashx?DocumentId=10350,2025-01-16,PDF,HTML,Active Escribe portal,,,,,,,
NORTH FRONTENAC TP,NORTH FRONTENAC,Lower,civicweb,https://northfrontenac.civicweb.net/Portal/,https://northfrontenac.civicweb.net/Portal/,https://northfrontenac.civicweb.net/Portal/,https://northfrontenac.civicweb.net/Portal/,2024-12-13,https://northfrontenac.civicweb.net/document/20300,2025-01-17,PDF,PDF,Active CivicWeb portal,,,,,,,
NORTH GLENGARRY TP,NORTH GLENGARRY,Lower,escribe,https://pub-northglengarry.escribemeetings.com/,https://pub-northglengarry.escribemeetings.com/,https://pub-northglengarry.escribemeetings.com/,https://pub-northglengarry.escribemeetings.com/,2024-12-09,https://pub-northglengarry.escribemeetings.com/FileStream.ashx?DocumentId=5520,2025-01-13,PDF,HTML,Active Escribe portal,,,,,,,
NORTH GRENVILLE M,NORTH GRENVILLE,Lower,escribe,https://pub-northgrenville.escribemeetings.com/,https://www.northgrenville.ca/community-and-culture/resources/community-events,https://pub-northgrenville.escribemeetings.com/,https://www.northgrenville.ca/community-and-culture/resources/community-events,2024-12-17,https://pub-northgrenville.escribemeetings.com/FileStream.ashx?DocumentId=15200,2025-01-14,PDF,HTML,Active Escribe portal,,,,,,,
NORTH HURON TP,NORTH HURON,Lower,escribe,https://pub-northhuron.escribemeetings.com/,https://calendar.northhuron.ca/?_mid_=78865,https://pub-northhuron.escribemeetings.com/,https://calendar.northhuron.ca/default/Download?_mid_=78865&StartDate=04/01/2026&EndDate=04/30/2026,2026-04-09,https://pub-northhuron.escribemeetings.com/FileStream.ashx?DocumentId=21250,2025-01-20,PDF,HTML,Active Escribe portal,,,,,,,
NORTH KAWARTHA TP,NORTH KAWARTHA,Lower,escribe,https://pub-northkawartha.escribemeetings.com/,https://www.northkawartha.ca/your-local-government/council-meeting-information/agendas-and-minutes/,https://pub-northkawartha.escribemeetings.com/,https://www.northkawartha.ca/media/jjmh4eqx/by-law_2025-0050-procedure-by-law.pdf,2026-04-09,https://pub-northkawartha.escribemeetings.com/FileStream.ashx?DocumentId=11200,2025-01-21,PDF,HTML,Active Escribe portal,,,,,,,
NORTH MIDDLESEX M,NORTH MIDDLESEX,Lower,civicweb,https://northmiddlesex.civicweb.net/Portal/,https://pub-northmiddlesex.escribemeetings.com/,https://northmiddlesex.civicweb.net/Portal/,https://pub-northmiddlesex.escribemeetings.com:443/FileStream.ashx?DocumentId=18919,2026-04-09,https://northmiddlesex.civicweb.net/document/33500,2025-01-15,PDF,PDF,Active CivicWeb portal,,,,,,,
NORTH PERTH M,NORTH PERTH,Lower,civicweb,https://northperth.civicweb.net/Portal/,https://pertheast.civicweb.net/Portal/,https://northperth.civicweb.net/Portal/,https://pertheast.civicweb.net/Portal/,2024-12-16,https://northperth.civicweb.net/document/56400,2025-01-13,PDF,PDF,Active CivicWeb portal,,,,,,,
NORTH STORMONT TP,NORTH STORMONT,Lower,escribe,https://pub-northstormont.escribemeetings.com/,https://stclair.civicweb.net/Portal/,https://pub-northstormont.escribemeetings.com/,https://stclair.civicweb.net/Portal/,2024-12-10,https://pub-northstormont.escribemeetings.com/FileStream.ashx?DocumentId=5350,2025-01-14,PDF,HTML,Active Escribe portal,,,,,,,
NORTHEASTERN MANITOULIN AND THE ISLANDS TP,NORTHEASTERN MANITOULIN AND THE ISLANDS,Lower,custom_html_pdf,https://www.townofnemi.on.ca/council/minutes-agendas/,https://nemi.civicweb.net/Portal/,https://www.townofnemi.on.ca/council/minutes-agendas/,https://nemi.civicweb.net/Portal/,2024-12-03,https://www.townofnemi.on.ca/wp-content/uploads/2025/01/Agenda-January-7-2025.pdf,2025-01-07,PDF,PDF,Manual PDF uploads,,,,,,,
NORTHERN BRUCE PENINSULA M,NORTHERN BRUCE PENINSULA,Lower,civicweb,https://northbrucepeninsula.civicweb.net/Portal/,https://northernbrucepeninsula.civicweb.net/Portal/,https://northbrucepeninsula.civicweb.net/Portal/,https://northernbrucepeninsula.civicweb.net/Portal/,2024-12-09,https://northbrucepeninsula.civicweb.net/document/81500,2025-01-13,PDF,PDF,Active CivicWeb portal,,,,,,,
NORWICH TP,NORWICH,Lower,civicweb,https://norwich.civicweb.net/Portal/,https://norwich.civicweb.net/Portal/,https://norwich.civicweb.net/Portal/,https://norwich.civicweb.net/Portal/,2024-12-10,https://norwich.civicweb.net/document/54350,2025-01-14,PDF,PDF,Active CivicWeb portal,,,,,,,
O TMCONNOR TP,O'CONNOR,Lower,custom_html_pdf,https://oconnortownship.ca/government/council-meetings/,https://oconnortownship.ca/government/council-meetings/,https://oconnortownship.ca/government/council-meetings/,https://oconnortownship.ca/wp-content/uploads/2024/12/Minutes-December-16-2024.pdf,2024-12-16,https://oconnortownship.ca/wp-content/uploads/2025/01/Agenda-January-13-2025.pdf,2025-01-13,PDF,PDF,Manual PDF uploads; ID typo in source (O'Connor),,,,,,,
OAKVILLE TP,OAKVILLE,Lower,escribe,https://pub-oakville.escribemeetings.com/,https://pub-oakville.escribemeetings.com/,https://pub-oakville.escribemeetings.com/,https://pub-oakville.escribemeetings.com/FileStream.ashx?DocumentId=96377,2026-04-09,https://pub-oakville.escribemeetings.com/FileStream.ashx?DocumentId=62400,2025-01-20,PDF,HTML,Active Escribe portal,,,,,,,
OIL SPRINGS TP,OIL SPRINGS,Lower,custom_html_pdf,https://oilsprings.ca/village-office/minutes-and-agendas/,https://oilsprings.ca/village-office/council-minutes/,https://oilsprings.ca/village-office/minutes-and-agendas/,https://oilsprings.ca/village-office/council-minutes/,2024-12-03,https://oilsprings.ca/wp-content/uploads/2025/01/Agenda-Jan-14-2025.pdf,2025-01-14,PDF,PDF,Manual PDF repository,,,,,,,
OLIVER PAIPOONGE M,OLIVER PAIPOONGE,Lower,civicweb,https://oliverpaipoonge.civicweb.net/Portal/,https://oliverpaipoonge.civicweb.net/Portal/,https://oliverpaipoonge.civicweb.net/Portal/,https://oliverpaipoonge.civicweb.net/Portal/,2024-12-10,https://oliverpaipoonge.civicweb.net/document/8250,2025-01-14,PDF,PDF,Active CivicWeb portal,,,,,,,
OPASATIKA TP,OPASATIKA,Lower,custom_html_pdf,https://opasatika.ca/council-minutes/,https://opasatika.ca/council-minutes/,https://opasatika.ca/council-minutes/,https://opasatika.ca/wp-content/uploads/2024/12/Minutes-Dec-11-2024.pdf,2024-12-11,,,PDF,PDF,Manual PDF uploads,,,,,,,
ORANGEVILLE TP,ORANGEVILLE,Lower,civicweb,https://orangeville.civicweb.net/Portal/,https://calendar.orangeville.ca/meetings,https://orangeville.civicweb.net/Portal/,https://www.orangeville.ca/en/doing-business/resources/Documents/Procurement Policy 2023 Final.pdf,2026-04-09,https://orangeville.civicweb.net/document/75400,2025-01-13,PDF,PDF,Active CivicWeb portal,,,,,,,
ORILLIA C,ORILLIA,Single,civicweb,https://orillia.civicweb.net/Portal/,https://orillia.civicweb.net/Portal/,https://orillia.civicweb.net/Portal/,https://orillia.civicweb.net/Portal/,2024-12-09,https://orillia.civicweb.net/document/122500,2025-01-16,PDF,PDF,Active CivicWeb portal,,,,,,,
ORO MEDONTE TP,ORO MEDONTE,Lower,civicweb,https://oromedonte.civicweb.net/Portal/,https://oromedonte.civicweb.net/Portal/,https://oromedonte.civicweb.net/Portal/,https://oromedonte.civicweb.net/document/131000,2024-12-18,https://oromedonte.civicweb.net/document/131500,2025-01-15,PDF,PDF,Active CivicWeb portal,,,,,,,
OSHAWA C,OSHAWA,Lower,escribe,https://pub-oshawa.escribemeetings.com/,https://pub-oshawa.escribemeetings.com/,https://pub-oshawa.escribemeetings.com/,https://pub-oshawa.escribemeetings.com/,2024-12-16,https://pub-oshawa.escribemeetings.com/FileStream.ashx?DocumentId=13250,2025-01-20,PDF,HTML,Active Escribe portal,,,,,,,
OTONABEE SOUTH MONAGHAN TP,OTONABEE SOUTH MONAGHAN,Lower,civicweb,https://otonabee.civicweb.net/Portal/,https://otonabee.civicweb.net/Portal/,https://otonabee.civicweb.net/Portal/,https://otonabee.civicweb.net/document/32200,2024-12-09,https://otonabee.civicweb.net/document/32400,2025-01-13,PDF,PDF,Active CivicWeb portal,,,,,,,
OTTAWA C,OTTAWA,Single,escribe,https://pub-ottawa.escribemeetings.com/,https://pub-ottawa.escribemeetings.com/,https://pub-ottawa.escribemeetings.com/,https://pub-ottawa.escribemeetings.com/,2024-12-11,https://pub-ottawa.escribemeetings.com/FileStream.ashx?DocumentId=156200,2025-01-22,PDF,HTML,Active Escribe portal; Bilingual,,,,,,,
OWEN SOUND C,OWEN SOUND,Lower,escribe,https://pub-owensound.escribemeetings.com/,https://pub-owensound.escribemeetings.com/,https://pub-owensound.escribemeetings.com/,https://pub-owensound.escribemeetings.com/,2024-12-16,https://pub-owensound.escribemeetings.com/FileStream.ashx?DocumentId=41450,2025-01-13,PDF,HTML,Active Escribe portal,,,,,,,
PAPINEAU CAMERON TP,PAPINEAU CAMERON,Lower,custom_html_pdf,https://papineaucameron.ca/council/minutes-agendas/,https://papineaucameron.ca/council/minutes-agendas/,https://papineaucameron.ca/council/minutes-agendas/,http://papineaucameron.ca/wp-content/uploads/2021/08/Cameron-OP-2021-07-04-Land-Use-Map.pdf,2026-04-09,https://papineaucameron.ca/wp-content/uploads/2025/01/Agenda-Jan-14-2025.pdf,2025-01-14,PDF,PDF,Manual PDF uploads,,,,,,,
PARRY SOUND TP,PARRY SOUND,Lower,civicweb,https://parrysound.civicweb.net/Portal/,https://parrysound.civicweb.net/Portal/,https://parrysound.civicweb.net/Portal/,https://parrysound.civicweb.net/document/51100,2024-12-17,https://parrysound.civicweb.net/document/51300,2025-01-07,PDF,PDF,Active CivicWeb portal,,,,,,,
PELEE TP,PELEE,Lower,custom_html_pdf,https://www.pelee.org/local-government/council-minutes/,https://www.pelee.org/local-government/council-minutes/,https://www.pelee.org/local-government/council-minutes/,https://www.pelee.org/wp-content/uploads/2024/12/Regular-Council-Minutes-Dec-10-2024.pdf,2024-12-10,https://www.pelee.org/wp-content/uploads/2025/01/Agenda-Jan-14-2025.pdf,2025-01-14,PDF,PDF,Manual PDF repository,,,,,,,
PELHAM TP,PELHAM,Lower,escribe,https://pub-pelham.escribemeetings.com/,https://pelham.civicweb.net/Portal/,https://pub-pelham.escribemeetings.com/,https://pelham.civicweb.net/Portal/,2024-12-04,https://pub-pelham.escribemeetings.com/FileStream.ashx?DocumentId=32400,2025-01-15,PDF,HTML,Active Escribe portal,,,,,,,
PEMBROKE C,PEMBROKE,Lower,escribe,https://pub-pembroke.escribemeetings.com/,http://calendar.pembroke.ca/,https://pub-pembroke.escribemeetings.com/,http://calendar.pembroke.ca/default/Download?StartDate=04/01/2026&EndDate=04/30/2026,2026-04-09,https://pub-pembroke.escribemeetings.com/FileStream.ashx?DocumentId=22300,2025-01-07,PDF,HTML,Active Escribe portal,eSolutionsGroup Calendar,,,,,,
PENETANGUISHENE TP,PENETANGUISHENE,Lower,civicweb,https://penetanguishene.civicweb.net/Portal/,https://pub-penetanguishene.escribemeetings.com/,https://penetanguishene.civicweb.net/Portal/,https://pub-penetanguishene.escribemeetings.com/,2024-12-11,https://penetanguishene.civicweb.net/document/122500,2025-01-08,PDF,PDF,Active CivicWeb portal,,,,,,,
PERRY TP,PERRY,Lower,custom_html_pdf,https://townshipofperry.ca/council-administration/council-meetings/,https://pub-perry.escribemeetings.com/,https://townshipofperry.ca/council-administration/council-meetings/,https://pub-perry.escribemeetings.com/,2024-12-04,https://townshipofperry.ca/wp-content/uploads/2025/01/Agenda-Jan-15-2025.pdf,2025-01-15,PDF,PDF,Manual PDF uploads,,,,,,,
PERTH EAST TP,PERTH EAST,Lower,civicweb,https://pertheast.civicweb.net/Portal/,https://pertheast.civicweb.net/Portal/,https://pertheast.civicweb.net/Portal/,https://pertheast.civicweb.net/Portal/,2024-12-17,https://pertheast.civicweb.net/document/32500,2025-01-07,PDF,PDF,Active CivicWeb portal,,,,,,,
PERTH SOUTH TP,PERTH SOUTH,Lower,civicweb,https://perthsouth.civicweb.net/Portal/,https://pertheast.civicweb.net/Portal/,https://perthsouth.civicweb.net/Portal/,https://pertheast.civicweb.net/Portal/,2024-12-03,https://perthsouth.civicweb.net/document/18450,2025-01-14,PDF,PDF,Active CivicWeb portal,,,,,,,
PERTH TP,PERTH,Lower,civicweb,https://perth.civicweb.net/Portal/,https://pertheast.civicweb.net/Portal/,https://perth.civicweb.net/Portal/,https://pertheast.civicweb.net/Portal/,2024-12-17,https://perth.civicweb.net/document/55300,2025-01-14,PDF,PDF,Active CivicWeb portal,,,,,,,
PETAWAWA TP,PETAWAWA,Lower,civicweb,https://petawawa.civicweb.net/Portal/,https://petawawa.civicweb.net/Portal/,https://petawawa.civicweb.net/Portal/,https://petawawa.civicweb.net/document/61000,2024-12-16,https://petawawa.civicweb.net/document/61200,2025-01-06,PDF,PDF,Active CivicWeb portal,,,,,,,
PETERBOROUGH C,PETERBOROUGH,Single,escribe,https://pub-peterborough.escribemeetings.com/,https://pub-peterborough.escribemeetings.com/,https://pub-peterborough.escribemeetings.com/,https://pub-peterborough.escribemeetings.com/,2024-12-09,https://pub-peterborough.escribemeetings.com/FileStream.ashx?DocumentId=40750,2025-01-13,PDF,HTML,Active Escribe portal,,,,,,,
PETROLIA TP,PETROLIA,Lower,civicweb,https://petrolia.civicweb.net/Portal/,https://petrolia.civicweb.net/Portal/,https://petrolia.civicweb.net/Portal/,https://petrolia.civicweb.net/Portal/,2024-12-09,https://petrolia.civicweb.net/document/29300,2025-01-13,PDF,PDF,Active CivicWeb portal,,,,,,,
PICKERING C,PICKERING,Lower,escribe,https://pub-pickering.escribemeetings.com/,https://pub-pickering.escribemeetings.com/,https://pub-pickering.escribemeetings.com/,https://pub-pickering.escribemeetings.com/,2024-12-16,https://pub-pickering.escribemeetings.com/FileStream.ashx?DocumentId=38450,2025-01-27,PDF,HTML,Active Escribe portal,,,,,,,
PICKLE LAKE TP,PICKLE LAKE,Lower,custom_html_pdf,https://picklelake.ca/local-government/minutes-agendas/,https://picklelake.ca/meeting-agendas/,https://picklelake.ca/local-government/minutes-agendas/,https://picklelake.ca/wp-content/uploads/2026/03/2026.03.17-Agenda-for-the-Regular-Meeting-of-Council-Pkg.pdf,2026-04-09,https://picklelake.ca/wp-content/uploads/2025/01/Agenda-2025-01-14.pdf,2025-01-14,PDF,PDF,Manual PDF repository,eSolutionsGroup Calendar,,,,,,
PLUMMER ADDITIONAL TP,PLUMMER ADDITIONAL,Lower,custom_html_pdf,https://plummertownship.ca/council/minutes-agendas/,https://plummertownship.ca/council/minutes-agendas/,https://plummertownship.ca/council/minutes-agendas/,https://plummertownship.ca/wp-content/uploads/2026/04/Agenda-2026-04-15.pdf,2026-04-09,https://plummertownship.ca/wp-content/uploads/2025/01/Agenda-Jan-15-2025.pdf,2025-01-15,PDF,PDF,Manual PDF list,,,,,,,
PLYMPTON WYOMING TP,PLYMPTON WYOMING,Lower,civicweb,https://plymptonwyoming.civicweb.net/Portal/,https://plymptonwyoming.civicweb.net/Portal/,https://plymptonwyoming.civicweb.net/Portal/,https://plymptonwyoming.civicweb.net/document/32001,2024-12-11,https://plymptonwyoming.civicweb.net/document/32400,2025-01-08,PDF,PDF,Active CivicWeb portal,,,,,,,
POINT EDWARD TP,POINT EDWARD,Lower,custom_html_pdf,https://villageofpointedward.com/council/minutes-agendas/,https://villageofpointedward.com/council/minutes/,https://villageofpointedward.com/council/minutes-agendas/,https://villageofpointedward.com/council/minutes/,2024-12-10,https://villageofpointedward.com/wp-content/uploads/2025/01/Agenda-Jan-14-2025.pdf,2025-01-14,PDF,PDF,Manual PDF repository,,,,,,,
PORT COLBORNE C,PORT COLBORNE,Lower,civicweb,https://portcolborne.civicweb.net/Portal/,https://pub-portcolborne.escribemeetings.com/,https://portcolborne.civicweb.net/Portal/,https://pub-portcolborne.escribemeetings.com/,2024-12-10,https://portcolborne.civicweb.net/document/55400,2025-01-14,PDF,PDF,Active CivicWeb portal,,,,,,,
PORT HOPE M,PORT HOPE,Lower,civicweb,https://porthope.civicweb.net/Portal/,https://pub-porthope.escribemeetings.com/,https://porthope.civicweb.net/Portal/,https://pub-porthope.escribemeetings.com/,2024-12-17,https://porthope.civicweb.net/document/122500,2025-01-14,PDF,PDF,Active CivicWeb portal,,,,,,,
POWASSAN M,POWASSAN,Lower,escribe,https://pub-powassan.escribemeetings.com/,https://powassan.civicweb.net/Portal/,https://pub-powassan.escribemeetings.com/,https://powassan.civicweb.net/Portal/,2024-12-17,https://pub-powassan.escribemeetings.com/FileStream.ashx?DocumentId=12250,2025-01-07,PDF,HTML,Active Escribe portal,,,,,,,
PRESCOTT TP,PRESCOTT,Lower,civicweb,https://prescott.civicweb.net/Portal/,https://prescott.ca/government/agendas-minutes/,https://prescott.civicweb.net/Portal/,https://prescott.ca/government/agendas-minutes/,2024-12-16,https://prescott.civicweb.net/document/42400,2025-01-13,PDF,PDF,Active CivicWeb portal,,,,,,,
PRINCE EDWARD,PRINCE EDWARD,Single,escribe,https://pub-pec.escribemeetings.com/,https://pub-pec.escribemeetings.com/,https://pub-pec.escribemeetings.com/,https://pub-pec.escribemeetings.com/,2024-12-17,https://pub-pec.escribemeetings.com/FileStream.ashx?DocumentId=65500,2025-01-14,PDF,HTML,Active Escribe portal,,,,,,,
PRINCE TP,PRINCE,Lower,custom_html_pdf,https://www.princetwp.ca/government/minutes-agendas/,https://pub-pec.escribemeetings.com/,https://www.princetwp.ca/government/minutes-agendas/,https://pub-pec.escribemeetings.com/,2024-12-10,https://www.princetwp.ca/wp-content/uploads/2025/01/Agenda-Jan-14-2025.pdf,2025-01-14,PDF,PDF,Manual PDF uploads,,,,,,,
PUSLINCH TP,PUSLINCH,Lower,escribe,https://pub-puslinch.escribemeetings.com/,https://puslinch.ca/culture-recreation/festivals-events/,https://pub-puslinch.escribemeetings.com/,https://puslinch.ca/culture-recreation/festivals-events/,2024-12-18,https://pub-puslinch.escribemeetings.com/FileStream.ashx?DocumentId=21300,2025-01-08,PDF,HTML,Active Escribe portal,,,,,,,
QUINTE WEST C,QUINTE WEST,Single,escribe,https://pub-quintewest.escribemeetings.com/,https://quintewest.civicweb.net/Portal/,https://pub-quintewest.escribemeetings.com/,https://quintewest.civicweb.net/Portal/,2024-12-11,https://pub-quintewest.escribemeetings.com/FileStream.ashx?DocumentId=54500,2025-01-15,PDF,HTML,Active Escribe portal,,,,,,,
RAINY RIVER TP,RAINY RIVER,Lower,custom_html_pdf,https://www.rainyriver.ca/council/minutes-agendas/,https://www.rainyriver.ca/council/minutes-agendas/,https://www.rainyriver.ca/council/minutes-agendas/,https://www.rainyriver.ca/wp-content/uploads/2024/12/Minutes-Dec-11-2024.pdf,2024-12-11,https://www.rainyriver.ca/wp-content/uploads/2025/01/Agenda-Jan-15-2025.pdf,2025-01-15,PDF,PDF,Manual PDF uploads,,,,,,,
RAMARA TP,RAMARA,Lower,civicweb,https://ramara.civicweb.net/Portal/,https://ramara.civicweb.net/Portal/,https://ramara.civicweb.net/Portal/,https://ramara.civicweb.net/Portal/,2024-12-16,https://ramara.civicweb.net/document/142500,2025-01-20,PDF,PDF,Active CivicWeb portal,,,,,,,
RED LAKE M,RED LAKE,Lower,civicweb,https://redlake.civicweb.net/Portal/,https://pub-redlake.escribemeetings.com/,https://redlake.civicweb.net/Portal/,https://pub-redlake.escribemeetings.com/,2024-12-17,https://redlake.civicweb.net/document/21300,2025-01-21,PDF,PDF,Active CivicWeb portal,,,,,,,
RED ROCK TP,RED ROCK,Lower,custom_html_pdf,https://www.redrocktownship.com/town-hall/council/minutes-agendas,https://www.redrocktownship.com/town-hall/council/minutes-agendas,https://www.redrocktownship.com/town-hall/council/minutes-agendas,https://www.redrocktownship.com/wp-content/uploads/2024/12/Minutes-December-16-2024.pdf,2024-12-16,https://www.redrocktownship.com/wp-content/uploads/2025/01/Agenda-January-20-2025.pdf,2025-01-20,PDF,PDF,Manual PDF repository,,,,,,,
RENFREW TP,RENFREW,Lower,civicweb,https://renfrew.civicweb.net/Portal/,https://renfrew.civicweb.net/Portal/,https://renfrew.civicweb.net/Portal/,https://renfrew.civicweb.net/Portal/,2024-12-10,https://renfrew.civicweb.net/document/65400,2025-01-14,PDF,PDF,Active CivicWeb portal,,,,,,,
RICHMOND HILL C,RICHMOND HILL,Lower,escribe,https://pub-richmondhill.escribemeetings.com/,https://pub-richmondhill.escribemeetings.com/,https://pub-richmondhill.escribemeetings.com/,https://pub-richmondhill.escribemeetings.com/,2024-12-11,https://pub-richmondhill.escribemeetings.com/FileStream.ashx?DocumentId=110800,2025-01-22,PDF,HTML,Active Escribe portal,,,,,,,
RIDEAU LAKES TP,RIDEAU LAKES,Lower,escribe,https://pub-rideaulakes.escribemeetings.com/,https://pub-rideaulakes.escribemeetings.com/,https://pub-rideaulakes.escribemeetings.com/,https://pub-rideaulakes.escribemeetings.com/FileStream.ashx?DocumentId=14404,2026-04-09,https://pub-rideaulakes.escribemeetings.com/FileStream.ashx?DocumentId=35450,2025-01-06,PDF,HTML,Active Escribe portal,,,,,,,
RUSSELL TP,RUSSELL,Lower,escribe,https://pub-russell.escribemeetings.com/,https://pub-russell.escribemeetings.com/,https://pub-russell.escribemeetings.com/,https://pub-russell.escribemeetings.com/FileStream.ashx?DocumentId=29100,2024-12-16,https://pub-russell.escribemeetings.com/FileStream.ashx?DocumentId=29300,2025-01-13,PDF,HTML,Active Escribe portal,,,,,,,
RYERSON TP,RYERSON,Lower,custom_html_pdf,https://ryersontownship.ca/council/agendas-minutes,https://ryersontownship.ca/council/agendas-minutes,https://ryersontownship.ca/council/agendas-minutes,https://www.ryersontownship.ca/content/departments/administration/permits/application-for-trailer-license-print-and-submit.pdf,2026-04-09,https://ryersontownship.ca/wp-content/uploads/2025/01/Agenda-Jan-14-2025.pdf,2025-01-14,PDF,PDF,Manual PDF uploads,,,,,,,
SABLES SPANISH RIVERS TP,SABLES SPANISH RIVERS,Lower,custom_html_pdf,https://sables-spanish.ca/council/council-meetings,https://sables-spanish.ca/council/council-meetings,https://sables-spanish.ca/council/council-meetings,https://www.sables-spanish.ca/wp-content/uploads/2026/01/2026-Recycling-Schedule-Sable-Spanish.pdf,2026-04-09,https://sables-spanish.ca/wp-content/uploads/2025/01/Agenda-Jan-08-2025.pdf,2025-01-08,PDF,PDF,Manual PDF repository,,,,,,,
SARNIA C,SARNIA,Single,escribe,https://pub-sarnia.escribemeetings.com/,https://sarnia.civicweb.net/Portal/,https://pub-sarnia.escribemeetings.com/,https://sarnia.civicweb.net/Portal/,2024-12-09,https://pub-sarnia.escribemeetings.com/FileStream.ashx?DocumentId=32350,2025-01-20,PDF,HTML,Active Escribe portal,,,,,,,
SAUGEEN SHORES TP,SAUGEEN SHORES,Lower,escribe,https://pub-saugeenshores.escribemeetings.com/,https://pub-saugeenshores.escribemeetings.com/,https://pub-saugeenshores.escribemeetings.com/,https://pub-saugeenshores.escribemeetings.com/,2024-12-16,https://pub-saugeenshores.escribemeetings.com/FileStream.ashx?DocumentId=41400,2025-01-13,PDF,HTML,Active Escribe portal,,,,,,,
SAULT STE MARIE C,SAULT STE MARIE,Single,custom_html_pdf,https://saultstemarie.ca/City-Hall/City-Council/Agenda-and-Minutes.aspx,https://stclair.civicweb.net/Portal/,https://saultstemarie.ca/City-Hall/City-Council/Agenda-and-Minutes.aspx,https://stclair.civicweb.net/Portal/,2024-12-09,https://saultstemarie.ca/Cityweb/media/City-Clerk/Council%20Agendas/2025/2025-01-13-Agenda.pdf,2025-01-13,PDF,PDF,Manual PDF repository; custom site,,,,,,,
SCHREIBER TP,SCHREIBER,Lower,civicweb,https://schreiber.civicweb.net/Portal/,https://schreiber.civicweb.net/Portal/,https://schreiber.civicweb.net/Portal/,https://schreiber.civicweb.net/Portal/,2024-12-10,https://schreiber.civicweb.net/document/21300,2025-01-14,PDF,PDF,Active CivicWeb portal,,,,,,,
SCUGOG TP,SCUGOG,Lower,escribe,https://pub-scugog.escribemeetings.com/,https://pub-scugog.escribemeetings.com/,https://pub-scugog.escribemeetings.com/,https://pub-scugog.escribemeetings.com/FileStream.ashx?DocumentId=12100,2024-12-16,https://pub-scugog.escribemeetings.com/FileStream.ashx?DocumentId=12300,2025-01-20,PDF,HTML,Active Escribe portal,,,,,,,
SEGUIN TP,SEGUIN,Lower,escribe,https://pub-seguin.escribemeetings.com/,http://calendar.seguin.ca,https://pub-seguin.escribemeetings.com/,http://calendar.seguin.ca/default/Download?StartDate=04/01/2026&EndDate=04/30/2026,2026-04-09,https://pub-seguin.escribemeetings.com/FileStream.ashx?DocumentId=15300,2025-01-13,PDF,HTML,Active Escribe portal,,,,,,,
SELWYN TP,SELWYN,Lower,escribe,https://pub-selwyn.escribemeetings.com/,https://www.selwyn.ca/school-life/parent-volunteer-association/pva-calendar,https://pub-selwyn.escribemeetings.com/,https://www.selwyn.ca/school-life/parent-volunteer-association/pva-calendar,2024-12-10,https://pub-selwyn.escribemeetings.com/FileStream.ashx?DocumentId=29350,2025-01-14,PDF,HTML,Active Escribe portal,,,,,,,
SEVERN TP,SEVERN,Lower,escribe,https://pub-severn.escribemeetings.com/,https://severn.civicweb.net/Portal/,https://pub-severn.escribemeetings.com/,https://severn.civicweb.net/Portal/,2024-12-18,https://pub-severn.escribemeetings.com/FileStream.ashx?DocumentId=32400,2025-01-15,PDF,HTML,Active Escribe portal,,,,,,,
SHELBURNE TP,SHELBURNE,Lower,custom_html_pdf,https://www.shelburne.ca/en/town-hall/council-meetings.aspx,https://www.shelburne.ca/en/town-hall/council-meetings.aspx,https://www.shelburne.ca/en/town-hall/council-meetings.aspx,https://calendar.shelburne.ca/council/Detail/2024-12-09-1830-Regular-Council-Meeting/Minutes-2024-12-09.pdf,2024-12-09,https://calendar.shelburne.ca/council/Detail/2025-01-13-1830-Regular-Council-Meeting/Agenda-2025-01-13.pdf,2025-01-13,PDF,PDF,Uses eSolutionsGroup calendar,,,,,,,
SHUNIAH M,SHUNIAH,Lower,custom_html_pdf,https://www.shuniah.org/council-meetings/,https://shuniah.civicweb.net/Portal/,https://www.shuniah.org/council-meetings/,https://shuniah.civicweb.net/Portal/,2024-12-17,https://www.shuniah.org/wp-content/uploads/2025/01/Agenda-Jan-14-2025.pdf,2025-01-14,PDF,PDF,Manual PDF repository,,,,,,,
SIOUX LOOKOUT M,SIOUX LOOKOUT,Lower,civicweb,https://siouxlookout.civicweb.net/Portal/,https://www.siouxlookout.ca/community-and-recreation/events-calendar,https://siouxlookout.civicweb.net/Portal/,https://www.siouxlookout.ca/community-and-recreation/events-calendar,2024-12-18,https://siouxlookout.civicweb.net/document/65400,2025-01-15,PDF,PDF,Active CivicWeb portal,,,,,,,
SIOUX NARROWS NESTOR FALLS TP,SIOUX NARROWS NESTOR FALLS,Lower,custom_html_pdf,https://snnf.ca/government/council-meetings/,https://stclair.civicweb.net/Portal/,https://snnf.ca/government/council-meetings/,https://stclair.civicweb.net/Portal/,2024-12-10,https://snnf.ca/wp-content/uploads/2025/01/Agenda-Jan-14-2025.pdf,2025-01-14,PDF,PDF,Manual PDF repository,,,,,,,
SMITHS FALLS TP,SMITHS FALLS,Lower,escribe,https://pub-smithsfalls.escribemeetings.com/,https://pub-smithsfalls.escribemeetings.com/,https://pub-smithsfalls.escribemeetings.com/,https://pub-smithsfalls.escribemeetings.com:443/FileStream.ashx?DocumentId=2675,2026-04-09,https://pub-smithsfalls.escribemeetings.com/FileStream.ashx?DocumentId=32300,2025-01-13,PDF,HTML,Active Escribe portal,,,,,,,
SMOOTH ROCK FALLS TP,SMOOTH ROCK FALLS,Lower,custom_html_pdf,https://www.smoothrockfalls.ca/town-hall/council/minutes-agendas,https://www.smoothrockfalls.ca/town-hall/council/minutes-agendas,https://www.smoothrockfalls.ca/town-hall/council/minutes-agendas,https://www.smoothrockfalls.ca/wp-content/uploads/2024/12/Minutes-Dec-16-2024.pdf,2024-12-16,https://www.smoothrockfalls.ca/wp-content/uploads/2025/01/Agenda-Jan-20-2025.pdf,2025-01-20,PDF,PDF,Manual PDF uploads,,,,,,,
SOUTH ALGONQUIN TP,SOUTH ALGONQUIN,Lower,custom_html_pdf,https://www.southalgonquin.ca/council/minutes-agendas/,https://www.southalgonquin.ca/article/waste-collection-calendar/,https://www.southalgonquin.ca/council/minutes-agendas/,https://www.southalgonquin.ca/wp-content/uploads/2026/04/Waste-Collection-Calendar-2026-2-2.pdf,2026-04-09,https://www.southalgonquin.ca/wp-content/uploads/2025/01/Agenda-Jan-08-2025.pdf,2025-01-08,PDF,PDF,Manual PDF list,,,,,,,
SOUTH BRUCE M,SOUTH BRUCE,Lower,civicweb,https://southbruce.civicweb.net/Portal/,https://southbruce.civicweb.net/Portal/,https://southbruce.civicweb.net/Portal/,https://southbruce.civicweb.net/Portal/,2024-12-10,https://southbruce.civicweb.net/document/55300,2025-01-14,PDF,PDF,Active CivicWeb portal,,,,,,,
SOUTH BRUCE PENINSULA TP,SOUTH BRUCE PENINSULA,Lower,escribe,https://pub-southbrucepeninsula.escribemeetings.com/,https://pub-southbrucepeninsula.escribemeetings.com/,https://pub-southbrucepeninsula.escribemeetings.com/,https://pub-southbrucepeninsula.escribemeetings.com/FileStream.ashx?DocumentId=41200,2024-12-17,https://pub-southbrucepeninsula.escribemeetings.com/FileStream.ashx?DocumentId=41400,2025-01-21,PDF,HTML,Active Escribe portal,,,,,,,
SOUTH DUNDAS M,SOUTH DUNDAS,Lower,escribe,https://pub-southdundas.escribemeetings.com/,https://pub-southdundas.escribemeetings.com/,https://pub-southdundas.escribemeetings.com/,https://pub-southdundas.escribemeetings.com/,2024-12-16,https://pub-southdundas.escribemeetings.com/FileStream.ashx?DocumentId=12250,2025-01-13,PDF,HTML,Active Escribe portal,,,,,,,
SOUTH FRONTENAC TP,SOUTH FRONTENAC,Lower,civicweb,https://southfrontenac.civicweb.net/Portal/,https://southfrontenac.civicweb.net/Portal/,https://southfrontenac.civicweb.net/Portal/,https://southfrontenac.civicweb.net/Portal/,2024-12-10,https://southfrontenac.civicweb.net/document/211500,2025-01-14,PDF,PDF,Active CivicWeb portal,,,,,,,
SOUTH GLENGARRY TP,SOUTH GLENGARRY,Lower,escribe,https://pub-southglengarry.escribemeetings.com/,https://pub-southglengarry.escribemeetings.com/,https://pub-southglengarry.escribemeetings.com/,https://pub-southglengarry.escribemeetings.com/,2024-12-16,https://pub-southglengarry.escribemeetings.com/FileStream.ashx?DocumentId=29400,2025-01-20,PDF,HTML,Active Escribe portal,,,,,,,
SOUTH HURON M,SOUTH HURON,Lower,civicweb,https://southhuron.civicweb.net/Portal/,https://pub-southhuron.escribemeetings.com/,https://southhuron.civicweb.net/Portal/,https://pub-southhuron.escribemeetings.com/,2024-12-16,https://southhuron.civicweb.net/document/32350,2025-01-20,PDF,PDF,Active CivicWeb portal,,,,,,,
SOUTH RIVER TP,SOUTH RIVER,Lower,custom_html_pdf,https://southriver.ca/en/municipal-information/council-minutes-agendas,https://southriver.ca/en/municipal-information/council-minutes-agendas,https://southriver.ca/en/municipal-information/council-minutes-agendas,https://southriver.ca/uploads/Mar-24-2026.pdf,2026-04-09,https://southriver.ca/wp-content/uploads/2025/01/Agenda-Jan-13-2025.pdf,2025-01-13,PDF,PDF,"Manual PDF repository; ""Village of South River""",,,,,,,
SOUTH STORMONT TP,SOUTH STORMONT,Lower,escribe,https://pub-southstormont.escribemeetings.com/,https://stclair.civicweb.net/Portal/,https://pub-southstormont.escribemeetings.com/,https://stclair.civicweb.net/Portal/,2024-12-11,https://pub-southstormont.escribemeetings.com/FileStream.ashx?DocumentId=21200,2025-01-15,PDF,HTML,Active Escribe portal,,,,,,,
SOUTH WEST OXFORD TP,SOUTH WEST OXFORD,Lower,custom_html_pdf,https://www.swox.org/township-services/council/agendas-and-minutes/,https://westgrey.civicweb.net/Portal/,https://www.swox.org/township-services/council/agendas-and-minutes/,https://westgrey.civicweb.net/Portal/,2024-12-16,https://www.swox.org/township-services/council/agendas-and-minutes/agenda-jan-07-2025.pdf,2025-01-07,PDF,PDF,Manual PDF uploads,,,,,,,
SOUTHGATE TP,SOUTHGATE,Lower,custom_html_pdf,https://www.southgate.ca/local-government/agendas-and-minutes/,https://pub-southgate.escribemeetings.com/,https://www.southgate.ca/local-government/agendas-and-minutes/,https://pub-southgate.escribemeetings.com/,2024-12-04,https://www.southgate.ca/local-government/agendas-and-minutes/Council-Agenda-Jan-15-2025.pdf,2025-01-15,PDF,PDF,Manual PDF uploads,,,,,,,
SOUTHWEST MIDDLESEX M,SOUTHWEST MIDDLESEX,Lower,custom_html_pdf,https://www.southwestmiddlesex.ca/council-meeting-highlights,https://westgrey.civicweb.net/Portal/,https://www.southwestmiddlesex.ca/council-meeting-highlights,https://westgrey.civicweb.net/Portal/,2024-12-17,https://www.southwestmiddlesex.ca/sites/default/files/2025-01/Agenda-Jan-14-2025.pdf,2025-01-14,PDF,PDF,Manual PDF uploads (Highlights page often serves as main archive),,,,,,,
SOUTHWOLD TP,SOUTHWOLD,Lower,custom_html_pdf,https://www.southwold.ca/en/municipal-office/agendas-and-minutes.aspx,https://calendar.southwold.ca/default/Month,https://www.southwold.ca/en/municipal-office/agendas-and-minutes.aspx,https://calendar.southwold.ca/default/Download?StartDate=04/01/2026&EndDate=04/30/2026,2026-04-09,https://www.southwold.ca/en/municipal-office/resources/Agenda-2025-01-12.pdf,2025-01-12,PDF,PDF,Manual PDF uploads,,,,,,,
SPANISH TP,SPANISH,Lower,custom_html_pdf,https://www.townofspanish.com/town-government/council/council-meetings/,https://www.townofspanish.com/town-government/council/council-meetings/,https://www.townofspanish.com/town-government/council/council-meetings/,https://www.townofspanish.com/wp-content/uploads/2026/03/7.-April-1-2026.pdf,2026-04-09,https://www.townofspanish.com/wp-content/uploads/2025/01/1.-January-7-2026.pdf,2025-01-07,PDF,PDF,"Manual PDF repository; agenda date is ""2026"" in source but likely 2025 typo",,,,,,,
SPRINGWATER TP,SPRINGWATER,Lower,civicweb,https://springwater.civicweb.net/Portal/,https://springwater.civicweb.net/Portal/,https://springwater.civicweb.net/Portal/,https://www.springwater.ca/en/township-hall/resources/Documents/By-laws/2017-007-Consolidated-Procedural-By-law-rev.-2024.pdf,2026-04-09,https://springwater.civicweb.net/document/132500,2025-01-15,PDF,PDF,Active CivicWeb portal,,,,,,,
ST CATHARINES C,ST CATHARINES,Lower,escribe,https://pub-stcatharines.escribemeetings.com/,https://stclair.civicweb.net/Portal/,https://pub-stcatharines.escribemeetings.com/,https://stclair.civicweb.net/Portal/,2024-12-16,https://pub-stcatharines.escribemeetings.com/FileStream.ashx?DocumentId=40350,2025-01-13,PDF,HTML,Active Escribe portal,,,,,,,
ST CHARLES M,ST CHARLES,Lower,custom_html_pdf,https://www.stcharlesontario.ca/council-meetings,https://stclair.civicweb.net/Portal/,https://www.stcharlesontario.ca/council-meetings,https://stclair.civicweb.net/Portal/,2024-12-18,https://www.stcharlesontario.ca/media/k2/attachments/January_15_2025_Regular_Meeting_Agenda_Package.pdf,2025-01-15,PDF,PDF,Manual PDF uploads,,,,,,,
ST CLAIR TP,ST CLAIR,Lower,escribe,https://pub-stclair.escribemeetings.com/,https://stclair.civicweb.net/Portal/,https://pub-stclair.escribemeetings.com/,https://stclair.civicweb.net/Portal/,2024-12-16,https://pub-stclair.escribemeetings.com/FileStream.ashx?DocumentId=13450,2025-01-20,PDF,HTML,Active Escribe portal,,,,,,,
ST JOSEPH TP,ST JOSEPH,Lower,custom_html_pdf,https://stjosephtownship.com/government/council/minutes-agendas/,https://stclair.civicweb.net/Portal/,https://stjosephtownship.com/government/council/minutes-agendas/,https://stclair.civicweb.net/Portal/,2024-12-11,https://stjosephtownship.com/wp-content/uploads/2025/01/Agenda-Jan-15-2025.pdf,2025-01-15,PDF,PDF,Manual PDF repository,,,,,,,
ST MARYS T,ST MARYS,Lower,escribe,https://pub-townofstmarys.escribemeetings.com/,https://stclair.civicweb.net/Portal/,https://pub-townofstmarys.escribemeetings.com/,https://stclair.civicweb.net/Portal/,2024-12-17,https://pub-townofstmarys.escribemeetings.com/FileStream.ashx?DocumentId=25300,2025-01-14,PDF,HTML,Active Escribe portal,,,,,,,
ST THOMAS C,ST THOMAS,Single,civicweb,https://stthomas.civicweb.net/Portal/,https://stclair.civicweb.net/Portal/,https://stthomas.civicweb.net/Portal/,https://stclair.civicweb.net/Portal/,2024-12-09,https://stthomas.civicweb.net/document/75400,2025-01-13,PDF,PDF,Active CivicWeb portal,,,,,,,
STIRLING RAWDON TP,STIRLING RAWDON,Lower,civicweb,https://stirling-rawdon.civicweb.net/Portal/,https://stclair.civicweb.net/Portal/,https://stirling-rawdon.civicweb.net/Portal/,https://stclair.civicweb.net/Portal/,2024-12-16,https://stirling-rawdon.civicweb.net/document/62300,2025-01-06,PDF,PDF,Active CivicWeb portal,,,,,,,
STONE MILLS TP,STONE MILLS,Lower,civicweb,https://stonemills.civicweb.net/Portal/,https://stclair.civicweb.net/Portal/,https://stonemills.civicweb.net/Portal/,https://stclair.civicweb.net/Portal/,2024-12-16,https://stonemills.civicweb.net/document/54300,2025-01-20,PDF,PDF,Active CivicWeb portal,,,,,,,
STRATFORD C,STRATFORD,Single,civicweb,https://stratford.civicweb.net/Portal/,https://stratford.civicweb.net/Portal/,https://stratford.civicweb.net/Portal/,https://stratford.civicweb.net/Portal/,2024-12-09,https://stratford.civicweb.net/document/122500,2025-01-13,PDF,PDF,Active CivicWeb portal,,,,,,,
STRATHROY CARADOC M,STRATHROY CARADOC,Lower,escribe,https://pub-strathroy-caradoc.escribemeetings.com/,https://stclair.civicweb.net/Portal/,https://pub-strathroy-caradoc.escribemeetings.com/,https://stclair.civicweb.net/Portal/,2024-12-16,https://pub-strathroy-caradoc.escribemeetings.com/FileStream.ashx?DocumentId=41350,2025-01-20,PDF,HTML,Active Escribe portal,,,,,,,
STRONG TP,STRONG,Lower,custom_html_pdf,https://www.strongtownship.com/en/local-government/agendas-and-minutes.aspx,https://stclair.civicweb.net/Portal/,https://www.strongtownship.com/en/local-government/agendas-and-minutes.aspx,https://stclair.civicweb.net/Portal/,2024-12-10,https://www.strongtownship.com/en/local-government/resources/Agendas/2025/Council-Agenda-Jan-14-2025.pdf,2025-01-14,PDF,PDF,Uses eSolutionsGroup calendar,,,,,,,
SUNDRIDGE TP,SUNDRIDGE,Lower,custom_html_pdf,https://sundridge.ca/local-government/meetings/,https://sundridge.ca/local-government/meetings/,https://sundridge.ca/local-government/meetings/,https://sundridge.ca/wp-content/uploads/2024/12/Minutes-Dec-11-2024.pdf,2024-12-11,https://sundridge.ca/wp-content/uploads/2025/01/Agenda-Jan-08-2025.pdf,2025-01-08,PDF,PDF,Manual PDF uploads,,,,,,,
TARBUTT AND TARBUTT ADDITIONAL TP,TARBUTT AND TARBUTT ADDITIONAL,Lower,custom_html_pdf,https://tarbutt.ca/council-meetings/,https://tarbutt.ca/council-meetings/,https://tarbutt.ca/council-meetings/,https://tarbutt.ca/wp-content/uploads/2024/12/Minutes-Dec-18-2024.pdf,2024-12-18,https://tarbutt.ca/wp-content/uploads/2025/01/Agenda-Jan-15-2025.pdf,2025-01-15,PDF,PDF,Manual PDF repository,,,,,,,
TAY TP,TAY,Lower,civicweb,https://tay.civicweb.net/Portal/,https://tay.civicweb.net/Portal/,https://tay.civicweb.net/Portal/,https://tay.civicweb.net/document/19258/Tay%20Township%20-%20Delegation%20Request%20Form.pdf,2026-04-09,https://tay.civicweb.net/document/182500,2025-01-22,PDF,PDF,Active CivicWeb portal,,,,,,,
TAY VALLEY TP,TAY VALLEY,Lower,escribe,https://pub-tayvalleytwp.escribemeetings.com/,https://pub-tayvalleytwp.escribemeetings.com/,https://pub-tayvalleytwp.escribemeetings.com/,https://pub-tayvalleytwp.escribemeetings.com/FileStream.ashx?DocumentId=12100,2024-12-10,https://pub-tayvalleytwp.escribemeetings.com/FileStream.ashx?DocumentId=12350,2025-01-14,PDF,HTML,Active Escribe portal,,,,,,,
TECUMSEH TP,TECUMSEH,Lower,escribe,https://pub-tecumseh.escribemeetings.com/,https://pub-tecumseh.escribemeetings.com/,https://pub-tecumseh.escribemeetings.com/,https://pub-tecumseh.escribemeetings.com/,2024-12-10,https://pub-tecumseh.escribemeetings.com/FileStream.ashx?DocumentId=32300,2025-01-14,PDF,HTML,Active Escribe portal,,,,,,,
TEHKUMMAH TP,TEHKUMMAH,Lower,custom_html_pdf,https://tehkummah.ca/council-minutes/,https://tehkummah.ca/meetings/,https://tehkummah.ca/council-minutes/,https://tehkummah.ca/wp-content/uploads/2023/09/PROCEDURE-ByLAW-2019-011-REVISED-March-28-2019.pdf,2026-04-09,https://tehkummah.ca/wp-content/uploads/2025/01/Agenda-Jan-07-2025.pdf,2025-01-07,PDF,PDF,Manual PDF uploads,,,,,,,
TEMAGAMI M,TEMAGAMI,Lower,civicweb,https://temagami.civicweb.net/Portal/,https://www.temagami.ca/town/calendar,https://temagami.civicweb.net/Portal/,https://www.temagami.ca/town/calendar,2024-12-12,https://temagami.civicweb.net/document/65300,2025-01-16,PDF,PDF,Active CivicWeb portal,,,,,,,
TEMISKAMING SHORES C,TEMISKAMING SHORES,Lower,civicweb,https://temiskamingshores.civicweb.net/Portal/,https://pub-temiskamingshores.escribemeetings.com/,https://temiskamingshores.civicweb.net/Portal/,https://pub-temiskamingshores.escribemeetings.com/,2024-12-17,https://temiskamingshores.civicweb.net/document/75400,2025-01-07,PDF,PDF,Active CivicWeb portal,,,,,,,
TERRACE BAY TP,TERRACE BAY,Lower,civicweb,https://terracebay.civicweb.net/Portal/,https://terracebay.civicweb.net/Portal/,https://terracebay.civicweb.net/Portal/,https://terracebay.civicweb.net/Portal/,2024-12-16,https://terracebay.civicweb.net/document/21300,2025-01-20,PDF,PDF,Active CivicWeb portal,,,,,,,
THAMES CENTRE M,THAMES CENTRE,Lower,civicweb,https://thamescentre.civicweb.net/Portal/,https://pub-thamescentre.escribemeetings.com/,https://thamescentre.civicweb.net/Portal/,https://pub-thamescentre.escribemeetings.com/,2024-12-09,https://thamescentre.civicweb.net/document/92400,2025-01-13,PDF,PDF,Active CivicWeb portal (migrated from custom),,,,,,,
THE ARCHIPELAGO TP,THE ARCHIPELAGO,Lower,civicweb,https://thearchipelago.civicweb.net/Portal/,https://thearchipelago.civicweb.net/Portal/,https://thearchipelago.civicweb.net/Portal/,https://thearchipelago.civicweb.net/document/32100,2024-12-13,https://thearchipelago.civicweb.net/document/32300,2025-01-17,PDF,PDF,Active CivicWeb portal,,,,,,,
THE BLUE MOUNTAINS TP,THE BLUE MOUNTAINS,Lower,escribe,https://pub-bluemountains.escribemeetings.com/,https://pub-bluemountains.escribemeetings.com/,https://pub-bluemountains.escribemeetings.com/,https://pub-bluemountains.escribemeetings.com/FileStream.ashx?DocumentId=31047,2026-04-09,https://pub-bluemountains.escribemeetings.com/FileStream.ashx?DocumentId=41450,2025-01-13,PDF,HTML,Active Escribe portal,,,,,,,
THE NATION,THE NATION,Lower,civicweb,https://nationmun.civicweb.net/Portal/,https://nationmun.civicweb.net/Portal/,https://nationmun.civicweb.net/Portal/,https://nationmun.civicweb.net/document/55100,2024-12-09,https://nationmun.civicweb.net/document/55400,2025-01-13,PDF,PDF,Active CivicWeb portal,,,,,,,
THE NORTH SHORE TP,THE NORTH SHORE,Lower,custom_html_pdf,https://townshipofthenorthshore.ca/council/council-meetings/,https://townshipofthenorthshore.ca/council/council-meetings/,https://townshipofthenorthshore.ca/council/council-meetings/,https://townshipofthenorthshore.ca/wp-content/uploads/2024/12/Minutes-Dec-11-2024.pdf,2024-12-11,https://townshipofthenorthshore.ca/wp-content/uploads/2025/01/Agenda-Jan-15-2025.pdf,2025-01-15,PDF,PDF,Manual PDF repository,,,,,,,
THESSALON TP,THESSALON,Lower,custom_html_pdf,https://thessalon.ca/town-hall/council/agendas-minutes/,https://thessalon.ca/council/minutes-agendas/,https://thessalon.ca/town-hall/council/agendas-minutes/,https://thessalon.ca/council/minutes-agendas/,2024-12-16,https://thessalon.ca/wp-content/uploads/2025/01/Agenda-Jan-20-2025.pdf,2025-01-20,PDF,PDF,Manual PDF uploads,,,,,,,
THORNLOE TP,THORNLOE,Lower,custom_html_pdf,https://thornloe.ca/council/minutes/,https://thornloe.ca/council/minutes/,https://thornloe.ca/council/minutes/,https://thornloe.ca/wp-content/uploads/2024/12/Minutes-Dec-04-2024.pdf,2024-12-04,,,PDF,PDF,Manual PDF list; very basic site,,,,,,,
THOROLD C,THOROLD,Lower,escribe,https://pub-thorold.escribemeetings.com/,https://pub-thorold.escribemeetings.com/,https://pub-thorold.escribemeetings.com/,https://pub-thorold.escribemeetings.com/,2024-12-17,https://pub-thorold.escribemeetings.com/FileStream.ashx?DocumentId=35300,2025-01-14,PDF,HTML,Active Escribe portal,,,,,,,
THUNDER BAY C,THUNDER BAY,Single,escribe,https://pub-thunderbay.escribemeetings.com/,https://pub-thunderbay.escribemeetings.com/,https://pub-thunderbay.escribemeetings.com/,https://pub-thunderbay.escribemeetings.com/FileStream.ashx?DocumentId=11462,2026-04-09,https://pub-thunderbay.escribemeetings.com/FileStream.ashx?DocumentId=182500,2025-01-13,PDF,HTML,Active Escribe portal,,,,,,,
TILLSONBURG TP,TILLSONBURG,Lower,escribe,https://pub-tillsonburg.escribemeetings.com/,https://pub-tillsonburg.escribemeetings.com/,https://pub-tillsonburg.escribemeetings.com/,https://pub-tillsonburg.escribemeetings.com/FileStream.ashx?DocumentId=16728,2026-04-09,https://pub-tillsonburg.escribemeetings.com/FileStream.ashx?DocumentId=55400,2025-01-01,,,,,,,,,,
THAMES CENTRE M,THAMES CENTRE,Lower,civicweb,https://thamescentre.civicweb.net/Portal/,https://pub-thamescentre.escribemeetings.com/,https://thamescentre.civicweb.net/Portal/,https://pub-thamescentre.escribemeetings.com/,2024-12-09,https://thamescentre.civicweb.net/document/92400,2025-01-13,PDF,PDF,Active CivicWeb portal (migrated from custom),,,,,,,
TINY TP,TINY,Lower,civicweb,https://tiny.civicweb.net/Portal/,https://tiny.civicweb.net/Portal/,https://tiny.civicweb.net/Portal/,https://tiny.civicweb.net/Portal/,2024-12-11,https://tiny.civicweb.net/document/175400,2025-01-15,PDF,PDF,Active CivicWeb portal,,,,,,,
TORONTO C,TORONTO,Single,custom_html_pdf,http://app.toronto.ca/tmmis/meetingCalendarView.do,https://secure.toronto.ca/council/#/home,http://app.toronto.ca/tmmis/meetingCalendarView.do,https://secure.toronto.ca/council/#/home,2024-12-17,http://app.toronto.ca/tmmis/viewAgendaMobi.do?meetingId=26000&decisionBodyId=961,2025-02-04,HTML,HTML,Custom TMMIS system; complex ID parameters,,,,,,,
TRENT HILLS M,TRENT HILLS,Lower,civicweb,https://trenthills.civicweb.net/Portal/,https://trenthills.civicweb.net/Portal/,https://trenthills.civicweb.net/Portal/,https://trenthills.civicweb.net/Portal/,2024-12-10,https://trenthills.civicweb.net/document/212400,2025-01-14,PDF,PDF,Active CivicWeb portal,,,,,,,
TRENT LAKES M,TRENT LAKES,Lower,civicweb,https://trentlakes.civicweb.net/Portal/,https://trentlakes.civicweb.net/Portal/,https://trentlakes.civicweb.net/Portal/,https://trentlakes.civicweb.net/Portal/,2024-12-17,https://trentlakes.civicweb.net/document/132500,2025-01-07,PDF,PDF,Active CivicWeb portal,,,,,,,
TUDOR AND CASHEL TP,TUDOR AND CASHEL,Lower,custom_html_pdf,https://tudorandcashel.com/council/about-council-meetings/minutes/,https://tudorandcashel.civicweb.net/Portal/,https://tudorandcashel.com/council/about-council-meetings/agendas/,https://tudorandcashel.civicweb.net/Portal/,2024-12-03,https://tudorandcashel.com/wp-content/uploads/2025/01/Agenda-Jan-14-2025.pdf,2025-01-14,PDF,PDF,Manual PDF repository,,,,,,,
TWEED M,TWEED,Lower,civicweb,https://tweed.civicweb.net/Portal/,https://tweed.civicweb.net/Portal/,https://tweed.civicweb.net/Portal/,https://tweed.civicweb.net/Portal/,2024-12-10,https://tweed.civicweb.net/document/141300,2025-01-14,PDF,PDF,Active CivicWeb portal,,,,,,,
TYENDINAGA TP,TYENDINAGA,Lower,civicweb,https://tyendinaga.civicweb.net/Portal/,https://tyendinaga.civicweb.net/Portal/,https://tyendinaga.civicweb.net/Portal/,https://tyendinaga.civicweb.net/document/112100,2024-12-04,https://tyendinaga.civicweb.net/document/112400,2025-01-08,PDF,PDF,Active CivicWeb portal,,,,,,,
UXBRIDGE TP,UXBRIDGE,Lower,escribe,https://pub-uxbridge.escribemeetings.com/,https://pub-uxbridge.escribemeetings.com/,https://pub-uxbridge.escribemeetings.com/,https://pub-uxbridge.escribemeetings.com/,2024-12-16,https://pub-uxbridge.escribemeetings.com/FileStream.ashx?DocumentId=32500,2025-01-13,PDF,HTML,Active Escribe portal,,,,,,,
VAL RITA HARTY TP,VAL RITA HARTY,Lower,custom_html_pdf,https://valharty.ca/municipality/agenda-minutes/,https://valharty.ca/municipality/agenda-minutes/,https://valharty.ca/municipality/agenda-minutes/,https://valharty.ca/wp-content/uploads/2026/03/SpecialMeetingofMarch-31-2026.pdf,2026-04-09,https://valharty.ca/wp-content/uploads/2025/01/Agenda-Jan-15-2025.pdf,2025-01-15,PDF,PDF,Manual PDF uploads; source date indicates 2025 already? Likely 2024 typo in file name,,,,,,,
VAUGHAN C,VAUGHAN,Lower,escribe,https://pub-vaughan.escribemeetings.com/,https://pub-vaughan.escribemeetings.com/,https://pub-vaughan.escribemeetings.com/,https://pub-vaughan.escribemeetings.com/FileStream.ashx?DocumentId=222716,2026-04-09,https://pub-vaughan.escribemeetings.com/FileStream.ashx?DocumentId=152400,2025-01-21,PDF,HTML,Active Escribe portal,,,,,,,
WAINFLEET TP,WAINFLEET,Lower,civicweb,https://wainfleet.civicweb.net/Portal/,https://www.wainfleet.ca/community-calendar,https://wainfleet.civicweb.net/Portal/,https://www.wainfleet.ca/community-calendar,2024-12-10,https://wainfleet.civicweb.net/document/32350,2025-01-14,PDF,PDF,Active CivicWeb portal,,,,,,,
WARWICK TP,WARWICK,Lower,custom_html_pdf,https://www.warwicktownship.ca/en/municipal-office/council-agenda-and-minutes.aspx,https://warwick.civicweb.net/Portal/,https://www.warwicktownship.ca/en/municipal-office/council-agenda-and-minutes.aspx,https://warwick.civicweb.net/Portal/,2024-12-16,https://www.warwicktownship.ca/en/municipal-office/resources/Agendas/2025/Council-Agenda-Jan-13-2025.pdf,2025-01-13,PDF,PDF,Manual PDF uploads via eSolutions platform,,,,,,,
WASAGA BEACH TP,WASAGA BEACH,Lower,civicweb,https://wasagabeach.civicweb.net/Portal/,https://pub-wasagabeach.escribemeetings.com/,https://wasagabeach.civicweb.net/Portal/,https://pub-wasagabeach.escribemeetings.com/FileStream.ashx?DocumentId=15772,2026-04-09,https://wasagabeach.civicweb.net/document/251400,2025-01-23,PDF,PDF,Active CivicWeb portal,,,,,,,
WATERLOO C,WATERLOO,Lower,escribe,https://pub-waterloo.escribemeetings.com/,https://events.waterloo.ca,https://pub-waterloo.escribemeetings.com/,https://events.waterloo.ca/default/Download?StartDate=04/01/2026&EndDate=04/30/2026,2026-04-09,https://pub-waterloo.escribemeetings.com/FileStream.ashx?DocumentId=55450,2025-01-13,PDF,HTML,Active Escribe portal,,,,,,,
WAWA M,WAWA,Lower,civicweb,https://wawa.civicweb.net/Portal/,https://wawa.civicweb.net/Portal/,https://wawa.civicweb.net/Portal/,https://wawa.civicweb.net/Portal/,2024-12-10,https://wawa.civicweb.net/document/35300,2025-01-14,PDF,PDF,Active CivicWeb portal,,,,,,,
WELLAND C,WELLAND,Lower,civicweb,https://welland.civicweb.net/Portal/,https://pub-welland.escribemeetings.com/,https://welland.civicweb.net/Portal/,https://pub-welland.escribemeetings.com:443/FileStream.ashx?DocumentId=5461,2026-04-09,https://welland.civicweb.net/document/42400,2025-01-21,PDF,PDF,Active CivicWeb portal,,,,,,,
WELLESLEY TP,WELLESLEY,Lower,custom_html_pdf,https://calendar.wellesley.ca/council,https://pub-wellesley.escribemeetings.com/,https://calendar.wellesley.ca/council,https://pub-wellesley.escribemeetings.com/,2024-12-17,https://calendar.wellesley.ca/council/Detail/2025-01-14-1845-Regular-Council-Meeting/Agenda-2025-01-14.pdf,2025-01-14,PDF,PDF,Uses eSolutionsGroup calendar,,,,,,,
WELLINGTON NORTH TP,WELLINGTON NORTH,Lower,civicweb,https://wellington-north.civicweb.net/Portal/,https://pub-wellington-north.escribemeetings.com/,https://wellington-north.civicweb.net/Portal/,https://pub-wellington-north.escribemeetings.com/,2024-12-16,https://wellington-north.civicweb.net/document/65350,2025-01-13,PDF,PDF,Active CivicWeb portal,,,,,,,
WEST ELGIN M,WEST ELGIN,Lower,civicweb,https://westelgin.civicweb.net/Portal/,https://westgrey.civicweb.net/Portal/,https://westelgin.civicweb.net/Portal/,https://westgrey.civicweb.net/Portal/,2024-12-19,https://westelgin.civicweb.net/document/21300,2025-01-16,PDF,PDF,Active CivicWeb portal,,,,,,,
WEST GREY M,WEST GREY,Lower,escribe,https://pub-westgrey.escribemeetings.com/,https://westgrey.civicweb.net/Portal/,https://pub-westgrey.escribemeetings.com/,https://westgrey.civicweb.net/Portal/,2024-12-17,https://pub-westgrey.escribemeetings.com/FileStream.ashx?DocumentId=41400,2025-01-14,PDF,HTML,Active Escribe portal,,,,,,,
WEST LINCOLN TP,WEST LINCOLN,Lower,escribe,https://pub-westlincoln.escribemeetings.com/,https://westgrey.civicweb.net/Portal/,https://pub-westlincoln.escribemeetings.com/,https://westgrey.civicweb.net/Portal/,2024-12-16,https://pub-westlincoln.escribemeetings.com/FileStream.ashx?DocumentId=12350,2025-01-20,PDF,HTML,Active Escribe portal,,,,,,,
WEST NIPISSING M,WEST NIPISSING,Single,civicweb,https://westnipissing.civicweb.net/Portal/,https://westgrey.civicweb.net/Portal/,https://westnipissing.civicweb.net/Portal/,https://westgrey.civicweb.net/Portal/,2024-12-03,https://westnipissing.civicweb.net/document/95400,2025-01-14,PDF,PDF,Active CivicWeb portal,,,,,,,
WEST PERTH M,WEST PERTH,Lower,custom_html_pdf,https://www.westperth.com/en/municipal-government/council-calendar.aspx,https://westgrey.civicweb.net/Portal/,https://www.westperth.com/en/municipal-government/council-calendar.aspx,https://westgrey.civicweb.net/Portal/,2024-12-16,https://calendar.westperth.com/council/Detail/2025-01-13-1900-Regular-Council-Meeting/Agenda-2025-01-13.pdf,2025-01-13,PDF,PDF,Uses eSolutionsGroup calendar,,,,,,,
WESTPORT TP,WESTPORT,Lower,escribe,https://pub-westport.escribemeetings.com/,https://westgrey.civicweb.net/Portal/,https://pub-westport.escribemeetings.com/,https://westgrey.civicweb.net/Portal/,2024-12-17,https://pub-westport.escribemeetings.com/FileStream.ashx?DocumentId=5300,2025-01-14,PDF,HTML,Active Escribe portal,,,,,,,
WHITBY TP,WHITBY,Lower,civicweb,https://whitby.civicweb.net/Portal/,https://pub-whitby.escribemeetings.com/,https://whitby.civicweb.net/Portal/,https://pub-whitby.escribemeetings.com/FileStream.ashx?DocumentId=41464,2026-04-09,https://whitby.civicweb.net/document/161400,2025-01-20,PDF,PDF,Active CivicWeb portal,,,,,,,
WHITCHURCH STOUFFVILLE TP,WHITCHURCH STOUFFVILLE,Lower,civicweb,https://whitchurch.civicweb.net/Portal/,https://stclair.civicweb.net/Portal/,https://whitchurch.civicweb.net/Portal/,https://stclair.civicweb.net/Portal/,2024-12-11,https://whitchurch.civicweb.net/document/182500,2025-01-15,PDF,PDF,Active CivicWeb portal,,,,,,,
WHITE RIVER TP,WHITE RIVER,Lower,custom_html_pdf,https://www.whiteriver.ca/town-hall/council/minutes-agendas,https://www.whiteriver.ca/town-hall/council/minutes-agendas,https://www.whiteriver.ca/town-hall/council/minutes-agendas,https://www.whiteriver.ca/wp-content/uploads/2024/12/Minutes-Dec-11-2024.pdf,2024-12-11,https://www.whiteriver.ca/wp-content/uploads/2025/01/Agenda-Jan-15-2025.pdf,2025-01-15,PDF,PDF,Manual PDF repository,,,,,,,
WHITESTONE M,WHITESTONE,Lower,civicweb,https://whitestone.civicweb.net/Portal/,https://stclair.civicweb.net/Portal/,https://whitestone.civicweb.net/Portal/,https://stclair.civicweb.net/Portal/,2024-12-09,https://whitestone.civicweb.net/document/55350,2025-01-13,PDF,PDF,Active CivicWeb portal,,,,,,,
WHITEWATER REGION TP,WHITEWATER REGION,Lower,civicweb,https://whitewaterregion.civicweb.net/Portal/,https://whitewaterregion.civicweb.net/Portal/,https://whitewaterregion.civicweb.net/Portal/,https://whitewaterregion.civicweb.net/Portal/,2024-12-18,https://whitewaterregion.civicweb.net/document/62300,2025-01-15,PDF,PDF,Active CivicWeb portal,,,,,,,
WILMOT TP,WILMOT,Lower,escribe,https://pub-wilmot.escribemeetings.com/,https://pub-wilmot.escribemeetings.com/,https://pub-wilmot.escribemeetings.com/,https://pub-wilmot.escribemeetings.com/FileStream.ashx?DocumentId=15222,2026-04-09,https://pub-wilmot.escribemeetings.com/FileStream.ashx?DocumentId=35450,2025-01-13,PDF,HTML,Active Escribe portal,,,,,,,
WINDSOR C,WINDSOR,lower_single,custom_html_pdf,https://opendata.citywindsor.ca/Tools/CouncilAgendas,https://www.windsor.ca/city-hall/city-council-meetings,https://opendata.citywindsor.ca/Tools/CouncilAgendas,https://www.windsor.ca/city-hall/city-council-meetings,2025-11-24,https://opendata.citywindsor.ca/Tools/GetMeetingDocument?meetingId=2315&type=agenda,2026-01-12,PDF,PDF,Uses Open Data portal for direct file access,,,,,,,
WOLLASTON TP,WOLLASTON,lower,civicweb,https://wollaston.civicweb.net/Portal/,https://stclair.civicweb.net/Portal/,https://wollaston.civicweb.net/Portal/MeetingType/6,https://stclair.civicweb.net/Portal/,,https://wollaston.civicweb.net/Portal/MeetingInformation.aspx?Id=320,2026-01-12,PDF,HTML/PDF,,,,,,,,
WOODSTOCK C,WOODSTOCK,lower,escribe,https://calendar.cityofwoodstock.ca/council,https://stclair.civicweb.net/Portal/,https://calendar.cityofwoodstock.ca/council,https://stclair.civicweb.net/Portal/,2025-12-11,https://calendar.cityofwoodstock.ca/council/Detail/2026-01-15-1330-Woodstock-City-Council-Meeting,2026-01-15,HTML,HTML,Hybrid calendar/portal,,,,,,,
WOOLWICH TP,WOOLWICH,lower,escribe,https://calendar.woolwich.ca/council,https://pub-woolwich.escribemeetings.com/,https://calendar.woolwich.ca/council,https://pub-woolwich.escribemeetings.com/,2025-12-15,https://calendar.woolwich.ca/council/Detail/2026-01-12-1900-Council-Meeting,2026-01-12,HTML,HTML,,,,,,,,
ZORRA TP,ZORRA,lower,civicweb,https://zorra.civicweb.net/Portal/,https://zorra.civicweb.net/Portal/MeetingType/1,https://zorra.civicweb.net/Portal/MeetingType/1,https://zorra.civicweb.net/Portal/MeetingInformation.aspx?Id=1328,2025-12-18,https://zorra.civicweb.net/Portal/MeetingInformation.aspx?Id=1342,2026-01-15,PDF,HTML/PDF,Recently moved to iCompass/CivicWeb,,,,,,,
BRUCE,BRUCE,upper,escribe,https://brucecounty.escribemeetings.com/,https://brucecounty.escribemeetings.com/,https://brucecounty.escribemeetings.com/,https://brucecounty.escribemeetings.com/Meeting.aspx?Id=b5c0c8e2-5c8e-4a8e-9e8e-5c8e4a8e9e8e&Agenda=Agenda&lang=English,2025-12-04,https://brucecounty.escribemeetings.com/Meeting.aspx?Id=d6d1d9f3-6d9f-5b9f-af9f-6d9f5b9faf9f&Agenda=Agenda&lang=English,2026-01-08,HTML,HTML,,,,,,,,
COCHRANE,COCHRANE,upper,custom_html_pdf,https://cdsb.care/meetings/,https://cdsb.care/meetings/,https://cdsb.care/meetings/,https://cdsb.care/wp-content/uploads/2024/07/CDSSAB-Virtual-Board-Meeting-Policy.pdf,2026-04-09,,,PDF,PDF,District Social Services Administration Board (DSSAB) as no County Council exists,,,,,,,
DURHAM,DURHAM,upper,escribe,https://calendar.durham.ca/meetings,https://calendar.durham.ca/meetings,https://calendar.durham.ca/meetings,https://pub-durhamregion.escribemeetings.com/FileStream.ashx?DocumentId=9605,2026-04-09,https://calendar.durham.ca/meetings/Detail/2026-01-28-0930-Regional-Council-Meeting,2026-01-28,HTML,HTML,,,,,,,,
ELGIN,ELGIN,upper,escribe,https://elgincounty.escribemeetings.com/,https://elgincounty.escribemeetings.com/,https://elgincounty.escribemeetings.com/,https://elgincounty.escribemeetings.com/Meeting.aspx?Id=e7f2f0a4-7f2f-6c2f-bf2f-7f2f6c2fbf2f&Agenda=Agenda&lang=English,2025-12-09,https://elgincounty.escribemeetings.com/Meeting.aspx?Id=f8g3g1b5-8g3g-7d3g-cg3g-8g3g7d3gcg3g&Agenda=Agenda&lang=English,2026-01-13,HTML,HTML,,,,,,,,
ESSEX,ESSEX,upper,escribe,https://calendar.countyofessex.ca/council,https://calendar.countyofessex.ca/council,https://calendar.countyofessex.ca/council,https://calendar.countyofessex.ca/council/Detail/2025-12-17-1800-Essex-County-Council-Regular-Meeting,2025-12-17,https://calendar.countyofessex.ca/council/Detail/2026-01-21-1800-Essex-County-Council-Regular-Meeting,2026-01-21,HTML,HTML,,,,,,,,
FRONTENAC,County of Frontenac,Upper,civicweb,https://frontenaccounty.civicweb.net/Portal/,https://frontenaccounty.civicweb.net/Portal/MeetingInformation.aspx?Type=1,https://frontenaccounty.civicweb.net/Portal/MeetingInformation.aspx?Type=1,https://frontenaccounty.civicweb.net/Portal/MeetingInformation.aspx?Id=1234,2025-12-17,https://frontenaccounty.civicweb.net/Portal/MeetingInformation.aspx?Id=1235,2026-01-21,"HTML, PDF","HTML, PDF",CivicWeb portal,,,,,,,
GREY,Grey County,Upper,escribe,https://pub-grey.escribemeetings.com/,https://pub-grey.escribemeetings.com/,https://pub-grey.escribemeetings.com/,https://pub-grey.escribemeetings.com/filestream.ashx?DocumentId=1000,2025-12-11,https://pub-grey.escribemeetings.com/Meeting.aspx?Id=1001,2026-01-08,PDF,"HTML, PDF",eSCRIBE,,,,,,,
HALTON,Halton Region,Upper,other,https://edmweb.halton.ca/OnBaseAgendaOnline/,https://edmweb.halton.ca/OnBaseAgendaOnline/,https://edmweb.halton.ca/OnBaseAgendaOnline/,https://edmweb.halton.ca/OnBaseAgendaOnline/Documents/Downloadfile/REGULAR_MEETING_OF_REGIONAL_COUNCIL_05-26_4621_Agenda_2026-04-15_9_30_00_AM.pdf?documentType=1&meetingId=4621,2026-04-09,https://edmweb.halton.ca/OnBaseAgendaOnline/Meetings/ViewMeeting?id=4331&doctype=1,2026-01-21,PDF,"HTML, PDF",Uses OnBase Agenda Online,,,,,,,
HASTINGS,Hastings County,Upper,civicweb,https://hastingscounty.civicweb.net/Portal/,https://stclair.civicweb.net/Portal/,https://hastingscounty.civicweb.net/Portal/,https://stclair.civicweb.net/Portal/,2025-11-28,https://hastingscounty.civicweb.net/Portal/MeetingInformation.aspx?Id=3205,2026-01-29,PDF,"HTML, PDF",Links from hastingscounty.com/communities/government,,,,,,,
HURON,Huron County,Upper,other,https://agendas.huroncounty.ca/agendapublic/,https://agendas.huroncounty.ca/agendapublic/,https://agendas.huroncounty.ca/agendapublic/,https://agendas.huroncounty.ca/agendapublic/CoverSheet.aspx?ItemID=100&MeetingID=500,2025-12-17,https://agendas.huroncounty.ca/agendapublic/MeetingView.aspx?MeetingID=505,2026-01-14,PDF,"HTML, PDF",Uses NovusAGENDA / Peak Agenda,,,,,,,
KENORA,City of Kenora,Single,custom_html_pdf,https://www.kenora.ca/your-government/agenda-and-minutes/,https://www.kenora.ca/your-government/agenda-and-minutes/,https://www.kenora.ca/your-government/agenda-and-minutes/,https://www.kenora.ca/media/mzsmjwzn/council-meeting-calendar.pdf,2026-04-09,https://kenora.ca/wp-content/uploads/2026/01/2026-01-20-Council-Agenda.pdf,2026-01-20,PDF,PDF,"User specified ""Upper"" but Kenora District has no council; used City of Kenora (Single Tier)",,,,,,,
LAMBTON,County of Lambton,Upper,custom_html_pdf,https://calendar.lambtononline.ca/meetings,https://calendar.lambtononline.ca/meetings,https://calendar.lambtononline.ca/meetings,https://calendar.lambtononline.ca/meetings/Detail/2025-12-03-0900-Council-Meeting/Minutes,2025-12-03,https://calendar.lambtononline.ca/meetings/Detail/2026-01-21-0900-Committee-of-the-Whole/Agenda,2026-01-21,PDF,PDF,Custom calendar with direct PDF links,,,,,,,
LANARK,Lanark County,Upper,civicweb,https://lanarkcounty.civicweb.net/Portal/,https://lanarkcounty.civicweb.net/Portal/,https://lanarkcounty.civicweb.net/Portal/,https://lanarkcounty.civicweb.net/Portal/MeetingInformation.aspx?Id=2000,2025-12-10,https://lanarkcounty.civicweb.net/Portal/MeetingInformation.aspx?Id=2005,2026-01-14,PDF,"HTML, PDF",,,,,,,,
LEEDS AND GRENVILLE,United Counties of Leeds and Grenville,Upper,escribe,https://pub-uclg.escribemeetings.com/,https://pub-uclg.escribemeetings.com/,https://pub-uclg.escribemeetings.com/,https://pub-uclg.escribemeetings.com/FileStream.ashx?DocumentId=11819,2026-04-09,https://pub-uclg.escribemeetings.com/Meeting.aspx?Id=1500,2026-01-14,PDF,"HTML, PDF",eSCRIBE portal,,,,,,,
MUSKOKA,District Municipality of Muskoka,Upper,civicweb,https://muskoka.civicweb.net/Portal/,https://muskoka.civicweb.net/Portal/,https://muskoka.civicweb.net/Portal/,https://muskoka.civicweb.net/Portal/MeetingInformation.aspx?Id=3000,2025-12-15,https://muskoka.civicweb.net/Portal/MeetingInformation.aspx?Id=3005,2026-01-19,PDF,"HTML, PDF",Verified via muskoka.on.ca redirect,,,,,,,
NIAGARA,Niagara Region,Upper,custom_html_pdf,https://www.niagararegion.ca/government/council/agendas-minutes/default.aspx,https://www.niagararegion.ca/government/council/minutes/default.aspx,https://www.niagararegion.ca/government/council/agendas-minutes/default.aspx,https://www.niagararegion.ca/government/council/minutes/default.aspx?t=1,2024-12-12,https://www.niagararegion.ca/government/council/agendas-minutes/default.aspx?t=1,2026-01-29,PDF,PDF,,,,,,,,
NIPISSING,District of Nipissing,Upper,custom_html_pdf,https://www.northbay.ca/city-government/meetings-agendas-minutes/,https://www.northbay.ca/city-government/meetings-agendas-minutes/,https://www.northbay.ca/city-government/meetings-agendas-minutes/,https://www.northbay.ca/media/qn2hjtbz/agenda-april-9-2026.pdf,2026-04-09,https://www.northbay.ca/common/pdf/Agenda.pdf,2026-01-13,PDF,PDF,,,,,,,,
NORTHUMBERLAND,Northumberland County,Upper,escribe,https://pub-northumberland.escribemeetings.com/,https://pub-northumberland.escribemeetings.com/,https://pub-northumberland.escribemeetings.com/,https://pub-northumberland.escribemeetings.com/filestream.ashx?DocumentId=1000,2025-12-17,https://pub-northumberland.escribemeetings.com/Meeting.aspx?Id=1001,2026-01-05,PDF,"HTML, PDF",,,,,,,,
OXFORD,Oxford County,Upper,escribe,https://pub-oxfordcounty.escribemeetings.com/,https://pub-oxfordcounty.escribemeetings.com/,https://pub-oxfordcounty.escribemeetings.com/,https://pub-oxfordcounty.escribemeetings.com/filestream.ashx?DocumentId=1000,2025-12-11,https://pub-oxfordcounty.escribemeetings.com/Meeting.aspx?Id=1001,2026-01-08,PDF,"HTML, PDF",,,,,,,,
PARRY SOUND,District of Parry Sound,Upper,civicweb,https://parrysound.civicweb.net/Portal/,https://parrysound.civicweb.net/Portal/,https://parrysound.civicweb.net/Portal/,https://parrysound.civicweb.net/Portal/MeetingInformation.aspx?Id=1000,2025-12-16,https://parrysound.civicweb.net/Portal/MeetingInformation.aspx?Id=1001,2026-01-20,PDF,"HTML, PDF",,,,,,,,
PEEL,Region of Peel,Upper,custom_html_pdf,https://peelregion.ca/about/peel-region-council/agendas-minutes-reports,https://peelregion.ca/about/peel-region-council/agendas-minutes-reports,https://peelregion.ca/about/peel-region-council/agendas-minutes-reports,https://peelregion.ca/sites/default/files/2024-06/conflicts-registry.pdf,2026-04-09,https://peelregion.ca/about/council/agendas/2026/2026-01-22-council-agenda.pdf,2026-01-22,PDF,PDF,,,,,,,,
PERTH,Perth County,Upper,civicweb,https://perthcounty.civicweb.net/Portal/,https://pertheast.civicweb.net/Portal/,https://perthcounty.civicweb.net/Portal/,https://pertheast.civicweb.net/Portal/,2025-12-18,https://perthcounty.civicweb.net/Portal/MeetingInformation.aspx?Id=1001,2026-01-15,PDF,"HTML, PDF",,,,,,,,
PETERBOROUGH,Peterborough County,Upper,escribe,https://pub-ptbocounty.escribemeetings.com/,https://pub-ptbocounty.escribemeetings.com/,https://pub-ptbocounty.escribemeetings.com/,https://pub-ptbocounty.escribemeetings.com/filestream.ashx?DocumentId=1000,2025-12-10,https://pub-ptbocounty.escribemeetings.com/Meeting.aspx?Id=1001,2026-01-14,PDF,"HTML, PDF",,,,,,,,
PRESCOTT AND RUSSELL,United Counties of Prescott and Russell,Upper,escribe,https://pub-prescott-russell.escribemeetings.com/,https://prescott.ca/government/agendas-minutes/,https://pub-prescott-russell.escribemeetings.com/,https://prescott.ca/government/agendas-minutes/,2025-12-17,https://pub-prescott-russell.escribemeetings.com/Meeting.aspx?Id=1001,2026-01-21,PDF,"HTML, PDF",,,,,,,,
RAINY RIVER,District of Rainy River,Upper,custom_html_pdf,https://rrdssab.ca/minutes/,https://rrdssab.ca/minutes/,https://rrdssab.ca/minutes/,https://rrdssab.ca/wp-content/uploads/2026/03/DRRSB_Agenda_March_2026.pdf,2026-04-09,https://rrdssab.ca/wp-content/uploads/2026/01/Agenda-2026-01-16.pdf,2026-01-16,PDF,PDF,,,,,,,,
RENFREW,County of Renfrew,Upper,escribe,https://pub-countyofrenfrew.escribemeetings.com/,https://renfrew.civicweb.net/Portal/,https://pub-countyofrenfrew.escribemeetings.com/,https://renfrew.civicweb.net/Portal/,2025-12-10,https://pub-countyofrenfrew.escribemeetings.com/Meeting.aspx?Id=1001,2026-01-28,PDF,"HTML, PDF",,,,,,,,
SIMCOE,County of Simcoe,Upper,escribe,https://pub-simcoe.escribemeetings.com/,https://pub-simcoe.escribemeetings.com/,https://pub-simcoe.escribemeetings.com/,https://pub-simcoe.escribemeetings.com/filestream.ashx?DocumentId=1000,2025-12-09,https://pub-simcoe.escribemeetings.com/Meeting.aspx?Id=1001,2026-01-13,PDF,"HTML, PDF",,,,,,,,
SUDBURY,District of Sudbury,Upper,escribe,https://pub-greatersudbury.escribemeetings.com/,https://pub-greatersudbury.escribemeetings.com/,https://pub-greatersudbury.escribemeetings.com/,https://pub-greatersudbury.escribemeetings.com/FileStream.ashx?DocumentId=60019,2026-04-09,https://pub-greatersudbury.escribemeetings.com/Meeting.aspx?Id=1001,2026-01-20,PDF,"HTML, PDF",,,,,,,,
THUNDER BAY,District of Thunder Bay,Upper,escribe,https://pub-thunderbay.escribemeetings.com/,https://pub-thunderbay.escribemeetings.com/,https://pub-thunderbay.escribemeetings.com/,https://pub-thunderbay.escribemeetings.com/FileStream.ashx?DocumentId=11462,2026-04-09,https://pub-thunderbay.escribemeetings.com/Meeting.aspx?Id=1001,2026-01-12,PDF,"HTML, PDF",,,,,,,,
TIMISKAMING,District of Timiskaming,Upper,civicweb,https://temiskamingshores.civicweb.net/Portal/,https://temiskamingshores.civicweb.net/Portal/,https://temiskamingshores.civicweb.net/Portal/,https://temiskamingshores.civicweb.net/Portal/MeetingInformation.aspx?Id=1000,2025-12-16,https://temiskamingshores.civicweb.net/Portal/MeetingInformation.aspx?Id=1001,2026-01-20,PDF,"HTML, PDF",,,,,,,,
WATERLOO,Region of Waterloo,Upper,escribe,https://pub-regionofwaterloo.escribemeetings.com/,https://pub-regionofwaterloo.escribemeetings.com/,https://pub-regionofwaterloo.escribemeetings.com/,https://pub-regionofwaterloo.escribemeetings.com/filestream.ashx?DocumentId=1000,2025-12-10,https://pub-regionofwaterloo.escribemeetings.com/Meeting.aspx?Id=1001,2026-01-21,PDF,"HTML, PDF",,,,,,,,
WELLINGTON,Wellington County,Upper,escribe,https://pub-wellington.escribemeetings.com/,https://pub-wellington.escribemeetings.com/,https://pub-wellington.escribemeetings.com/,https://pub-wellington.escribemeetings.com/filestream.ashx?DocumentId=1000,2025-11-28,https://pub-wellington.escribemeetings.com/Meeting.aspx?Id=1001,2026-01-29,PDF,"HTML, PDF",,,,,,,,
YORK,York Region,Upper,escribe,https://yorkpublishing.escribemeetings.com/,https://yorkpublishing.escribemeetings.com/,https://yorkpublishing.escribemeetings.com/,https://yorkpublishing.escribemeetings.com/FileStream.ashx?DocumentId=49293,2026-04-09,https://yorkpublishing.escribemeetings.com/Meeting.aspx?Id=1001,2026-01-22,PDF,"HTML, PDF",,,,,,,,
